date,ICLN,TAN,PBW,XLE,XOP,KRBN,SPY
2010-01-04,16.077163696289062,78.31554412841797,40.851261138916016,17.144624710083008,132.96937561035156,,84.57850646972656
2010-01-05,16.50748062133789,81.64340209960938,41.31917190551758,17.2845516204834,134.0790252685547,,84.80236053466797
2010-01-06,16.648576736450195,81.56945037841797,41.93104553222656,17.49154281616211,135.58929443359375,,84.86209106445312
2010-01-07,16.68384552001953,81.939208984375,41.823062896728516,17.465303421020508,134.7879180908203,,85.22029113769531
2010-01-08,16.831993103027344,83.41826629638672,42.32697296142578,17.578996658325195,135.8358917236328,,85.5038833618164
2010-01-11,16.93781280517578,83.56615447998047,42.36294174194336,17.555679321289062,134.3256072998047,,85.62330627441406
2010-01-12,16.429887771606445,80.68201446533203,41.31917190551758,17.302053451538086,131.1508331298828,,84.82475280761719
2010-01-13,16.542753219604492,80.90388488769531,41.10322952270508,17.366180419921875,132.4762725830078,,85.54120635986328
2010-01-14,16.098329544067383,78.01971435546875,40.20341491699219,17.415748596191406,133.70913696289062,,85.77256774902344
2010-01-15,15.675057411193848,74.39606475830078,39.23161697387695,17.275814056396484,132.5377960205078,,84.80982971191406
2010-01-19,15.576292037963867,74.32210540771484,39.41157913208008,17.4332332611084,133.52410888671875,,85.86959075927734
2010-01-20,14.9555025100708,71.36402130126953,38.83570098876953,17.1621150970459,132.2604522705078,,84.99636840820312
2010-01-21,14.652159690856934,69.44125366210938,37.611968994140625,16.812284469604492,130.38023376464844,,83.36203002929688
2010-01-22,14.10896110534668,65.66968536376953,35.9923095703125,16.412891387939453,127.63703155517578,,81.50373077392578
2010-01-25,14.28532600402832,67.59246063232422,36.49620819091797,16.520763397216797,128.77749633789062,,81.921630859375
2010-01-26,14.28532600402832,67.81431579589844,36.31624221801758,16.415809631347656,126.89729309082031,,81.5783462524414
2010-01-27,14.024307250976562,66.8529281616211,36.10028839111328,16.351675033569336,125.91098022460938,,81.96639251708984
2010-01-28,13.904382705688477,65.96549987792969,35.12849426269531,16.17967414855957,124.6472396850586,,81.02611541748047
2010-01-29,13.572820663452148,64.85620880126953,34.40864944458008,15.888137817382812,121.6265640258789,,80.14543914794922
2010-02-01,14.017251968383789,66.63106536865234,35.344444274902344,16.412891387939453,126.83562469482422,,81.39179229736328
2010-02-02,14.10896110534668,67.6664047241211,35.63237380981445,16.628623962402344,129.33224487304688,,82.37689208984375
2010-02-03,14.10896110534668,67.74034881591797,35.596397399902344,16.48577880859375,127.20550537109375,,81.96639251708984
2010-02-04,13.269476890563965,63.377166748046875,33.32888412475586,15.809436798095703,121.53411865234375,,79.43647766113281
2010-02-05,13.318861961364746,63.45112228393555,33.472843170166016,15.812352180480957,121.68820190429688,,79.60064697265625
2010-02-08,12.994355201721191,60.936729431152344,32.93295669555664,15.666590690612793,120.8868408203125,,79.02595520019531
2010-02-09,13.375299453735352,62.489742279052734,33.25689697265625,15.996009826660156,123.38351440429688,,80.0185775756836
2010-02-10,13.071953773498535,60.86279296875,33.616817474365234,15.928956031799316,123.0752944946289,,79.86185455322266
2010-02-11,13.213043212890625,62.63764953613281,34.3726692199707,16.20008087158203,125.29448699951172,,80.69770050048828
2010-02-12,13.177769660949707,61.602317810058594,34.5526123046875,16.205915451049805,125.75685119628906,,80.63052368164062
2010-02-16,13.6433687210083,64.5604019165039,35.20048141479492,16.587812423706055,129.60971069335938,,81.89925384521484
2010-02-17,13.495220184326172,63.746917724609375,35.2724723815918,16.564485549926758,129.02407836914062,,82.28734588623047
2010-02-18,13.53754997253418,63.894840240478516,35.38044357299805,16.657779693603516,129.64053344726562,,82.77242279052734
2010-02-19,13.269476890563965,61.824153900146484,34.912532806396484,16.721912384033203,130.3494415283203,,82.9440689086914
2010-02-22,13.142499923706055,61.010684967041016,34.84054946899414,16.491607666015625,127.57537078857422,,82.9590072631836
2010-02-23,12.740392684936523,58.86607360839844,34.0487174987793,16.21757698059082,124.43148803710938,,81.95148468017578
2010-02-24,12.634575843811035,57.90469741821289,33.79679870605469,16.31960678100586,125.66436767578125,,82.70525360107422
2010-02-25,12.578142166137695,57.534934997558594,34.15670394897461,16.32835578918457,125.91098022460938,,82.59333801269531
2010-02-26,12.613409996032715,57.387027740478516,33.76079177856445,16.36625099182129,126.46575164794922,,82.64553833007812
2010-03-01,12.676901817321777,57.09121322631836,34.336666107177734,16.517852783203125,128.31507873535156,,83.50381469726562
2010-03-02,12.719232559204102,57.75679016113281,34.58860778808594,16.654865264892578,129.42478942871094,,83.73515319824219
2010-03-03,13.064899444580078,59.82745361328125,34.876548767089844,16.727745056152344,130.4418487548828,,83.8097915649414
2010-03-04,13.12839126586914,60.27117156982422,34.76856994628906,16.640289306640625,129.3631134033203,,84.06352996826172
2010-03-05,13.311807632446289,61.52834701538086,35.30846405029297,16.952213287353516,131.8905792236328,,85.26509094238281
2010-03-08,13.149550437927246,61.15859603881836,35.23646926879883,16.925981521606445,131.27410888671875,,85.27998352050781
2010-03-09,13.050792694091797,60.34512710571289,35.344444274902344,16.925981521606445,132.0138702392578,,85.42180633544922
2010-03-10,13.227151870727539,62.11996841430664,35.63237380981445,17.074657440185547,134.14060974121094,,85.80242156982422
2010-03-11,13.361189842224121,62.26789093017578,36.10028839111328,17.04550552368164,134.3564453125,,86.16065216064453
2010-03-12,13.39646053314209,63.08137130737305,36.20826721191406,17.05425453186035,134.66456604003906,,86.16812133789062
2010-03-15,13.213043212890625,61.75020980834961,35.77634811401367,16.87934112548828,133.15428161621094,,86.19049835205078
2010-03-16,13.255373001098633,62.11996841430664,35.92033386230469,17.030929565429688,134.14060974121094,,86.8770980834961
2010-03-17,13.424677848815918,62.34184265136719,36.13628005981445,17.217510223388672,134.66456604003906,,87.39202880859375
2010-03-18,13.16366195678711,60.86279296875,35.668373107910156,16.96095848083496,130.84266662597656,,87.34729766845703
2010-03-19,12.902649879455566,59.90141296386719,34.76856994628906,16.75705909729004,129.13705444335938,,86.90509796142578
2010-03-22,12.839157104492188,59.531639099121094,35.12849426269531,16.713178634643555,128.4584503173828,,87.3697280883789
2010-03-23,13.008464813232422,60.566978454589844,35.596397399902344,16.777536392211914,130.43238830566406,,87.98424530029297
2010-03-24,12.95202922821045,60.27117156982422,35.48841857910156,16.680999755859375,130.21646118164062,,87.5571060180664
2010-03-25,12.909698486328125,60.27117156982422,35.056514739990234,16.40015411376953,126.36119842529297,,87.41472625732422
2010-03-26,13.100171089172363,62.11996841430664,35.48841857910156,16.40599822998047,125.43594360351562,,87.36225128173828
2010-03-29,13.325910568237305,63.2292594909668,35.84832763671875,16.72488021850586,128.76693725585938,,87.91678619384766
2010-03-30,13.290642738342285,63.377166748046875,36.24425506591797,16.751203536987305,128.92112731933594,,87.97673034667969
2010-03-31,13.290642738342285,63.30321502685547,35.84832763671875,16.8272647857666,129.93893432617188,,87.6769790649414
2010-04-01,13.410571098327637,63.45112228393555,35.9923095703125,17.125669479370117,133.6400146484375,,88.2765121459961
2010-04-05,13.474059104919434,63.45112228393555,36.17227554321289,17.429914474487305,136.6317138671875,,88.99589538574219
2010-04-06,13.459954261779785,63.15531539916992,36.10028839111328,17.429914474487305,136.26158142089844,,89.20571899414062
2010-04-07,13.69980239868164,64.85620880126953,36.42422103881836,17.257312774658203,135.02792358398438,,88.6961441040039
2010-04-08,13.685691833496094,64.85620880126953,36.53218460083008,17.318744659423828,135.02792358398438,,89.00337982177734
2010-04-09,13.657474517822266,63.96878433227539,36.28024673461914,17.5030517578125,137.4027099609375,,89.58789825439453
2010-04-12,13.784452438354492,64.70831298828125,36.38823318481445,17.54400634765625,137.0018310546875,,89.73025512695312
2010-04-13,13.883222579956055,65.15203094482422,36.53218460083008,17.48257064819336,136.60089111328125,,89.7977066040039
2010-04-14,14.052526473999023,66.26129913330078,36.89213180541992,17.649324417114258,137.83460998535156,,90.81685638427734
2010-04-15,14.158341407775879,67.37059783935547,37.57597732543945,17.64639663696289,137.83460998535156,,90.89180755615234
2010-04-16,13.763291358947754,63.82087326049805,36.784156799316406,17.34800910949707,134.81199645996094,,89.44551849365234
2010-04-19,13.48111343383789,62.71160125732422,36.42422103881836,17.37140655517578,133.91763305664062,,89.78272247314453
2010-04-20,13.636311531066895,64.4864501953125,37.10807418823242,17.710758209228516,136.72422790527344,,90.58454895019531
2010-04-21,13.424677848815918,63.2292594909668,36.96410369873047,17.693204879760742,136.23074340820312,,90.41969299316406
2010-04-22,13.424677848815918,63.377166748046875,37.28803253173828,17.737098693847656,137.3719024658203,,90.68948364257812
2010-04-23,13.551656723022461,64.1906509399414,37.647945404052734,18.16420555114746,141.35061645507812,,91.281494140625
2010-04-26,13.39646053314209,63.894840240478516,37.39601135253906,18.10276985168457,140.79542541503906,,90.93675231933594
2010-04-27,12.930864334106445,61.30650329589844,36.28024673461914,17.546937942504883,136.13821411132812,,88.78607940673828
2010-04-28,12.817991256713867,60.71487045288086,36.28024673461914,17.725383758544922,137.156005859375,,89.46052551269531
2010-04-29,13.325910568237305,64.1906509399414,37.21604919433594,17.74586296081543,137.9578857421875,,90.5696029663086
2010-04-30,12.980244636535645,62.41577911376953,36.38823318481445,17.52645492553711,137.80369567871094,,89.03337097167969
2010-05-03,13.269476890563965,63.15531539916992,37.10807418823242,17.725383758544922,140.73379516601562,,90.1873779296875
2010-05-04,12.620469093322754,59.45770263671875,35.344444274902344,17.251461029052734,137.03265380859375,,88.06666564941406
2010-05-05,12.105490684509277,57.387027740478516,34.51662826538086,16.979389190673828,134.04098510742188,,87.54208374023438
2010-05-06,11.618730545043945,53.68940734863281,32.75300216674805,16.40015411376953,129.35293579101562,,84.63452911376953
2010-05-07,11.329496383666992,52.6540641784668,31.92518424987793,16.087125778198242,124.97335815429688,,83.37557220458984
2010-05-10,12.14781665802002,57.01727294921875,34.08472442626953,16.77461051940918,131.4810333251953,,87.04755401611328
2010-05-11,11.8585844039917,55.09450912475586,34.12070846557617,16.663440704345703,130.58665466308594,,86.80022430419922
2010-05-12,11.964401245117188,55.98192596435547,34.912532806396484,16.89455223083496,134.59608459472656,,88.01419067382812
2010-05-13,11.710440635681152,55.02054977416992,34.732582092285156,16.786312103271484,133.9484100341797,,86.92013549804688
2010-05-14,11.414153099060059,53.17173767089844,33.76079177856445,16.452804565429688,131.08004760742188,,85.34642791748047
2010-05-17,11.110808372497559,51.47084045410156,33.4008674621582,16.283132553100586,128.39678955078125,,85.39136505126953
2010-05-18,10.828625679016113,49.84389114379883,32.39308547973633,16.157331466674805,127.74906158447266,,84.22986602783203
2010-05-19,10.807465553283691,49.326210021972656,31.853185653686523,15.973030090332031,126.02192687988281,,83.75027465820312
2010-05-20,10.53233814239502,47.773223876953125,30.41349983215332,15.259228706359863,119.3599853515625,,80.58790588378906
2010-05-21,10.6804838180542,49.40018081665039,31.09735679626465,15.525442123413086,121.76567077636719,,81.76441955566406
2010-05-24,10.426525115966797,47.55136489868164,30.341524124145508,15.171462059020996,118.95899963378906,,80.71527099609375
2010-05-25,10.327760696411133,46.81183624267578,29.873632431030273,15.206568717956543,119.45254516601562,,80.7977066040039
2010-05-26,10.200780868530273,47.18159866333008,30.341524124145508,15.174385070800781,120.40861511230469,,80.31063842773438
2010-05-27,10.786301612854004,50.805267333984375,32.14113235473633,15.817988395690918,126.82382202148438,,83.00089263916016
2010-05-28,10.729863166809082,49.252262115478516,31.529258728027344,15.519585609436035,126.36119842529297,,81.95926666259766
2010-06-01,10.363031387329102,47.40346145629883,30.701452255249023,14.782368659973145,121.61149597167969,,80.58037567138672
2010-06-02,10.55350399017334,48.73460006713867,31.529258728027344,15.423057556152344,128.5202178955078,,82.67867279052734
2010-06-03,10.6804838180542,49.1043586730957,32.03315353393555,15.630746841430664,131.85116577148438,,82.96341705322266
2010-06-04,10.27132511138916,47.4774055480957,30.41349983215332,15.080772399902344,126.05281829833984,,80.04835510253906
2010-06-07,10.045581817626953,45.11094284057617,29.441709518432617,14.94912338256836,124.72652435302734,,79.05167388916016
2010-06-08,10.038525581359863,45.33279800415039,29.26175308227539,15.197783470153809,126.1144790649414,,79.89847564697266
2010-06-09,9.98209285736084,45.25883865356445,29.117788314819336,15.039810180664062,125.25091552734375,,79.4713134765625
2010-06-10,10.574666976928711,48.882503509521484,30.44948959350586,15.79457950592041,131.5427703857422,,81.79437255859375
2010-06-11,10.793356895446777,50.28759765625,30.917387008666992,15.891117095947266,132.6222686767578,,82.19153594970703
2010-06-14,10.85684585571289,50.435508728027344,31.20534324645996,15.809207916259766,132.4370880126953,,82.06417083740234
2010-06-15,11.371822357177734,53.31965637207031,32.68102264404297,16.27143096923828,136.1690673828125,,83.9300765991211
2010-06-16,11.29422664642334,52.949886322021484,32.573055267333984,16.259729385375977,136.41586303710938,,83.90010833740234
2010-06-17,11.329496383666992,53.615455627441406,32.573055267333984,16.242177963256836,135.3363037109375,,84.03502655029297
2010-06-18,11.414153099060059,53.98521041870117,32.86098098754883,16.342683792114258,135.84591674804688,,84.12612915039062
2010-06-21,11.45261001586914,53.76336669921875,32.32109069824219,16.307418823242188,134.36358642578125,,83.88520050048828
2010-06-22,11.15347671508789,52.432212829589844,31.673229217529297,15.831332206726074,129.4225616455078,,82.49976348876953
2010-06-23,11.288799285888672,52.50617599487305,31.81719970703125,15.71084213256836,129.0520477294922,,82.24378967285156
2010-06-24,10.961174964904785,50.28759765625,30.917387008666992,15.381695747375488,126.5815658569336,,80.88091278076172
2010-06-25,11.117864608764648,51.24897766113281,31.421289443969727,15.425774574279785,128.280029296875,,81.21977233886719
2010-06-28,10.95405387878418,50.50945281982422,31.34929656982422,15.217120170593262,126.36538696289062,,80.9637451171875
2010-06-29,10.434127807617188,48.14297866821289,29.909603118896484,14.714584350585938,121.1773452758789,,78.46401977539062
2010-06-30,10.398515701293945,47.69926452636719,29.72964096069336,14.59997272491455,120.40534210205078,,77.71861267089844
2010-07-01,10.605061531066895,49.1043586730957,29.909603118896484,14.547076225280762,118.95393371582031,,77.37222290039062
2010-07-02,10.790238380432129,49.84389114379883,30.017589569091797,14.511808395385742,117.96572875976562,,76.95062255859375
2010-07-06,10.932683944702148,50.953163146972656,30.197551727294922,14.652871131896973,117.99665069580078,,77.45508575439453
2010-07-07,11.45261001586914,54.20707702636719,31.24132537841797,15.170101165771484,122.81401824951172,,79.89461517333984
2010-07-08,11.516714096069336,55.98192596435547,31.78121566772461,15.384634017944336,124.8521728515625,,80.68521118164062
2010-07-09,11.72325611114502,56.94330978393555,32.465057373046875,15.463982582092285,124.97573852539062,,81.28753662109375
2010-07-12,11.495344161987305,55.46426773071289,31.74522590637207,15.422842979431152,124.23453521728516,,81.34026336669922
2010-07-13,11.609298706054688,56.35169982910156,32.39308547973633,15.607978820800781,126.0875015258789,,82.56755828857422
2010-07-14,11.6520357131958,56.64750289916992,32.573055267333984,15.590348243713379,125.59336853027344,,82.56001281738281
2010-07-15,11.758866310119629,57.23912048339844,32.35708999633789,15.572717666625977,125.59336853027344,,82.58258819580078
2010-07-16,11.48822021484375,55.90797424316406,31.385292053222656,15.202420234680176,121.30088806152344,,80.30873107910156
2010-07-19,11.595056533813477,57.01727294921875,31.709224700927734,15.299410820007324,121.1773452758789,,80.78307342529297
2010-07-20,11.830095291137695,57.387027740478516,32.213111877441406,15.649125099182129,124.35810852050781,,81.67908477783203
2010-07-21,11.644912719726562,56.869346618652344,31.853185653686523,15.393450736999512,122.90670776367188,,80.6174087524414
2010-07-22,12.029515266418457,59.161895751953125,32.96894836425781,15.734345436096191,125.3462905883789,,82.41696166992188
2010-07-23,12.179081916809082,59.82745361328125,33.724796295166016,15.804882049560547,126.0875015258789,,83.13224029541016
2010-07-26,12.271671295166016,60.566978454589844,34.58860778808594,15.943009376525879,128.24908447265625,,83.9981460571289
2010-07-27,12.107858657836914,59.08791732788086,33.79679870605469,15.866599082946777,126.0257339477539,,83.99057006835938
2010-07-28,12.008149147033691,58.64421463012695,33.3648796081543,15.831332206726074,124.66694641113281,,83.448486328125
2010-07-29,11.922680854797363,58.27445602416992,33.25689697265625,15.85484504699707,125.80953216552734,,83.04191589355469
2010-07-30,11.573691368103027,56.35169982910156,32.96894836425781,15.822518348693848,125.3154067993164,,83.02682495117188
2010-08-02,11.88707160949707,58.12653732299805,33.3648796081543,16.37500762939453,128.9902801513672,,84.90167236328125
2010-08-03,11.88707160949707,58.42235565185547,33.25689697265625,16.36913299560547,129.4225616455078,,84.49507904052734
2010-08-04,11.972538948059082,58.86607360839844,33.5808219909668,16.495502471923828,132.0166473388672,,85.05978393554688
2010-08-05,12.01526927947998,59.161895751953125,33.724796295166016,16.54840087890625,132.32550048828125,,84.9694595336914
2010-08-06,12.022391319274902,59.67953872680664,33.724796295166016,16.351497650146484,130.6269073486328,,84.62307739257812
2010-08-09,12.164836883544922,60.493019104003906,34.012733459472656,16.419092178344727,131.95481872558594,,85.07481384277344
2010-08-10,11.965414047241211,58.79210662841797,33.54481887817383,16.283912658691406,130.6269073486328,,84.61555480957031
2010-08-11,11.445489883422852,55.242401123046875,31.709224700927734,15.799006462097168,125.62421417236328,,82.29647827148438
2010-08-12,11.417000770568848,56.055885314941406,31.56525993347168,15.704963684082031,124.14193725585938,,81.79198455810547
2010-08-13,11.388511657714844,55.46426773071289,31.13334846496582,15.67851448059082,124.23453521728516,,81.55110168457031
2010-08-16,11.409875869750977,55.83403015136719,31.56525993347168,15.675565719604492,123.43168640136719,,81.51344299316406
2010-08-17,11.616421699523926,56.4256477355957,32.105140686035156,15.937127113342285,125.50069427490234,,82.51483154296875
2010-08-18,11.48822021484375,57.165164947509766,32.32109069824219,15.784309387207031,124.48165893554688,,82.66541290283203
2010-08-19,11.281678199768066,55.16845703125,31.24132537841797,15.528635025024414,122.65963745117188,,81.2273178100586
2010-08-20,11.103621482849121,54.65079116821289,30.989377975463867,15.337618827819824,120.77593231201172,,80.9637451171875
2010-08-23,11.110743522644043,53.91127014160156,30.77342414855957,15.343488693237305,121.0538558959961,,80.6550521850586
2010-08-24,10.875709533691406,51.98850631713867,30.089590072631836,15.105441093444824,118.3671646118164,,79.45791625976562
2010-08-25,10.882829666137695,52.136409759521484,30.41349983215332,15.058427810668945,117.44074249267578,,79.7666015625
2010-08-26,10.92556381225586,51.84059524536133,30.269548416137695,14.923246383666992,117.5025405883789,,79.23204040527344
2010-08-27,11.21757698059082,53.91127014160156,31.20534324645996,15.311164855957031,120.80677032470703,,80.45932006835938
2010-08-30,11.00390625,52.949886322021484,30.701452255249023,15.087812423706055,119.8803482055664,,79.29227447509766
2010-08-31,11.060885429382324,53.91127014160156,30.809436798095703,15.046671867370605,118.95393371582031,,79.29227447509766
2010-09-01,11.417000770568848,55.90797424316406,31.88920021057129,15.607978820800781,122.96845245361328,,81.66402435302734
2010-09-02,11.566568374633789,57.165164947509766,32.39308547973633,15.737283706665039,124.29634094238281,,82.42453002929688
2010-09-03,11.6733980178833,57.9786491394043,33.04092788696289,15.92830753326416,126.45805358886719,,83.49363708496094
2010-09-07,11.48822021484375,56.64750289916992,32.573055267333984,15.690272331237793,124.11101531982422,,82.5524673461914
2010-09-08,11.545199394226074,57.165164947509766,32.71701431274414,15.825454711914062,125.37718200683594,,83.13224029541016
2010-09-09,11.573691368103027,57.387027740478516,32.64501953125,15.85777759552002,125.2228012084961,,83.51624298095703
2010-09-10,11.587934494018555,57.46098327636719,32.573055267333984,16.02235221862793,126.61247253417969,,83.9378890991211
2010-09-13,11.744624137878418,58.0526008605957,33.00495147705078,16.151662826538086,128.1564483642578,,84.87154388427734
2010-09-14,11.915557861328125,58.79210662841797,33.32888412475586,16.095823287963867,127.84767150878906,,84.81880950927734
2010-09-15,11.794482231140137,58.42235565185547,33.04092788696289,16.063495635986328,126.7359848022461,,85.14258575439453
2010-09-16,11.872823715209961,59.161895751953125,33.1489143371582,15.990021705627441,126.05659484863281,,85.12001037597656
2010-09-17,11.680522918701172,58.49631881713867,33.04092788696289,15.910017967224121,125.2621078491211,,85.15179443359375
2010-09-20,11.7659912109375,58.86607360839844,33.724796295166016,16.178680419921875,127.33326721191406,,86.45379638671875
2010-09-21,11.773111343383789,59.08791732788086,33.616817474365234,16.19048500061035,126.77685546875,,86.27967834472656
2010-09-22,11.801603317260742,58.94002151489258,33.43685531616211,16.0723934173584,125.44757843017578,,85.85580444335938
2010-09-23,11.7659912109375,58.64421463012695,33.3648796081543,15.972013473510742,124.42737579345703,,85.15937042236328
2010-09-24,11.993904113769531,60.7888298034668,34.5526123046875,16.31743812561035,127.2096176147461,,86.91555786132812
2010-09-27,11.944049835205078,60.86279296875,34.336666107177734,16.25543975830078,126.86964416503906,,86.49922180175781
2010-09-28,12.107858657836914,61.010684967041016,34.69660186767578,16.37058448791504,127.67334747314453,,86.802001953125
2010-09-29,12.143471717834473,62.563690185546875,35.452423095703125,16.544763565063477,130.61012268066406,,86.65058898925781
2010-09-30,12.300159454345703,63.6729621887207,35.5604133605957,16.550676345825195,130.6410675048828,,86.39324951171875
2010-10-01,12.236061096191406,63.00739288330078,35.41642379760742,16.772098541259766,132.06307983398438,,86.75659942626953
2010-10-04,12.050881385803223,61.2325439453125,34.732582092285156,16.562477111816406,130.36288452148438,,86.10558319091797
2010-10-05,12.371384620666504,62.26789093017578,35.41642379760742,16.95218849182129,133.6397247314453,,87.83904266357422
2010-10-06,12.357141494750977,62.19392776489258,35.41642379760742,17.102754592895508,134.6289520263672,,87.83148956298828
2010-10-07,12.378503799438477,63.52507400512695,35.70437240600586,17.017139434814453,133.94888305664062,,87.72549438476562
2010-10-08,12.392754554748535,62.63764953613281,35.7403678894043,17.229703903198242,136.11276245117188,,88.2175521850586
2010-10-11,12.599295616149902,64.63434600830078,36.35224533081055,17.276941299438477,136.6383514404297,,88.30081939697266
2010-10-12,12.49958324432373,64.70831298828125,36.38823318481445,17.250370025634766,136.45278930664062,,88.57331848144531
2010-10-13,12.649152755737305,66.26129913330078,37.21604919433594,17.459980010986328,138.55496215820312,,89.26217651367188
2010-10-14,12.734618186950684,67.74034881591797,37.503990173339844,17.433408737182617,138.2766571044922,,88.91394805908203
2010-10-15,12.599295616149902,65.89155578613281,37.03608703613281,17.480653762817383,138.2148895263672,,89.09561920166016
2010-10-18,12.677639961242676,65.74363708496094,37.000099182128906,17.52788543701172,139.29696655273438,,89.53466796875
2010-10-19,12.13634967803955,62.26789093017578,35.7403678894043,17.179521560668945,135.61817932128906,,88.36138916015625
2010-10-20,12.350017547607422,63.2292594909668,36.064292907714844,17.400938034057617,136.5146484375,,89.22430419921875
2010-10-21,12.179081916809082,62.563690185546875,35.77634811401367,17.3920841217041,135.06170654296875,,89.42115020751953
2010-10-22,12.250306129455566,62.41577911376953,35.95632553100586,17.50722312927246,135.43267822265625,,89.58763885498047
2010-10-25,12.385629653930664,63.45112228393555,36.46021270751953,17.554460525512695,135.679931640625,,89.85257720947266
2010-10-26,12.271671295166016,63.82087326049805,36.64017105102539,17.589889526367188,135.1544189453125,,89.86775207519531
2010-10-27,12.228938102722168,63.6729621887207,36.67617416381836,17.516080856323242,134.5670623779297,,89.6103744506836
2010-10-28,12.264546394348145,64.26459503173828,36.35224533081055,17.477693557739258,134.59800720214844,,89.62550354003906
2010-10-29,12.07937240600586,62.19392776489258,35.9923095703125,17.489505767822266,135.5563201904297,,89.69364166259766
2010-11-01,11.951170921325684,61.38045120239258,35.596397399902344,17.51017189025879,137.4420623779297,,89.72391510009766
2010-11-02,12.221816062927246,62.41577911376953,36.38823318481445,17.702075958251953,139.29696655273438,,90.43547058105469
2010-11-03,12.321526527404785,63.00739288330078,36.53218460083008,17.740459442138672,139.88429260253906,,90.79884338378906
2010-11-04,12.542316436767578,64.11668395996094,37.503990173339844,18.304349899291992,143.7793426513672,,92.54741668701172
2010-11-05,12.449728965759277,64.33855438232422,37.75595474243164,18.395870208740234,144.1503143310547,,92.89562225341797
2010-11-08,12.456852912902832,64.93016815185547,38.079856872558594,18.45195960998535,145.6650390625,,92.72151947021484
2010-11-09,12.264546394348145,63.59902572631836,37.4320068359375,18.416534423828125,147.5198974609375,,92.05538177490234
2010-11-10,12.278793334960938,62.78554916381836,37.46799087524414,18.652721405029297,149.99302673339844,,92.4262924194336
2010-11-11,11.965414047241211,60.640933990478516,37.07208251953125,18.85938262939453,151.26039123535156,,92.07810974121094
2010-11-12,11.6733980178833,58.86607360839844,36.17227554321289,18.581863403320312,148.50914001464844,,90.98808288574219
2010-11-15,11.694769859313965,58.42235565185547,36.31624221801758,18.487380981445312,147.6126708984375,,90.85936737060547
2010-11-16,11.352901458740234,56.12984085083008,34.84054946899414,18.141965866088867,145.01588439941406,,89.44383239746094
2010-11-17,11.160597801208496,53.68940734863281,34.44462966918945,18.215778350830078,145.8815155029297,,89.4892349243164
2010-11-18,11.352901458740234,54.50288391113281,35.092498779296875,18.61729621887207,148.97288513183594,,90.80640411376953
2010-11-19,11.417000770568848,55.09450912475586,35.41642379760742,18.77376365661621,150.36399841308594,,91.05619812011719
2010-11-22,11.231821060180664,54.428924560546875,35.48841857910156,18.7147159576416,150.6422119140625,,90.98047637939453
2010-11-23,11.011031150817871,53.0977897644043,35.056514739990234,18.348630905151367,147.48898315429688,,89.66336059570312
2010-11-24,11.103621482849121,53.98521041870117,35.884342193603516,18.679290771484375,150.14749145507812,,90.98808288574219
2010-11-26,10.975418090820312,53.68940734863281,35.63237380981445,18.454912185668945,149.1583251953125,,89.92829895019531
2010-11-29,10.804485321044922,52.50617599487305,35.344444274902344,18.57891082763672,149.7456817626953,,90.20082092285156
2010-11-30,10.59081745147705,50.65736389160156,34.58860778808594,18.513957977294922,149.12747192382812,,89.69364166259766
2010-12-01,10.783116340637207,52.06245803833008,35.30846405029297,19.063095092773438,152.71339416503906,,91.60120391845703
2010-12-02,11.046643257141113,53.541507720947266,35.81235885620117,19.346521377563477,155.95932006835938,,92.7745361328125
2010-12-03,11.18908977508545,54.50288391113281,36.28024673461914,19.432132720947266,156.6394805908203,,93.0243148803711
2010-12-06,11.253189086914062,55.53822326660156,36.856117248535156,19.497081756591797,157.5050048828125,,92.92589569091797
2010-12-07,11.181962966918945,54.50288391113281,36.7121467590332,19.42326545715332,157.16497802734375,,92.97886657714844
2010-12-08,11.18908977508545,55.02054977416992,37.000099182128906,19.33174705505371,155.2792510986328,,93.31952667236328
2010-12-09,11.274554252624512,55.242401123046875,37.03608703613281,19.376035690307617,155.8665771484375,,93.68286895751953
2010-12-10,11.417000770568848,55.98192596435547,37.46799087524414,19.45574951171875,156.36122131347656,,94.22789001464844
2010-12-13,11.395633697509766,55.09450912475586,37.21604919433594,19.62108039855957,157.44314575195312,,94.28846740722656
2010-12-14,11.431244850158691,55.16845703125,36.856117248535156,19.52955436706543,156.1448211669922,,94.37171936035156
2010-12-15,11.253189086914062,54.576839447021484,36.7121467590332,19.42326545715332,155.433837890625,,93.94026184082031
2010-12-16,11.33153247833252,54.576839447021484,36.856117248535156,19.53251075744629,156.5775909423828,,94.48527526855469
2010-12-17,11.253189086914062,53.98521041870117,36.82013702392578,19.53932762145996,156.67979431152344,,94.58649444580078
2010-12-20,11.230956077575684,53.91127014160156,36.89213180541992,19.666851043701172,159.00161743164062,,94.8147964477539
2010-12-21,11.374388694763184,54.576839447021484,37.32402801513672,19.865528106689453,161.23068237304688,,95.41593933105469
2010-12-22,11.374388694763184,54.576839447021484,37.57597732543945,19.933731079101562,161.50927734375,,95.71271514892578
2010-12-23,11.331361770629883,54.94659423828125,37.611968994140625,19.990079879760742,161.57115173339844,,95.57571411132812
2010-12-27,11.302672386169434,54.49372100830078,37.46799087524414,19.91890525817871,160.67335510253906,,95.61376953125
2010-12-28,11.223784446716309,53.67706298828125,37.32402801513672,19.993040084838867,161.3544464111328,,95.75072479248047
2010-12-29,11.343836784362793,53.82554244995117,37.503990173339844,20.191730499267578,163.18101501464844,,95.81922149658203
2010-12-30,11.37259292602539,54.048274993896484,37.611968994140625,20.209518432617188,162.9023895263672,,95.66702270507812
2010-12-31,11.386968612670898,54.19675827026367,37.39601135253906,20.239173889160156,163.30479431152344,,95.68988037109375
2011-01-03,11.552306175231934,54.86492919921875,38.15186309814453,20.390409469604492,165.00750732421875,,96.6791000366211
2011-01-04,11.509177207946777,55.16190719604492,38.22382736206055,20.215457916259766,163.552490234375,,96.6258316040039
2011-01-05,11.480425834655762,55.16190719604492,38.439788818359375,20.295515060424805,164.10972595214844,,97.12805938720703
2011-01-06,11.430098533630371,55.16190719604492,38.25981903076172,20.102766036987305,163.30479431152344,,96.93782806396484
2011-01-07,11.33664608001709,55.38462448120117,38.25981903076172,20.24807357788086,163.89300537109375,,96.74757385253906
2011-01-10,11.466045379638672,56.79523849487305,38.76371765136719,20.168001174926758,164.57415771484375,,96.6258316040039
2011-01-11,11.588253021240234,57.611881256103516,38.97967529296875,20.50309944152832,166.40066528320312,,96.96826934814453
2011-01-12,11.86142349243164,58.87400817871094,39.5915412902832,20.784818649291992,167.97955322265625,,97.84336853027344
2011-01-13,11.897368431091309,58.57703399658203,39.37559509277344,20.72551155090332,167.4842529296875,,97.68354797363281
2011-01-14,11.83985710144043,58.057342529296875,39.30360794067383,20.950883865356445,169.00112915039062,,98.39124298095703
2011-01-18,12.192109107971191,60.87854766845703,39.915470123291016,21.08135414123535,170.42523193359375,,98.55865478515625
2011-01-19,12.06989860534668,59.319461822509766,38.65574645996094,20.82633399963379,168.04136657714844,,97.59225463867188
2011-01-20,12.048332214355469,59.54218673706055,38.25981903076172,20.67806625366211,165.22422790527344,,97.46289825439453
2011-01-21,12.084277153015137,59.987640380859375,37.97189712524414,20.78778648376465,165.00750732421875,,97.68354797363281
2011-01-24,12.379013061523438,62.36339569091797,38.691741943359375,20.864891052246094,166.33876037597656,,98.23904418945312
2011-01-25,12.127406120300293,60.0618782043457,38.007877349853516,20.805578231811523,164.60513305664062,,98.2923355102539
2011-01-26,11.990824699401855,59.6164436340332,38.33180618286133,21.30377197265625,169.3107147216797,,98.67279815673828
2011-01-27,12.062710762023926,59.987640380859375,38.40378952026367,21.179214477539062,168.66062927246094,,98.91629791259766
2011-01-28,11.667330741882324,58.1316032409668,37.36001968383789,21.087297439575195,169.37265014648438,,97.18891906738281
2011-01-31,11.85423755645752,59.09672546386719,37.539981842041016,21.692251205444336,175.6881561279297,,97.91942596435547
2011-02-01,12.1417875289917,60.35885238647461,38.439788818359375,22.04513168334961,177.4218292236328,,99.4870376586914
2011-02-02,12.429337501525879,63.551265716552734,39.30360794067383,22.027341842651367,178.3505859375,,99.29681396484375
2011-02-03,12.328695297241211,63.18004608154297,39.12364959716797,22.039199829101562,177.82427978515625,,99.51744079589844
2011-02-04,12.199297904968262,61.620975494384766,38.83570098876953,21.98284912109375,178.04098510742188,,99.79899597167969
2011-02-07,12.335883140563965,62.66035461425781,39.23161697387695,22.110374450683594,178.81491088867188,,100.42298889160156
2011-02-08,12.256804466247559,62.289154052734375,39.735511779785156,22.036224365234375,179.2793731689453,,100.87957000732422
2011-02-09,12.220861434936523,61.47248840332031,39.0876579284668,21.757490158081055,176.52398681640625,,100.65129852294922
2011-02-10,12.127406120300293,61.175514221191406,39.05166244506836,21.979896545410156,178.69110107421875,,100.6893310546875
2011-02-11,12.256804466247559,62.808837890625,39.55554962158203,21.976919174194336,178.93881225585938,,101.29048919677734
2011-02-14,12.472471237182617,64.14518737792969,39.95145797729492,22.46030044555664,182.777587890625,,101.53397369384766
2011-02-15,12.422148704528809,63.99671936035156,39.84349060058594,22.22602653503418,180.8272247314453,,101.21436309814453
2011-02-16,12.637809753417969,65.4815444946289,40.41936111450195,22.522567749023438,183.7991943359375,,101.85358428955078
2011-02-17,12.767205238342285,66.22396850585938,40.599327087402344,22.74498176574707,185.37806701660156,,102.15800476074219
2011-02-18,12.87503719329834,66.81791687011719,40.3113899230957,22.83986473083496,183.89212036132812,,102.37107849121094
2011-02-22,12.472471237182617,64.21944427490234,38.90769577026367,22.617462158203125,181.81788635253906,,100.31644439697266
2011-02-23,12.29274845123291,62.883079528808594,38.18784713745117,23.07711410522461,186.70924377441406,,99.70010375976562
2011-02-24,12.522788047790527,64.51640319824219,38.83570098876953,22.75090980529785,183.73727416992188,,99.63160705566406
2011-02-25,12.508415222167969,63.10581588745117,39.12364959716797,23.112699508666992,190.5171661376953,,100.69693756103516
2011-02-28,12.350257873535156,60.95278549194336,38.72772216796875,23.290616989135742,190.98153686523438,,101.32093811035156
2011-03-01,12.213676452636719,59.987640380859375,37.79191970825195,22.85469627380371,185.53286743164062,,99.63160705566406
2011-03-02,12.220861434936523,60.0618782043457,37.827919006347656,22.985185623168945,186.3378143310547,,99.84466552734375
2011-03-03,12.256804466247559,60.210365295410156,38.29582214355469,23.37957763671875,189.61935424804688,,101.56439971923828
2011-03-04,12.184919357299805,59.764915466308594,37.97189712524414,23.23131561279297,188.90731811523438,,100.8034439086914
2011-03-07,12.041143417358398,58.35430908203125,37.10807418823242,23.06821632385254,186.55447387695312,,100.01206970214844
2011-03-08,12.048332214355469,58.20582580566406,37.4320068359375,22.878416061401367,183.21096801757812,,100.88719940185547
2011-03-09,12.15616226196289,58.1316032409668,37.144073486328125,22.72125244140625,183.58250427246094,,100.74259185791016
2011-03-10,11.77515983581543,55.83008575439453,35.95632553100586,21.89389419555664,176.8336181640625,,98.87823486328125
2011-03-11,11.724839210510254,54.71644973754883,35.668373107910156,22.273473739624023,181.5702362060547,,99.56307220458984
2011-03-14,12.278369903564453,57.68612289428711,35.92033386230469,22.39505386352539,184.26364135742188,,98.96195983886719
2011-03-15,12.867849349975586,62.7346076965332,36.53218460083008,22.22602653503418,182.74661254882812,,97.82817077636719
2011-03-16,12.45090389251709,60.73005294799805,36.10028839111328,21.870166778564453,181.2915802001953,,96.01707458496094
2011-03-17,12.68094539642334,61.02702713012695,36.38823318481445,22.537405014038086,186.8022003173828,,97.2878646850586
2011-03-18,12.58748722076416,60.136112213134766,36.31624221801758,22.431777954101562,186.3788299560547,,97.64175415039062
2011-03-21,12.788771629333496,61.249759674072266,36.928123474121094,23.113143920898438,192.29263305664062,,99.15495300292969
2011-03-22,12.644998550415039,60.50732421875,36.89213180541992,23.06256675720215,192.5417022705078,,98.81103515625
2011-03-23,12.82471752166748,61.54672622680664,36.89213180541992,23.122072219848633,191.82582092285156,,99.09381103515625
2011-03-24,12.932551383972168,61.54672622680664,37.28803253173828,23.20537757873535,192.6973419189453,,100.0414810180664
2011-03-25,12.932551383972168,61.47248840332031,37.46799087524414,23.413650512695312,196.4945831298828,,100.34718322753906
2011-03-28,13.27042007446289,63.551265716552734,37.647945404052734,23.35712432861328,194.5026397705078,,100.10260772705078
2011-03-29,13.37105941772461,63.99671936035156,38.40378952026367,23.64276695251465,196.89930725097656,,100.77519226074219
2011-03-30,13.522022247314453,64.88761138916016,38.691741943359375,23.806421279907227,200.57200622558594,,101.47066497802734
2011-03-31,13.550780296325684,65.33307647705078,38.76371765136719,23.729063034057617,200.5097198486328,,101.33306121826172
2011-04-01,13.493265151977539,64.96186065673828,38.511783599853516,23.800464630126953,201.5057373046875,,101.76109313964844
2011-04-04,13.529213905334473,64.4421615600586,38.36780548095703,23.815340042114258,201.8482208251953,,101.84512329101562
2011-04-05,13.471702575683594,64.7391357421875,38.40378952026367,23.886756896972656,202.22166442871094,,101.82986450195312
2011-04-06,13.378253936767578,65.18457794189453,38.079856872558594,23.636810302734375,199.42041015625,,102.1508560180664
2011-04-07,13.205719947814941,63.699745178222656,37.899906158447266,23.636810302734375,199.35813903808594,,101.89099884033203
2011-04-08,13.22728443145752,62.808837890625,37.28803253173828,23.72012710571289,199.17140197753906,,101.53941345214844
2011-04-11,13.090700149536133,62.58611297607422,36.89213180541992,23.252988815307617,193.41319274902344,,101.23371887207031
2011-04-12,12.961305618286133,62.214908599853516,36.20826721191406,22.53293800354004,186.50338745117188,,100.47713470458984
2011-04-13,13.040376663208008,62.808837890625,36.17227554321289,22.625173568725586,189.05563354492188,,100.46946716308594
2011-04-14,12.982868194580078,62.14065170288086,36.42422103881836,22.77989387512207,189.39796447753906,,100.54590606689453
2011-04-15,12.83190631866455,61.69520568847656,36.38823318481445,22.967350006103516,191.51451110839844,,100.91273498535156
2011-04-18,12.400582313537598,60.0618782043457,35.5604133605957,22.625173568725586,187.18807983398438,,99.78164672851562
2011-04-19,12.443714141845703,59.764915466308594,35.38044357299805,22.85428237915039,188.46421813964844,,100.35484313964844
2011-04-20,12.616244316101074,60.95278549194336,36.028289794921875,23.392831802368164,193.41319274902344,,101.72283935546875
2011-04-21,12.652186393737793,61.02702713012695,36.31624221801758,23.499950408935547,194.1913299560547,,102.24253845214844
2011-04-25,12.666566848754883,61.10127258300781,36.35224533081055,23.37795639038086,194.06675720214844,,102.13555145263672
2011-04-26,12.788771629333496,61.69520568847656,36.49620819091797,23.61004638671875,194.4715118408203,,103.01444244384766
2011-04-27,12.839095115661621,62.289154052734375,36.64017105102539,23.598142623901367,193.88006591796875,,103.68700408935547
2011-04-28,12.860660552978516,62.7346076965332,36.67617416381836,23.595155715942383,194.62709045410156,,104.02327728271484
2011-04-29,13.205719947814941,65.33307647705078,37.03608703613281,23.946266174316406,198.3309783935547,,104.26782989501953
2011-05-02,13.054757118225098,63.84823226928711,36.784156799316406,23.627887725830078,194.96945190429688,,104.10733795166016
2011-05-03,12.87503719329834,62.289154052734375,36.064292907714844,23.035778045654297,188.1529998779297,,103.73284149169922
2011-05-04,12.616244316101074,60.210365295410156,35.23646926879883,22.628150939941406,182.20806884765625,,103.0450210571289
2011-05-05,12.422148704528809,59.393707275390625,35.12849426269531,22.158021926879883,178.31739807128906,,102.11260986328125
2011-05-06,12.429337501525879,60.136112213134766,35.452423095703125,22.2562198638916,180.43397521972656,,102.56355285644531
2011-05-09,12.522788047790527,60.50732421875,35.7403678894043,22.64600372314453,186.12985229492188,,102.96095275878906
2011-05-10,12.637809753417969,61.175514221191406,35.84832763671875,22.75311851501465,188.2464141845703,,103.83985900878906
2011-05-11,12.422148704528809,59.987640380859375,34.876548767089844,22.09554672241211,180.029296875,,102.74696350097656
2011-05-12,12.544357299804688,60.87854766845703,35.16448974609375,22.062814712524414,178.6908416748047,,103.2361068725586
2011-05-13,12.307125091552734,59.17097473144531,34.69660186767578,21.955703735351562,177.47695922851562,,102.4412612915039
2011-05-16,12.192109107971191,58.1316032409668,34.0487174987793,21.789077758789062,175.51605224609375,,101.7916259765625
2011-05-17,12.127406120300293,56.86946487426758,33.79679870605469,21.789077758789062,174.6445770263672,,101.77632141113281
2011-05-18,12.235240936279297,57.166439056396484,34.30068588256836,22.229429244995117,180.77622985839844,,102.68582916259766
2011-05-19,12.29274845123291,56.275535583496094,34.22868347167969,22.232418060302734,180.83851623535156,,102.93037414550781
2011-05-20,12.019577980041504,55.458866119384766,33.8327751159668,22.20563507080078,182.08352661132812,,102.11260986328125
2011-05-23,11.789534568786621,53.380088806152344,32.96894836425781,21.860490798950195,177.94386291503906,,100.92802429199219
2011-05-24,11.688895225524902,53.30584716796875,32.78899383544922,22.16992950439453,180.71405029296875,,100.84396362304688
2011-05-25,11.645764350891113,52.11796569824219,33.04092788696289,22.544830322265625,184.82257080078125,,101.18023681640625
2011-05-26,11.624195098876953,51.8952522277832,33.25689697265625,22.65789794921875,186.3788299560547,,101.64641571044922
2011-05-27,11.739215850830078,52.56342697143555,33.5808219909668,22.714441299438477,187.40603637695312,,102.03623962402344
2011-05-31,12.235240936279297,55.607357025146484,34.3726692199707,22.94355010986328,189.55372619628906,,103.09850311279297
2011-06-01,11.789534568786621,53.30584716796875,33.25689697265625,22.39605712890625,183.26632690429688,,100.78282165527344
2011-06-02,11.890180587768555,53.45433807373047,33.25689697265625,22.387136459350586,182.7060546875,,100.67581939697266
2011-06-03,11.904559135437012,52.93463897705078,32.86098098754883,22.393089294433594,181.9901885986328,,99.67467498779297
2011-06-06,11.739215850830078,52.11796569824219,32.24909973144531,21.887266159057617,175.51605224609375,,98.6199722290039
2011-06-07,11.868613243103027,52.711910247802734,32.35708999633789,21.887266159057617,176.07632446289062,,98.55879211425781
2011-06-08,11.530741691589355,50.41040802001953,31.529258728027344,21.952728271484375,175.8273468017578,,98.1461410522461
2011-06-09,11.595439910888672,50.33616256713867,31.493282318115234,22.250272750854492,178.8464813232422,,98.8951187133789
2011-06-10,11.408534049987793,48.99980545043945,31.13334846496582,21.81884002685547,176.0140380859375,,97.51943969726562
2011-06-13,11.415724754333496,49.44524383544922,30.953393936157227,21.473678588867188,170.69166564941406,,97.59587097167969
2011-06-14,11.811104774475098,51.22706985473633,31.673229217529297,21.931894302368164,175.2982177734375,,98.833984375
2011-06-15,11.343836784362793,49.742225646972656,30.953393936157227,21.42904281616211,171.8121795654297,,97.07617950439453
2011-06-16,11.300702095031738,49.593746185302734,30.521488189697266,21.461780548095703,171.50094604492188,,97.29016876220703
2011-06-17,11.422911643981934,50.26192092895508,30.66544532775879,21.40652847290039,171.02435302734375,,97.58045959472656
2011-06-20,11.236005783081055,50.33616256713867,30.629444122314453,21.466257095336914,170.4014434814453,,98.07972717285156
2011-06-21,11.463528633117676,51.004337310791016,31.13334846496582,21.893310546875,176.4749755859375,,99.42379760742188
2011-06-22,11.463528633117676,51.30130386352539,31.277326583862305,21.830591201782227,176.19468688964844,,98.82471466064453
2011-06-23,11.390839576721191,51.22706985473633,31.45728302001953,21.591686248779297,174.91763305664062,,98.54055786132812
2011-06-24,11.16549301147461,50.26192092895508,31.277326583862305,21.182544708251953,171.6784210205078,,97.39614868164062
2011-06-27,11.25272274017334,51.15283203125,31.421289443969727,21.2960262298584,171.55384826660156,,98.26405334472656
2011-06-28,11.405377388000488,51.74674987792969,31.81719970703125,21.917203903198242,177.06668090820312,,99.54669189453125
2011-06-29,11.616183280944824,52.19221878051758,31.92518424987793,22.174041748046875,181.5518341064453,,100.39922332763672
2011-06-30,11.776105880737305,52.78615951538086,32.39308547973633,22.50253677368164,183.07798767089844,,101.35926818847656
2011-07-01,11.870607376098633,53.23160171508789,32.71701431274414,22.71457290649414,185.78770446777344,,102.8569564819336
2011-07-05,11.754300117492676,53.380088806152344,32.4290771484375,22.854936599731445,187.90570068359375,,102.7724838256836
2011-07-06,11.536221504211426,52.63767623901367,32.32109069824219,22.813127517700195,187.5319366455078,,102.8953628540039
2011-07-07,11.594376564025879,52.63767623901367,32.53703689575195,23.15656280517578,190.86459350585938,,103.96296691894531
2011-07-08,11.390839576721191,51.67251968383789,32.24909973144531,22.962440490722656,188.99578857421875,,103.22563171386719
2011-07-11,10.976492881774902,49.742225646972656,31.277326583862305,22.418928146362305,182.14356994628906,,101.35926818847656
2011-07-12,10.743878364562988,48.25738525390625,30.953393936157227,22.335296630859375,182.48617553710938,,100.9215087890625
2011-07-13,10.911072731018066,48.925567626953125,31.09735679626465,22.50253677368164,185.320556640625,,101.2594223022461
2011-07-14,10.758418083190918,48.55435562133789,30.55747413635254,22.35321807861328,181.9567413330078,,100.56050872802734
2011-07-15,10.845646858215332,49.074039459228516,30.77342414855957,22.953479766845703,193.57427978515625,,101.14424133300781
2011-07-18,10.6203031539917,47.96040725708008,30.017589569091797,22.875843048095703,191.8612518310547,,100.31471252441406
2011-07-19,10.845646858215332,49.074039459228516,30.701452255249023,23.293933868408203,198.24624633789062,,101.94297790527344
2011-07-20,10.998300552368164,49.742225646972656,30.917387008666992,23.234210968017578,199.3052520751953,,101.88152313232422
2011-07-21,11.158226013183594,50.33616256713867,31.313302993774414,23.691133499145508,201.7969512939453,,103.29475402832031
2011-07-22,11.303608894348145,50.7816162109375,31.601259231567383,23.810592651367188,203.10508728027344,,103.36388397216797
2011-07-25,11.085531234741211,49.593746185302734,31.16933822631836,23.715011596679688,201.98388671875,,102.78784942626953
2011-07-26,11.078264236450195,49.66798400878906,31.02537727355957,23.601530075073242,200.61337280273438,,102.4037857055664
2011-07-27,10.729344367980957,47.96040725708008,29.94559669494629,23.15656280517578,195.66114807128906,,100.30708312988281
2011-07-28,10.6929931640625,47.292236328125,29.801639556884766,23.061004638671875,194.22836303710938,,100.01515197753906
2011-07-29,10.663918495178223,47.73768997192383,29.837629318237305,22.831031799316406,193.72996520996094,,99.33165740966797
2011-08-01,10.598496437072754,48.331626892089844,29.765642166137695,22.798202514648438,194.38406372070312,,98.90922546386719
2011-08-02,10.249571800231934,46.84678268432617,28.505910873413086,22.162090301513672,186.75323486328125,,96.38232421875
2011-08-03,10.184151649475098,46.5498161315918,28.577896118164062,22.036664962768555,186.03688049316406,,96.90459442138672
2011-08-04,9.420886993408203,42.68922424316406,26.23839569091797,20.525543212890625,170.5571746826172,,92.36543273925781
2011-08-05,9.399079322814941,42.169525146484375,25.80648422241211,20.328441619873047,165.4180145263672,,92.22718811035156
2011-08-08,8.563119888305664,38.53166580200195,23.28702163696289,18.59930992126465,146.7613983154297,,86.22106170654297
2011-08-09,9.035615921020508,40.83317184448242,25.266603469848633,19.54599380493164,155.20204162597656,,90.23027038574219
2011-08-10,8.781193733215332,39.34832763671875,24.222827911376953,18.871076583862305,152.33656311035156,,86.24407196044922
2011-08-11,9.355464935302734,41.72407150268555,25.80648422241211,19.850616455078125,163.73617553710938,,90.11507415771484
2011-08-12,9.282770156860352,41.798309326171875,26.058441162109375,19.9969482421875,164.2967529296875,,90.7218017578125
2011-08-15,9.653498649597168,44.02557373046875,26.886253356933594,20.671873092651367,171.36692810058594,,92.6419448852539
2011-08-16,9.47903823852539,42.83770751953125,26.058441162109375,20.328441619873047,165.0131378173828,,91.850830078125
2011-08-17,9.537193298339844,41.72407150268555,25.662519454956055,20.40906524658203,166.25897216796875,,91.91228485107422
2011-08-18,8.926579475402832,38.75439453125,23.934885025024414,19.226451873779297,154.57913208007812,,87.94916534423828
2011-08-19,8.6212739944458,36.23014831542969,23.215044021606445,18.886003494262695,151.62020874023438,,86.51290893554688
2011-08-22,8.650349617004395,35.784706115722656,23.107059478759766,18.73370361328125,146.8236846923828,,86.58202362060547
2011-08-23,9.06469440460205,39.34832763671875,24.762720108032227,19.578853607177734,154.70362854003906,,89.43146514892578
2011-08-24,9.202810287475586,39.57105255126953,24.762720108032227,19.6953182220459,156.13641357421875,,90.69110870361328
2011-08-25,9.028347969055176,38.75439453125,24.330806732177734,19.28020668029785,152.46112060546875,,89.30860900878906
2011-08-26,9.268232345581055,39.793785095214844,25.0146541595459,19.653518676757812,157.1019744873047,,90.60662078857422
2011-08-29,9.646231651306152,40.98165512084961,26.13041877746582,20.226903915405273,164.67050170898438,,93.21027374267578
2011-08-30,9.609882354736328,40.90740966796875,26.23839569091797,20.346349716186523,166.78843688964844,,93.45606994628906
2011-08-31,9.609882354736328,40.53620147705078,26.094423294067383,20.498659133911133,167.16226196289062,,93.87080383300781
2011-09-01,9.39180850982666,39.19984436035156,25.410568237304688,20.343374252319336,164.70167541503906,,92.8876953125
2011-09-02,8.984734535217285,37.26955032348633,24.438779830932617,19.775949478149414,159.03305053710938,,90.51444244384766
2011-09-06,8.628541946411133,35.933189392089844,24.222827911376953,19.560941696166992,158.00521850585938,,89.85391235351562
2011-09-07,8.861154556274414,36.898338317871094,25.05064582824707,20.277671813964844,166.5393524169922,,92.38848114013672
2011-09-08,8.60673713684082,35.339256286621094,24.618741989135742,20.041748046875,163.67381286621094,,91.42840576171875
2011-09-09,8.1851224899292,34.00289535522461,23.64694595336914,19.378765106201172,157.84951782226562,,89.03211975097656
2011-09-12,8.06881332397461,33.78017044067383,23.71894073486328,19.471336364746094,157.880615234375,,89.6081314086914
2011-09-13,8.163311958312988,34.225616455078125,24.330806732177734,19.525100708007812,159.31336975097656,,90.42996215820312
2011-09-14,8.308697700500488,34.59682846069336,24.72671890258789,19.766996383666992,161.43133544921875,,91.6818618774414
2011-09-15,8.279621124267578,33.78017044067383,24.51076889038086,20.15821075439453,165.6984100341797,,93.26403045654297
2011-09-16,8.083353996276855,32.88926315307617,24.226179122924805,20.11444091796875,165.30227661132812,,93.81605529785156
2011-09-19,7.865276336669922,31.775632858276367,23.861326217651367,19.7966365814209,161.40365600585938,,92.88191986083984
2011-09-20,7.516355037689209,29.771093368530273,23.09514045715332,19.67371940612793,159.34512329101562,,92.77381896972656
2011-09-21,7.2037787437438965,28.137767791748047,22.183000564575195,18.8552303314209,152.7018585205078,,90.0408706665039
2011-09-22,6.898470878601074,26.430198669433594,21.051963806152344,17.790891647338867,141.38021850585938,,87.1303482055664
2011-09-23,7.029317855834961,27.098379135131836,21.562763214111328,17.599010467529297,138.5108184814453,,87.65534973144531
2011-09-26,7.065661430358887,26.80140495300293,21.635732650756836,18.240612030029297,143.81298828125,,89.73975372314453
2011-09-27,7.181970596313477,27.321096420288086,21.927608489990234,18.5074462890625,148.17942810058594,,90.7433853149414
2011-09-28,6.956626892089844,25.465045928955078,20.9425106048584,17.90182113647461,139.8207244873047,,88.89056396484375
2011-09-29,7.022048473358154,25.316566467285156,20.723604202270508,18.072723388671875,139.22813415527344,,89.59309387207031
2011-09-30,6.738551616668701,23.98020362854004,19.884443283081055,17.54204750061035,133.6764678955078,,87.35424041748047
2011-10-03,6.353282451629639,21.975669860839844,18.315576553344727,16.945417404174805,124.72526550292969,,84.86830139160156
2011-10-04,6.527743339538574,23.163543701171875,19.410131454467773,17.50007438659668,131.68043518066406,,86.7288818359375
2011-10-05,6.72401237487793,23.98020362854004,20.103351593017578,18.14467430114746,137.13848876953125,,88.33470916748047
2011-10-06,7.065661430358887,25.316566467285156,20.760086059570312,18.4864559173584,140.03907775878906,,89.93278503417969
2011-10-07,6.7676262855529785,24.277177810668945,19.884443283081055,18.258604049682617,136.73301696777344,,89.33061981201172
2011-10-10,6.9784321784973145,25.168081283569336,20.65062713623047,19.08608055114746,146.74472045898438,,92.31831359863281
2011-10-11,6.86212682723999,24.72262191772461,20.504680633544922,19.125059127807617,147.6180419921875,,92.41095733642578
2011-10-12,7.036587238311768,25.39080810546875,21.234390258789062,19.226993560791016,149.7388916015625,,93.22160339355469
2011-10-13,7.087470531463623,25.687774658203125,21.12493896484375,19.200008392333984,150.175537109375,,93.03630828857422
2011-10-14,7.167434215545654,25.910503387451172,21.52627182006836,19.96753692626953,158.59661865234375,,94.6266860961914
2011-10-17,6.883934497833252,24.64838981628418,20.760086059570312,19.60476303100586,156.41336059570312,,92.82014465332031
2011-10-18,7.1238179206848145,25.093835830688477,21.343849182128906,20.234363555908203,162.5576629638672,,94.6343765258789
2011-10-19,6.854857444763184,23.90596580505371,20.61414337158203,20.02450180053711,159.5946044921875,,93.51496887207031
2011-10-20,6.934819221496582,24.351415634155273,20.687114715576172,20.180397033691406,159.87533569335938,,93.92413330078125
2011-10-21,7.007510662078857,24.20293426513672,20.723604202270508,20.55217170715332,164.67855834960938,,95.7074966430664
2011-10-24,7.2037787437438965,25.984745025634766,21.562763214111328,20.822002410888672,168.6394805908203,,96.88098907470703
2011-10-25,6.971165657043457,23.90596580505371,20.687114715576172,20.38727378845215,161.2164764404297,,94.99726867675781
2011-10-26,7.087470531463623,24.4256591796875,21.051963806152344,20.827991485595703,166.11312866210938,,95.96228790283203
2011-10-27,7.639931678771973,27.766559600830078,22.73028564453125,21.751419067382812,177.4659881591797,,99.30512237548828
2011-10-28,7.618122100830078,28.137767791748047,23.20459747314453,21.898326873779297,177.43479919433594,,99.28194427490234
2011-10-31,7.1238179206848145,25.984745025634766,22.00058364868164,20.899948120117188,167.9533233642578,,96.88868713378906
2011-11-01,6.825778484344482,24.72262191772461,21.12493896484375,20.225364685058594,162.12103271484375,,94.18661499023438
2011-11-02,6.956626892089844,25.316566467285156,21.380332946777344,20.833993911743164,169.98065185546875,,95.72293090820312
2011-11-03,7.043856143951416,25.39080810546875,21.745187759399414,21.382646560668945,174.9084930419922,,97.46770477294922
2011-11-04,7.014779567718506,26.133228302001953,22.03706932067871,21.364667892456055,177.37245178222656,,96.87325286865234
2011-11-07,7.102009296417236,26.133228302001953,21.854650497436523,21.48158836364746,177.71551513671875,,97.47542572021484
2011-11-08,7.05112361907959,25.39080810546875,22.03706932067871,21.832368850708008,179.52447509765625,,98.72611999511719
2011-11-09,6.71674108505249,23.831724166870117,20.869537353515625,20.866962432861328,167.67254638671875,,95.0821533203125
2011-11-10,6.760356903076172,23.60899543762207,20.687114715576172,21.229753494262695,171.54010009765625,,95.9776840209961
2011-11-11,6.963894844055176,24.351415634155273,21.12493896484375,21.664474487304688,174.7525634765625,,97.78421783447266
2011-11-14,6.789434432983398,23.386268615722656,20.79656982421875,21.37964630126953,171.72718811035156,,96.8577880859375
2011-11-15,6.71674108505249,22.866575241088867,20.723604202270508,21.35567283630371,173.97280883789062,,97.33648681640625
2011-11-16,6.622242450714111,22.421123504638672,20.541173934936523,21.034866333007812,171.88314819335938,,95.79243469238281
2011-11-17,6.535012722015381,21.975669860839844,19.993892669677734,20.555166244506836,164.77203369140625,,94.27153778076172
2011-11-18,6.542281627655029,21.604459762573242,19.774988174438477,20.4322452545166,164.52252197265625,,94.17115020751953
2011-11-21,6.375091075897217,21.084762573242188,19.154733657836914,20.066469192504883,161.40365600585938,,92.38007354736328
2011-11-22,6.367820739746094,21.01052474975586,19.118249893188477,19.877595901489258,159.9689483642578,,92.01724243164062
2011-11-23,6.244243144989014,21.01052474975586,18.7169132232666,19.27497100830078,152.63941955566406,,89.98681640625
2011-11-25,6.229705333709717,20.490827560424805,18.35206413269043,19.13705062866211,150.14434814453125,,89.81695556640625
2011-11-28,6.3605499267578125,21.381732940673828,19.154733657836914,19.853607177734375,159.78179931640625,,92.4186782836914
2011-11-29,6.3605499267578125,21.159008026123047,18.899337768554688,20.138423919677734,162.30812072753906,,92.68115997314453
2011-11-30,6.782164573669434,22.79233169555664,20.13983726501465,21.247737884521484,172.0702667236328,,96.49496459960938
2011-12-01,6.709473609924316,22.79233169555664,20.21280288696289,21.13080406188965,171.0410614013672,,96.47949981689453
2011-12-02,6.665857791900635,22.79233169555664,20.103351593017578,21.112815856933594,172.5381317138672,,96.39458465576172
2011-12-05,6.702205657958984,22.866575241088867,20.541173934936523,21.3736572265625,174.78379821777344,,97.44456481933594
2011-12-06,6.622242450714111,22.346879959106445,20.249282836914062,21.370651245117188,175.78176879882812,,97.47542572021484
2011-12-07,6.71674108505249,22.643848419189453,20.249282836914062,21.16678810119629,172.8499755859375,,97.8382568359375
2011-12-08,6.440512657165527,21.67870330810547,19.410131454467773,20.57615089416504,164.89674377441406,,95.69205474853516
2011-12-09,6.614974498748779,22.124155044555664,19.84796142578125,21.043865203857422,170.8850860595703,,97.31329345703125
2011-12-12,6.375091075897217,21.233245849609375,19.519590377807617,20.55217170715332,164.8031768798828,,95.89278411865234
2011-12-13,6.27332067489624,20.713552474975586,18.826370239257812,20.36028480529785,160.34315490722656,,94.99726867675781
2011-12-14,6.142474174499512,19.45143699645996,18.169635772705078,19.78764533996582,153.4191436767578,,93.98587036132812
2011-12-15,6.171550750732422,19.302953720092773,18.169635772705078,19.70370101928711,153.35679626464844,,94.32556915283203
2011-12-16,6.171550750732422,19.22871208190918,18.191640853881836,19.913549423217773,156.7202606201172,,94.46542358398438
2011-12-19,6.065480709075928,18.857498168945312,17.71484375,19.56429672241211,152.0896453857422,,93.4554443359375
2011-12-20,6.326925277709961,20.26810073852539,18.521728515625,20.368186950683594,160.1931915283203,,96.2834243774414
2011-12-21,6.259696960449219,20.119617462158203,18.55840492248535,20.593996047973633,162.6648406982422,,96.46985626220703
2011-12-22,6.3642730712890625,20.713552474975586,19.03521156311035,20.834857940673828,165.35565185546875,,97.324462890625
2011-12-23,6.39415168762207,20.72158432006836,18.961849212646484,20.955291748046875,165.32437133789062,,98.19463348388672
2011-12-27,6.33439302444458,20.15937042236328,18.81514549255371,21.009489059448242,167.0452117919922,,98.2723159790039
2011-12-28,6.304513931274414,19.677471160888672,18.448373794555664,20.609054565429688,162.72744750976562,,96.98262786865234
2011-12-29,6.319454193115234,19.918420791625977,18.59507942199707,20.822818756103516,164.79246520996094,,97.98487091064453
2011-12-30,6.37921142578125,19.838106155395508,18.59507942199707,20.81378746032715,164.85511779785156,,97.50318908691406
2012-01-03,6.543549060821533,21.203481674194336,19.218585968017578,21.391864776611328,170.98751831054688,,99.05702209472656
2012-01-04,6.536077499389648,20.962535858154297,19.108558654785156,21.43702507019043,172.9899444580078,,99.2123794555664
2012-01-05,6.438971519470215,20.882219314575195,19.218585968017578,21.334659576416016,172.67698669433594,,99.47654724121094
2012-01-06,6.37921142578125,20.560949325561523,19.145238876342773,21.208200454711914,170.79966735839844,,99.22015380859375
2012-01-09,6.498730182647705,20.962535858154297,19.43865203857422,21.31057357788086,169.95494079589844,,99.46097564697266
2012-01-10,6.610776901245117,21.44443130493164,19.805416107177734,21.500259399414062,172.2702178955078,,100.32340240478516
2012-01-11,6.872217655181885,24.014549255371094,20.905715942382812,21.211214065551758,169.14144897460938,,100.37777709960938
2012-01-12,6.954389572143555,25.05866241455078,21.455867767333984,21.01250457763672,167.60838317871094,,100.61859130859375
2012-01-13,6.7452311515808105,23.77359962463379,20.79568862915039,20.907121658325195,164.79246520996094,,100.09808349609375
2012-01-17,6.8423380851745605,24.335813522338867,20.869035720825195,21.05464744567871,166.63844299316406,,100.48651123046875
2012-01-18,7.006675720214844,25.540557861328125,21.639251708984375,21.40089988708496,170.61204528808594,,101.59754943847656
2012-01-19,6.954389572143555,24.014549255371094,21.19913673400879,21.488208770751953,169.3292236328125,,102.13361358642578
2012-01-20,6.924510478973389,23.934234619140625,21.272483825683594,21.4912166595459,168.2967071533203,,102.5143051147461
2012-01-23,6.902099132537842,23.69328498840332,21.12578010559082,21.6628360748291,173.42788696289062,,102.25013732910156
2012-01-24,6.8423380851745605,23.532649993896484,21.08910369873047,21.599613189697266,172.77090454101562,,102.13361358642578
2012-01-25,6.954389572143555,23.612966537475586,21.19913673400879,21.86455535888672,177.557861328125,,102.9882583618164
2012-01-26,6.93197774887085,24.2554988861084,21.419185638427734,21.566490173339844,172.11380004882812,,102.45991516113281
2012-01-27,7.156070709228516,25.460243225097656,21.85931396484375,21.521331787109375,174.1162109375,,102.41328430175781
2012-01-30,7.006675720214844,24.898027420043945,21.52922821044922,21.41895866394043,171.83221435546875,,102.06367492675781
2012-01-31,6.93197774887085,24.335813522338867,21.12578010559082,21.283479690551758,170.76844787597656,,102.02484130859375
2012-02-01,7.058964252471924,24.898027420043945,21.639251708984375,21.367778778076172,170.76844787597656,,102.91829681396484
2012-02-02,7.103780269622803,25.701189041137695,21.85931396484375,21.530363082885742,171.76962280273438,,103.08145141601562
2012-02-03,7.26064920425415,26.263404846191406,22.519493103027344,21.909719467163086,174.9296875,,104.52651977539062
2012-02-06,7.268119812011719,26.584671020507812,22.7028865814209,22.171667098999023,178.5903778076172,,104.45658111572266
2012-02-07,7.350286960601807,26.664987564086914,22.556167602539062,22.286073684692383,180.5927734375,,104.72069549560547
2012-02-08,7.447393894195557,27.95004653930664,23.106319427490234,22.21080207824707,180.81178283691406,,105.03153228759766
2012-02-09,7.723776817321777,30.19890022277832,23.656465530395508,22.213815689086914,180.87440490722656,,105.16357421875
2012-02-10,7.544500350952148,27.709095001220703,22.73954963684082,21.99102020263672,179.65414428710938,,104.38668060302734
2012-02-13,7.499682426452637,27.387832641601562,22.73954963684082,22.1656494140625,182.43878173828125,,105.16357421875
2012-02-14,7.357756614685059,25.701189041137695,22.18939971923828,22.204790115356445,183.84671020507812,,105.03153228759766
2012-02-15,7.365226745605469,25.251420974731445,21.89598274230957,22.16864776611328,185.2859344482422,,104.54205322265625
2012-02-16,7.43992280960083,25.5485897064209,22.409460067749023,22.457698822021484,188.8214111328125,,105.69966888427734
2012-02-17,7.5295610427856445,26.632856369018555,22.73954963684082,22.542003631591797,189.35337829589844,,105.97933959960938
2012-02-21,7.60426139831543,26.954124450683594,22.812910079956055,22.6955509185791,190.6361083984375,,106.02595520019531
2012-02-22,7.522093296051025,26.271432876586914,22.59284782409668,22.746736526489258,188.79017639160156,,105.68413543701172
2012-02-23,7.357756614685059,24.697237014770508,22.18939971923828,22.861143112182617,191.29319763183594,,106.1502685546875
2012-02-24,7.275588035583496,23.998485565185547,21.74927520751953,22.951465606689453,191.9188995361328,,106.38330841064453
2012-02-27,7.238241195678711,24.046676635742188,21.74927520751953,22.87920570373535,191.38710021972656,,106.56204223632812
2012-02-28,7.283057689666748,24.335813522338867,21.85931396484375,22.803939819335938,189.13433837890625,,106.87279510498047
2012-02-29,7.133662223815918,23.219419479370117,21.12578010559082,22.54500961303711,185.59884643554688,,106.45327758789062
2012-03-01,7.148603439331055,22.785715103149414,20.905715942382812,22.76178550720215,188.8214111328125,,107.00487518310547
2012-03-02,7.148603439331055,22.59295082092285,20.612306594848633,22.502859115600586,184.7540740966797,,106.67855072021484
2012-03-05,7.081373691558838,21.749631881713867,20.135509490966797,22.35833168029785,182.21978759765625,,106.24349212646484
2012-03-06,6.864748477935791,20.834026336669922,19.695384979248047,21.994028091430664,178.77809143066406,,104.68965148925781
2012-03-07,6.864748477935791,20.63323402404785,19.76874542236328,22.177692413330078,182.12588500976562,,105.4199447631836
2012-03-08,6.946918964385986,21.099069595336914,20.135509490966797,22.35833168029785,185.3798065185547,,106.46878814697266
2012-03-09,7.029086112976074,21.70144271850586,20.648983001708984,22.33725929260254,186.60003662109375,,106.88056945800781
2012-03-12,6.917039394378662,21.291828155517578,20.39224624633789,22.213815689086914,183.97186279296875,,106.8883285522461
2012-03-13,7.066433429718018,22.054834365844727,21.05242156982422,22.481781005859375,187.13194274902344,,108.8150634765625
2012-03-14,6.999206066131592,21.53278160095215,20.869035720825195,22.26500129699707,184.72274780273438,,108.69855499267578
2012-03-15,7.036555290222168,21.878135681152344,21.309160232543945,22.301130294799805,186.09945678710938,,109.3278579711914
2012-03-16,7.073906898498535,22.271686553955078,21.43067169189453,22.607912063598633,190.09312438964844,,109.4792709350586
2012-03-19,7.073906898498535,21.781757354736328,21.39385414123535,22.710670471191406,192.2561492919922,,109.9084243774414
2012-03-20,7.058964252471924,22.062862396240234,21.320209503173828,22.3691349029541,187.71063232421875,,109.5885238647461
2012-03-21,6.969326496124268,20.962535858154297,20.988807678222656,22.103160858154297,186.55081176757812,,109.40906524658203
2012-03-22,6.924510478973389,20.72158432006836,20.694229125976562,21.604459762573242,180.3439483642578,,108.62088012695312
2012-03-23,6.999206066131592,21.123167037963867,20.87834358215332,21.840211868286133,184.26239013671875,,108.97203826904297
2012-03-26,6.999206066131592,21.37214469909668,21.099271774291992,22.00341033935547,185.26559448242188,,110.50148010253906
2012-03-27,7.014146327972412,20.898277282714844,20.988807678222656,21.782779693603516,183.00851440429688,,110.15811920166016
2012-03-28,6.864748477935791,20.223623275756836,20.546934127807617,21.510765075683594,178.9959716796875,,109.61189270019531
2012-03-29,6.8423380851745605,19.974641799926758,20.473289489746094,21.510765075683594,177.49136352539062,,109.42460632324219
2012-03-30,6.797521114349365,19.9826717376709,20.473289489746094,21.68606185913086,178.4004364013672,,109.8772201538086
2012-04-02,6.8274030685424805,19.58912467956543,20.289175033569336,21.89763641357422,181.3470916748047,,110.68092346191406
2012-04-03,6.775111675262451,19.067068099975586,19.99460220336914,21.70722007751465,179.71702575683594,,110.22835540771484
2012-04-04,6.610776901245117,18.488794326782227,19.47908592224121,21.429157257080078,175.73590087890625,,109.1358871459961
2012-04-05,6.640655994415283,18.40044593811035,19.29496955871582,21.308259963989258,174.01171875,,109.08128356933594
2012-04-09,6.573427200317383,17.91051483154297,18.853103637695312,21.039260864257812,171.40985107421875,,107.85616302490234
2012-04-10,6.498730182647705,17.79807472229004,18.5953426361084,20.625186920166016,166.77035522460938,,106.04585266113281
2012-04-11,6.6257147789001465,18.55304718017578,19.184499740600586,20.631229400634766,165.4224395751953,,106.90412139892578
2012-04-12,6.610776901245117,18.681550979614258,19.40544319152832,21.081571578979492,170.9710235595703,,108.3010025024414
2012-04-13,6.506197929382324,18.055084228515625,19.147682189941406,20.764217376708984,167.27197265625,,107.01341247558594
2012-04-16,6.528607368469238,18.087215423583984,18.853103637695312,20.625186920166016,164.41925048828125,,106.94319152832031
2012-04-17,6.6257147789001465,18.930532455444336,19.368616104125977,20.960676193237305,167.30323791503906,,108.52723693847656
2012-04-18,6.565958023071289,18.51288604736328,18.926753997802734,20.918365478515625,165.0775146484375,,108.16053009033203
2012-04-19,6.498730182647705,18.344223022460938,18.853103637695312,20.89116096496582,166.33148193359375,,107.4660415649414
2012-04-20,6.521139144897461,18.15949821472168,18.779457092285156,20.842798233032227,165.1402587890625,,107.6455078125
2012-04-23,6.311983108520508,17.5972843170166,18.300771713256836,20.821645736694336,164.54470825195312,,106.74030303955078
2012-04-24,6.319454193115234,17.661535263061523,18.300771713256836,20.975780487060547,166.01797485351562,,107.14607238769531
2012-04-25,6.386682510375977,17.8302001953125,18.558523178100586,21.184343338012695,171.1903839111328,,108.61311340332031
2012-04-26,6.34186315536499,17.741853713989258,18.742633819580078,21.407997131347656,174.29383850097656,,109.37002563476562
2012-04-27,6.409091949462891,17.942642211914062,18.853103637695312,21.3989315032959,175.17161560058594,,109.5494613647461
2012-04-30,6.371743679046631,17.790040969848633,18.705814361572266,21.531911849975586,176.7075958251953,,109.14372253417969
2012-05-01,6.453912258148193,18.360288619995117,18.963573455810547,21.840211868286133,178.6511993408203,,109.82254791259766
2012-05-02,6.349334239959717,18.392414093017578,18.889923095703125,21.483558654785156,173.66693115234375,,109.49486541748047
2012-05-03,6.1924662590026855,17.998863220214844,18.44805335998535,21.12690544128418,169.0274200439453,,108.6599349975586
2012-05-04,6.1700592041015625,17.5571231842041,18.04300880432129,20.643327713012695,164.82675170898438,,106.90412139892578
2012-05-07,6.117767810821533,17.460744857788086,17.969369888305664,20.582866668701172,164.5759735107422,,106.98221588134766
2012-05-08,6.080420970916748,16.938692092895508,17.674779891967773,20.51637840270996,164.48202514648438,,106.55299377441406
2012-05-09,6.005722522735596,16.946720123291016,17.490665435791016,20.416635513305664,164.2311248779297,,105.92096710205078
2012-05-10,6.043071269989014,16.60939598083496,17.41701889038086,20.50428009033203,163.6355743408203,,106.13945007324219
2012-05-11,5.97584342956543,16.553171157836914,17.41701889038086,20.353160858154297,161.8174285888672,,105.81954193115234
2012-05-14,5.841386795043945,16.19175148010254,17.08561897277832,20.014652252197266,157.99295043945312,,104.64901733398438
2012-05-15,5.677050590515137,15.814263343811035,16.864696502685547,19.68217658996582,153.35354614257812,,104.04817199707031
2012-05-16,5.550063610076904,15.42874526977539,16.422822952270508,19.570348739624023,151.78611755371094,,103.65019226074219
2012-05-17,5.430546760559082,14.73802661895752,15.907307624816895,19.446434020996094,149.3096160888672,,102.11298370361328
2012-05-18,5.311030864715576,13.966989517211914,15.465441703796387,19.325523376464844,148.11843872070312,,101.23902130126953
2012-05-21,5.32597017288208,14.248099327087402,15.760013580322266,19.76982879638672,155.39112854003906,,102.97913360595703
2012-05-22,5.355849266052246,14.111559867858887,15.686366081237793,19.721473693847656,153.32215881347656,,103.15864562988281
2012-05-23,5.3409104347229,14.28825569152832,15.796835899353027,19.794010162353516,154.92091369628906,,103.21327209472656
2012-05-24,5.318500995635986,13.92683219909668,15.686366081237793,19.778898239135742,152.4445343017578,,103.41613006591797
2012-05-25,5.258741855621338,13.918802261352539,15.612728118896484,19.685195922851562,152.97735595703125,,103.0805892944336
2012-05-29,5.355849266052246,14.28825569152832,15.944130897521973,20.014652252197266,157.46005249023438,,104.32911682128906
2012-05-30,5.318500995635986,14.10352897644043,15.686366081237793,19.401098251342773,151.15921020507812,,102.8152847290039
2012-05-31,5.26621150970459,14.119589805603027,15.686366081237793,19.231834411621094,150.2500762939453,,102.5890121459961
2012-06-01,5.124284744262695,13.685884475708008,15.31814956665039,18.75127601623535,142.5385284423828,,100.0061264038086
2012-06-04,5.10934591293335,13.469032287597656,15.134032249450684,18.736154556274414,141.69215393066406,,99.95933532714844
2012-06-05,5.169104099273682,13.79832649230957,15.428608894348145,18.896345138549805,145.17169189453125,,100.71623992919922
2012-06-06,5.273682594299316,14.151717185974121,15.760013580322266,19.47967529296875,150.8770294189453,,102.97913360595703
2012-06-07,5.281151294708252,14.071401596069336,15.686366081237793,19.491762161254883,149.3096160888672,,103.04159545898438
2012-06-08,5.288620948791504,13.983051300048828,15.760013580322266,19.494781494140625,148.83944702148438,,103.86090087890625
2012-06-11,5.176574230194092,13.60556697845459,15.35496997833252,19.22881507873535,144.23126220703125,,102.54219055175781
2012-06-12,5.311030864715576,14.513141632080078,15.796835899353027,19.50082778930664,147.24072265625,,103.72047424316406
2012-06-13,5.288620948791504,14.312350273132324,15.64954948425293,19.25299072265625,142.8833465576172,,103.05719757080078
2012-06-14,5.288620948791504,14.248099327087402,15.686366081237793,19.555238723754883,146.42568969726562,,104.14964294433594
2012-06-15,5.415607929229736,14.874566078186035,16.068227767944336,19.92909812927246,151.1605987548828,,105.21481323242188
2012-06-18,5.415607929229736,15.203859329223633,16.295074462890625,19.749910354614258,147.61019897460938,,105.41874694824219
2012-06-19,5.512715816497803,15.476936340332031,16.5975284576416,20.035396575927734,151.44337463378906,,106.43841552734375
2012-06-20,5.529494285583496,15.4207181930542,16.78657341003418,19.95643424987793,150.15516662597656,,106.26586151123047
2012-06-21,5.415091037750244,15.00306510925293,16.370691299438477,19.13947105407715,142.20594787597656,,103.88139343261719
2012-06-22,5.430344581604004,15.235986709594727,16.710954666137695,19.26701545715332,145.85067749023438,,104.68145751953125
2012-06-25,5.323568344116211,14.77015209197998,16.40849494934082,18.835758209228516,142.3002471923828,,103.0029067993164
2012-06-26,5.293060779571533,14.376601219177246,16.370691299438477,19.039243698120117,144.59381103515625,,103.5206069946289
2012-06-27,5.376956462860107,14.392663955688477,16.521913528442383,19.434059143066406,150.3751220703125,,104.45396423339844
2012-06-28,5.331194877624512,14.248099327087402,16.219459533691406,19.56768798828125,152.19740295410156,,104.15589141845703
2012-06-29,5.506613731384277,14.729995727539062,16.710954666137695,20.156879425048828,158.35574340820312,,106.75218200683594
2012-07-02,5.521867752075195,15.067322731018066,17.08902931213379,20.165987014770508,159.04693603515625,,107.07373046875
2012-07-03,5.6133904457092285,15.300237655639648,17.278066635131836,20.648876190185547,164.57688903808594,,107.77973937988281
2012-07-05,5.491360664367676,14.922754287719727,17.013410568237305,20.37858009338379,161.05783081054688,,107.29337310791016
2012-07-06,5.4227190017700195,14.553296089172363,16.446298599243164,20.13258171081543,158.6385498046875,,106.27368927001953
2012-07-09,5.34644889831543,14.175812721252441,16.295074462890625,20.04146957397461,158.26145935058594,,106.14035034179688
2012-07-10,5.285434246063232,13.93486213684082,15.916994094848633,19.72865104675293,153.10861206054688,,105.21481323242188
2012-07-11,5.308314323425293,13.918802261352539,16.03042221069336,19.99591064453125,155.18234252929688,,105.23051452636719
2012-07-12,5.300687313079834,13.637694358825684,15.879195213317871,19.92909812927246,153.4857177734375,,104.72066497802734
2012-07-13,5.270181179046631,13.709978103637695,16.03042221069336,20.278352737426758,156.72193908691406,,106.47763061523438
2012-07-16,5.2320475578308105,13.565408706665039,15.954803466796875,20.345169067382812,157.57020568847656,,106.22667694091797
2012-07-17,5.209164619445801,13.412809371948242,15.803573608398438,20.600282669067383,160.30369567871094,,106.95612335205078
2012-07-18,5.125270366668701,13.364618301391602,15.879195213317871,20.779470443725586,161.4348907470703,,107.74828338623047
2012-07-19,5.110014915466309,13.469032287597656,15.992613792419434,20.843250274658203,162.88018798828125,,108.03068542480469
2012-07-20,5.00324010848999,13.300365447998047,15.69015121459961,20.891845703125,162.8173370361328,,107.04238891601562
2012-07-23,4.820193767547607,12.96303653717041,15.349882125854492,20.691389083862305,158.9213104248047,,105.95997619628906
2012-07-24,4.736297607421875,12.521300315856934,14.97180461883545,20.360353469848633,154.99378967285156,,105.05009460449219
2012-07-25,4.705789089202881,12.561455726623535,14.820574760437012,20.375539779663086,154.2083282470703,,105.07364654541016
2012-07-26,4.789686679840088,12.738152503967285,15.08522891998291,20.95561408996582,157.53880310058594,,106.80705261230469
2012-07-27,4.8659563064575195,12.858627319335938,15.3120698928833,21.326135635375977,161.9375762939453,,108.77580261230469
2012-07-30,4.751551151275635,12.368697166442871,15.160842895507812,21.386877059936523,163.4771728515625,,108.77580261230469
2012-07-31,4.812567234039307,12.28838062286377,15.08522891998291,21.15302276611328,160.96356201171875,,108.01496124267578
2012-08-01,4.8049397468566895,12.183969497680664,14.744959831237793,21.25628662109375,161.21493530273438,,107.9208755493164
2012-08-02,4.7820587158203125,12.248223304748535,14.97180461883545,20.900949478149414,155.2451934814453,,107.17570495605469
2012-08-03,4.911715984344482,12.569488525390625,15.08522891998291,21.392948150634766,159.8010711669922,,109.30133056640625
2012-08-06,5.0490007400512695,13.171859741210938,15.463305473327637,21.450660705566406,162.1261749267578,,109.51313781738281
2012-08-07,5.171031475067139,13.469032287597656,15.727959632873535,21.7725830078125,166.11639404296875,,110.06221771240234
2012-08-08,5.2015380859375,13.677851676940918,15.765769958496094,21.79080581665039,166.11639404296875,,110.19551849365234
2012-08-09,5.2015380859375,13.854547500610352,15.916994094848633,21.939619064331055,168.2843475341797,,110.2896499633789
2012-08-10,5.178655624389648,13.78226089477539,16.03042221069336,21.979108810424805,167.62451171875,,110.47008514404297
2012-08-13,5.132896423339844,13.428871154785156,15.916994094848633,21.897098541259766,165.2995147705078,,110.41517639160156
2012-08-14,5.155776500701904,13.428871154785156,15.841377258300781,21.857624053955078,167.4989013671875,,110.43086242675781
2012-08-15,5.110014915466309,13.46099853515625,15.954803466796875,21.85458755493164,168.3157958984375,,110.55632019042969
2012-08-16,5.254926681518555,13.80635929107666,16.219459533691406,22.048948287963867,170.45230102539062,,111.37210845947266
2012-08-17,5.270181179046631,14.023210525512695,16.295074462890625,22.03984260559082,169.94960021972656,,111.52107238769531
2012-08-20,5.300687313079834,14.344476699829102,16.332883834838867,21.963918685913086,168.88133239746094,,111.52896118164062
2012-08-21,5.361701965332031,14.4810152053833,16.40849494934082,21.894067764282227,168.2529296875,,111.191650390625
2012-08-22,5.354076862335205,14.4810152053833,16.295074462890625,21.97606086730957,168.5043487548828,,111.23873901367188
2012-08-23,5.315942287445068,14.513141632080078,16.257266998291016,21.733102798461914,164.57688903808594,,110.32888793945312
2012-08-24,5.338821887969971,14.304317474365234,16.18164825439453,21.860660552978516,165.61366271972656,,110.99560546875
2012-08-27,5.247299671173096,14.296286582946777,16.068227767944336,21.86977195739746,166.24209594726562,,111.01908111572266
2012-08-28,5.285434246063232,14.368569374084473,16.106029510498047,21.884952545166016,167.78167724609375,,110.9093017578125
2012-08-29,5.2244181632995605,14.0874662399292,16.068227767944336,21.739179611206055,166.4306182861328,,110.99560546875
2012-08-30,5.05662727355957,13.171859741210938,15.538919448852539,21.508365631103516,163.50856018066406,,110.19551849365234
2012-08-31,5.125270366668701,13.420838356018066,15.69015121459961,21.7239990234375,165.70797729492188,,110.72106170654297
2012-09-04,5.102389335632324,13.163826942443848,15.576723098754883,21.556955337524414,165.51942443847656,,110.61906433105469
2012-09-05,5.05662727355957,13.035319328308105,15.501117706298828,21.474950790405273,166.0221405029297,,110.52494812011719
2012-09-06,5.125270366668701,13.316428184509277,15.916994094848633,21.927467346191406,170.42092895507812,,112.76828002929688
2012-09-07,5.2015380859375,13.5011568069458,16.03042221069336,22.307104110717773,174.97682189941406,,113.20750427246094
2012-09-10,5.2320475578308105,13.701946258544922,15.992613792419434,22.209915161132812,173.34295654296875,,112.56428527832031
2012-09-11,5.277806282043457,14.071401596069336,16.219459533691406,22.446809768676758,176.98764038085938,,112.87803649902344
2012-09-12,5.117642402648926,14.127623558044434,16.40849494934082,22.583478927612305,177.96170043945312,,113.25455474853516
2012-09-13,5.216792106628418,14.392663955688477,16.5975284576416,22.950958251953125,181.7634735107422,,114.98018646240234
2012-09-14,5.331194877624512,14.754090309143066,16.899991989135742,23.254657745361328,186.4764404296875,,115.4900131225586
2012-09-17,5.277806282043457,14.529204368591309,16.824378967285156,23.078516006469727,183.61721801757812,,115.09781646728516
2012-09-18,5.308314323425293,14.553296089172363,16.824378967285156,22.914514541625977,180.00393676757812,,115.00370788574219
2012-09-19,5.392210960388184,14.794246673583984,16.824378967285156,22.69281005859375,178.27586364746094,,115.06645965576172
2012-09-20,5.262553691864014,14.448885917663574,16.635347366333008,22.756582260131836,178.9670867919922,,115.07431030273438
2012-09-21,5.285434246063232,14.328413963317871,16.54784393310547,22.782215118408203,179.82655334472656,,115.02619171142578
2012-09-24,5.308314323425293,14.071401596069336,16.28156089782715,22.666292190551758,177.55987548828125,,114.85269927978516
2012-09-25,5.262553691864014,13.846514701843262,15.825066566467285,22.41918182373047,174.9783477783203,,113.63043212890625
2012-09-26,5.163403034210205,13.444934844970703,15.710945129394531,22.205642700195312,171.76710510253906,,112.99175262451172
2012-09-27,5.315942287445068,13.774230003356934,16.053316116333008,22.507659912109375,175.98573303222656,,114.05622863769531
2012-09-28,5.2244181632995605,13.46099853515625,15.825066566467285,22.400880813598633,175.3246307373047,,113.52794647216797
2012-10-01,5.270181179046631,13.332493782043457,15.748988151550293,22.513761520385742,176.8672332763672,,113.82764434814453
2012-10-02,5.254926681518555,13.308395385742188,15.710945129394531,22.553407669067383,177.05606079101562,,113.94586944580078
2012-10-03,5.216792106628418,13.091543197631836,15.520734786987305,22.275800704956055,173.08937072753906,,114.4111099243164
2012-10-04,5.2244181632995605,13.661788940429688,15.710945129394531,22.498510360717773,175.60794067382812,,115.23123168945312
2012-10-05,5.239672660827637,13.268240928649902,15.596818923950195,22.446643829345703,174.38011169433594,,115.23912811279297
2012-10-08,5.216792106628418,13.203985214233398,15.520734786987305,22.48324966430664,174.53756713867188,,114.8448257446289
2012-10-09,5.110014915466309,12.99516487121582,15.330533027648926,22.513761520385742,177.3709716796875,,113.70932006835938
2012-10-10,5.079506874084473,12.794373512268066,15.178363800048828,22.0927677154541,174.34866333007812,,112.98381805419922
2012-10-11,5.186283588409424,12.826499938964844,15.368575096130371,22.25750160217285,176.61538696289062,,113.04692840576172
2012-10-12,5.14815092086792,12.68193244934082,15.178363800048828,22.135469436645508,174.94688415527344,,112.67630767822266
2012-10-15,5.178655624389648,12.61767864227295,15.178363800048828,22.248353958129883,174.8208465576172,,113.61469268798828
2012-10-16,5.293060779571533,12.786340713500977,15.406617164611816,22.60222625732422,178.18948364257812,,114.7659683227539
2012-10-17,5.331194877624512,12.938943862915039,15.634861946105957,22.88593101501465,180.6136474609375,,115.2863998413086
2012-10-18,5.361701965332031,12.770278930664062,15.444653511047363,22.882883071899414,180.17283630371094,,114.9867935180664
2012-10-19,5.270181179046631,12.087590217590332,15.064250946044922,22.522907257080078,176.74127197265625,,113.07057189941406
2012-10-22,5.209164619445801,12.17593765258789,14.950119018554688,22.4100399017334,174.38011169433594,,113.08634185791016
2012-10-23,5.033747673034668,12.103652954101562,14.912084579467773,21.88836669921875,169.87815856933594,,111.51716613769531
2012-10-24,5.00324010848999,11.95105266571045,14.912084579467773,21.720582962036133,167.17063903808594,,111.2016830444336
2012-10-25,5.010866165161133,11.95105266571045,14.912084579467773,21.924985885620117,168.55587768554688,,111.5250015258789
2012-10-26,4.987985134124756,11.830578804016113,14.8359956741333,21.952436447143555,169.7207489013672,,111.46188354492188
2012-10-31,4.965106010437012,11.782390594482422,14.950119018554688,21.946338653564453,169.28001403808594,,111.46188354492188
2012-11-01,5.00324010848999,12.055464744567871,15.140325546264648,22.040904998779297,171.07449340820312,,112.62899780273438
2012-11-02,4.934596061706543,11.854673385620117,14.759917259216309,21.67787742614746,167.98927307128906,,111.62748718261719
2012-11-05,4.904088973999023,11.9912109375,14.874040603637695,21.842607498168945,169.78378295898438,,111.856201171875
2012-11-06,5.010866165161133,12.256255149841309,15.216407775878906,22.193431854248047,172.49119567871094,,112.73152160644531
2012-11-07,4.957478046417236,11.959084510803223,14.797961235046387,21.61381721496582,165.974365234375,,110.17658233642578
2012-11-08,4.896462440490723,11.686010360717773,14.417552947998047,21.223331451416016,162.54283142089844,,108.85181427001953
2012-11-09,4.843074798583984,11.694042205810547,14.341466903686523,21.217235565185547,162.7632293701172,,108.94642639160156
2012-11-12,4.812567234039307,11.718135833740234,14.265380859375,21.25994110107422,161.9132080078125,,109.033203125
2012-11-13,4.8049397468566895,11.380807876586914,13.961057662963867,21.171480178833008,161.8501739501953,,108.65470123291016
2012-11-14,4.736297607421875,10.874815940856934,13.542608261108398,20.91521453857422,160.59091186523438,,107.18799591064453
2012-11-15,4.759178638458252,10.521424293518066,13.466523170471191,20.94268035888672,159.58348083496094,,107.00662231445312
2012-11-16,4.835448265075684,10.264412879943848,13.428483009338379,21.025039672851562,161.00021362304688,,107.534912109375
2012-11-19,4.904088973999023,10.417013168334961,13.656731605529785,21.510087966918945,166.32069396972656,,109.71133422851562
2012-11-20,4.843074798583984,10.2483491897583,13.694769859313965,21.424673080444336,165.75399780273438,,109.75865936279297
2012-11-21,4.896462440490723,10.2483491897583,13.732810974121094,21.540603637695312,167.07623291015625,,109.96368408203125
2012-11-23,4.97273063659668,10.513392448425293,13.961057662963867,21.845666885375977,169.62628173828125,,111.46188354492188
2012-11-26,5.05662727355957,10.633866310119629,14.113221168518066,21.632116317749023,165.94287109375,,111.22540283203125
2012-11-27,4.995611667633057,10.730245590209961,14.151261329650879,21.452129364013672,164.6520538330078,,110.65760040283203
2012-11-28,5.018492698669434,11.276397705078125,14.379508018493652,21.647371292114258,166.19479370117188,,111.54863739013672
2012-11-29,5.064253807067871,11.469156265258789,14.493631362915039,21.696184158325195,167.6429901123047,,112.06912231445312
2012-11-30,5.071879863739014,11.493250846862793,14.569714546203613,21.67787742614746,166.88735961914062,,112.09278106689453
2012-12-03,5.026120662689209,11.35671329498291,14.455592155456543,21.558900833129883,165.75399780273438,,111.54076385498047
2012-12-04,5.071879863739014,11.453092575073242,14.493631362915039,21.47959327697754,164.87249755859375,,111.38312530517578
2012-12-05,5.110014915466309,11.412933349609375,14.455592155456543,21.629070281982422,169.94110107421875,,111.58023071289062
2012-12-06,5.14815092086792,11.493250846862793,14.531672477722168,21.699222564697266,169.46893310546875,,111.95872497558594
2012-12-07,5.239672660827637,11.84664249420166,14.60775375366211,21.83041000366211,171.07449340820312,,112.29784393310547
2012-12-10,5.209164619445801,12.01530647277832,14.797961235046387,21.80600357055664,170.1300811767578,,112.34506225585938
2012-12-11,5.2320475578308105,12.296412467956543,15.140325546264648,21.934133529663086,170.82260131835938,,113.10999298095703
2012-12-12,5.315942287445068,13.340524673461914,15.368575096130371,22.01345443725586,171.48373413085938,,113.16519165039062
2012-12-13,5.331194877624512,13.179892539978027,15.216407775878906,21.809051513671875,169.1226043701172,,112.4712905883789
2012-12-14,5.415091037750244,13.517219543457031,15.368575096130371,21.726688385009766,169.46893310546875,,112.05333709716797
2012-12-17,5.628976345062256,13.46099853515625,15.482702255249023,21.924985885620117,171.73562622070312,,113.3702163696289
2012-12-18,5.536319255828857,13.412809371948242,15.710945129394531,22.327665328979492,175.95428466796875,,114.63190460205078
2012-12-19,5.628976345062256,14.047306060791016,15.748988151550293,22.175138473510742,174.38011169433594,,113.78025817871094
2012-12-20,5.706191539764404,13.838485717773438,15.672896385192871,22.32461166381836,175.67092895507812,,114.43477630615234
2012-12-21,5.683027744293213,13.444934844970703,15.520734786987305,22.098018646240234,174.37586975097656,,113.39607238769531
2012-12-24,5.644417762756348,13.325549125671387,15.406617164611816,21.929384231567383,171.52603149414062,,113.04662322998047
2012-12-26,5.713913440704346,13.536229133605957,15.520734786987305,21.831262588500977,170.8927459716797,,112.57012176513672
2012-12-27,5.665023326873779,13.448446273803711,15.444653511047363,21.791400909423828,169.6895294189453,,112.41924285888672
2012-12-28,5.509815692901611,13.351883888244629,15.330533027648926,21.411197662353516,166.6497039794922,,111.20420837402344
2012-12-31,5.564140319824219,13.729352951049805,15.520734786987305,21.898727416992188,171.24107360839844,,113.09426879882812
2013-01-02,5.742625713348389,14.414066314697266,16.167430877685547,22.383180618286133,175.00918579101562,,115.99285125732422
2013-01-03,5.843510627746582,15.923944473266602,16.73805809020996,22.377050399780273,175.45242309570312,,115.73080444335938
2013-01-04,5.874551773071289,16.03806495666504,16.776090621948242,22.625410079956055,177.35231018066406,,116.23907470703125
2013-01-07,5.8202290534973145,15.651815414428711,16.395681381225586,22.450641632080078,176.49734497070312,,115.92144775390625
2013-01-08,5.7503862380981445,15.853715896606445,16.433717727661133,22.377050399780273,176.65567016601562,,115.587890625
2013-01-09,5.859032154083252,16.7227725982666,16.70001792907715,22.340248107910156,174.47084045410156,,115.88170623779297
2013-01-10,5.959914207458496,16.687664031982422,16.54784393310547,22.542627334594727,177.16233825683594,,116.80292510986328
2013-01-11,5.944393634796143,16.643768310546875,16.62392807006836,22.570222854614258,177.7005615234375,,116.79500579833984
2013-01-14,5.905594348907471,16.345304489135742,16.47176170349121,22.57328224182129,177.41566467285156,,116.71558380126953
2013-01-15,5.874551773071289,16.354082107543945,16.585891723632812,22.674468994140625,178.96717834472656,,116.79500579833984
2013-01-16,5.827990531921387,16.081953048706055,16.433717727661133,22.775650024414062,179.0938262939453,,116.779052734375
2013-01-17,5.897833824157715,16.204851150512695,16.47176170349121,22.919769287109375,180.55043029785156,,117.53353881835938
2013-01-18,5.859032154083252,15.950281143188477,16.47176170349121,23.14666175842285,181.12034606933594,,117.79559326171875
2013-01-22,5.859032154083252,16.555986404418945,16.776090621948242,23.3674259185791,183.78016662597656,,118.43092346191406
2013-01-23,5.8823113441467285,16.608654022216797,16.73805809020996,23.287710189819336,182.13357543945312,,118.62154388427734
2013-01-24,5.85127067565918,16.547208786010742,16.70001792907715,23.355159759521484,182.0069580078125,,118.65327453613281
2013-01-25,5.812469005584717,16.16095733642578,16.852176666259766,23.57593536376953,183.33685302734375,,119.32032012939453
2013-01-28,5.727107048034668,15.783489227294922,16.73805809020996,23.536067962646484,181.62698364257812,,119.17743682861328
2013-01-29,5.719345569610596,15.713260650634766,16.776090621948242,23.916271209716797,185.1100616455078,,119.64595031738281
2013-01-30,5.7503862380981445,15.53769588470459,16.66196632385254,23.79669189453125,184.57183837890625,,119.17743682861328
2013-01-31,5.680542945861816,15.730817794799805,16.890214920043945,23.716981887817383,183.97012329101562,,118.88359069824219
2013-02-01,5.672783851623535,15.8712739944458,17.00433921813965,23.9377384185791,185.8067169189453,,120.1065902709961
2013-02-04,5.548618793487549,15.607922554016113,16.73805809020996,23.710840225219727,183.621826171875,,118.7564926147461
2013-02-05,5.610701560974121,15.98538875579834,17.00433921813965,23.916271209716797,187.16822814941406,,119.95567321777344
2013-02-06,5.641742706298828,16.21363067626953,17.346708297729492,23.931604385375977,188.33982849121094,,120.04303741455078
2013-02-07,5.657262802124023,16.002948760986328,17.232587814331055,23.870281219482422,187.2948760986328,,119.88420104980469
2013-02-08,5.5796589851379395,15.774711608886719,17.194543838500977,24.094114303588867,189.57476806640625,,120.5512924194336
2013-02-11,5.641742706298828,16.36286163330078,17.384748458862305,23.974538803100586,187.8648681640625,,120.52745056152344
2013-02-12,5.727107048034668,16.933456420898438,17.613000869750977,24.038925170898438,186.72499084472656,,120.72599792480469
2013-02-13,5.703823566436768,17.179248809814453,17.65103530883789,24.124767303466797,188.02320861816406,,120.82923126220703
2013-02-14,5.789188861846924,17.837623596191406,18.031442642211914,24.33327865600586,188.8147735595703,,120.9404296875
2013-02-15,5.85127067565918,17.460155487060547,17.84123992919922,24.054256439208984,185.1417236328125,,120.7974624633789
2013-02-19,5.804708957672119,18.285320281982422,18.25969123840332,24.33327865600586,188.0865478515625,,121.70279693603516
2013-02-20,5.812469005584717,17.705951690673828,17.727113723754883,23.824289321899414,181.46868896484375,,120.18598175048828
2013-02-21,5.719345569610596,16.854454040527344,17.11846160888672,23.658714294433594,181.46868896484375,,119.45533752441406
2013-02-22,5.719345569610596,16.977346420288086,17.42279815673828,23.90707778930664,184.666748046875,,120.62277221679688
2013-02-25,5.665023326873779,16.39797019958496,16.852176666259766,23.281578063964844,178.8404998779297,,118.32769775390625
2013-02-26,5.657262802124023,16.204851150512695,16.852176666259766,23.51154136657715,179.9487762451172,,119.13773345947266
2013-02-27,5.6960649490356445,16.06439781188965,16.776090621948242,23.870281219482422,183.210205078125,,120.63863372802734
2013-02-28,5.657262802124023,15.757155418395996,16.73805809020996,23.821226119995117,183.55853271484375,,120.40036010742188
2013-03-01,5.657262802124023,15.590365409851074,16.66196632385254,23.851877212524414,183.30520629882812,,120.7974624633789
2013-03-04,5.633982181549072,15.449913024902344,16.585891723632812,23.799753189086914,182.3869171142578,,121.4406967163086
2013-03-05,5.680542945861816,15.827383041381836,16.96630096435547,23.95306396484375,184.16014099121094,,122.52867889404297
2013-03-06,5.727107048034668,16.04684066772461,17.346708297729492,23.980669021606445,185.45838928222656,,122.69548034667969
2013-03-07,5.78142786026001,16.310192108154297,17.346708297729492,24.10331916809082,189.79637145996094,,122.91786193847656
2013-03-08,5.78142786026001,16.283857345581055,17.460824966430664,24.219829559326172,191.75955200195312,,123.4419937133789
2013-03-11,5.7503862380981445,15.88005256652832,17.42279815673828,24.232097625732422,191.98129272460938,,123.91053009033203
2013-03-12,5.633982181549072,16.07317543029785,17.498876571655273,24.259685516357422,192.4244842529297,,123.6325912475586
2013-03-13,5.5796589851379395,15.256786346435547,17.270626068115234,24.204484939575195,191.56954956054688,,123.8072509765625
2013-03-14,5.665023326873779,15.335794448852539,17.308670043945312,24.535640716552734,196.63592529296875,,124.46642303466797
2013-03-15,5.688304901123047,15.090001106262207,17.270626068115234,24.516244888305664,196.74069213867188,,124.3021240234375
2013-03-18,5.618461608886719,14.519408226013184,17.00433921813965,24.319124221801758,195.7245635986328,,123.61605072021484
2013-03-19,5.633982181549072,14.536962509155273,16.928253173828125,24.051166534423828,192.54933166503906,,123.32886505126953
2013-03-20,5.672783851623535,15.037328720092773,17.00433921813965,24.186681747436523,194.04164123535156,,124.19039916992188
2013-03-21,5.7581467628479,14.738865852355957,16.852176666259766,24.06348991394043,191.34268188476562,,123.12953186035156
2013-03-22,5.835751056671143,14.703752517700195,16.70001792907715,24.254446029663086,191.78726196289062,,124.11868286132812
2013-03-25,5.610701560974121,13.940034866333008,16.54784393310547,24.162050247192383,191.05699157714844,,123.60017395019531
2013-03-26,5.688304901123047,14.071708679199219,16.54784393310547,24.41767692565918,193.4066162109375,,124.58924102783203
2013-03-27,5.719345569610596,14.010263442993164,16.433717727661133,24.497760772705078,192.8350372314453,,124.58924102783203
2013-03-28,5.71158504486084,14.045374870300293,16.54784393310547,24.42691993713379,192.07302856445312,,124.97213745117188
2013-04-01,5.71158504486084,13.843474388122559,16.24351692199707,24.377649307250977,189.9456024169922,,124.47760772705078
2013-04-02,5.641742706298828,13.782024383544922,16.167430877685547,24.23904800415039,186.92904663085938,,125.09181213378906
2013-04-03,5.602941513061523,13.439667701721191,15.90114974975586,23.786298751831055,182.54718017578125,,123.82350158691406
2013-04-04,5.649502277374268,13.588900566101074,16.015275955200195,23.75550079345703,182.54718017578125,,124.32604217529297
2013-04-05,5.602941513061523,13.439667701721191,15.97723388671875,23.807865142822266,185.08740234375,,123.76763153076172
2013-04-08,5.680542945861816,13.825915336608887,16.167430877685547,23.96802520751953,187.91334533691406,,124.60520935058594
2013-04-09,5.959914207458496,15.84493637084961,16.852176666259766,24.171287536621094,190.1678466796875,,125.03602600097656
2013-04-10,6.021996974945068,15.722039222717285,16.96630096435547,24.300640106201172,191.2156982421875,,126.5675048828125
2013-04-11,6.084080219268799,15.590365409851074,17.11846160888672,24.405357360839844,190.5171661376953,,126.98230743408203
2013-04-12,6.316890716552734,15.423577308654785,17.00433921813965,24.023448944091797,186.45274353027344,,126.67121124267578
2013-04-15,6.309128284454346,14.607189178466797,16.1293888092041,23.04403305053711,175.21221923828125,,123.73570251464844
2013-04-16,6.355689525604248,15.054884910583496,16.509807586669922,23.327390670776367,178.95909118652344,,125.56244659423828
2013-04-17,6.169443130493164,14.738865852355957,16.053316116333008,22.816116333007812,173.71986389160156,,123.72779846191406
2013-04-18,6.053038120269775,14.703752517700195,16.015275955200195,23.01015853881836,175.9743194580078,,122.95404815673828
2013-04-19,6.247045993804932,15.072443962097168,16.319597244262695,22.96395492553711,174.9264678955078,,124.02293395996094
2013-04-22,6.247045993804932,15.836159706115723,16.585891723632812,23.210346221923828,175.9108123779297,,124.57334899902344
2013-04-23,6.309128284454346,16.468202590942383,17.042383193969727,23.478307723999023,177.53021240234375,,125.85758209228516
2013-04-24,6.394491672515869,16.9246768951416,17.42279815673828,23.79245376586914,181.94383239746094,,125.93733215332031
2013-04-25,6.425532341003418,17.056352615356445,17.727113723754883,23.810943603515625,182.22962951660156,,126.44791412353516
2013-04-26,6.394491672515869,17.27581214904785,17.803197860717773,23.770893096923828,180.64199829101562,,126.22457122802734
2013-04-29,6.5419392585754395,18.030752182006836,18.183605194091797,24.01113510131836,183.53146362304688,,127.07003021240234
2013-04-30,6.5962605476379395,17.890296936035156,18.221654891967773,24.106611251831055,182.16612243652344,,127.37315368652344
2013-05-01,6.611781120300293,17.504047393798828,17.803197860717773,23.730859756469727,178.133544921875,,126.25640106201172
2013-05-02,6.611781120300293,17.899072647094727,18.25969123840332,24.041933059692383,181.435791015625,,127.42900848388672
2013-05-03,6.650582313537598,17.784955978393555,18.335777282714844,24.476205825805664,186.3574981689453,,128.7212371826172
2013-05-06,6.689383029937744,17.95174217224121,18.564022064208984,24.64251708984375,187.88169860839844,,129.04827880859375
2013-05-07,6.712663650512695,17.40748405456543,18.25969123840332,24.83346939086914,190.3265838623047,,129.70237731933594
2013-05-08,6.844590187072754,17.591833114624023,18.335777282714844,24.873517990112305,189.88211059570312,,130.2926483154297
2013-05-09,6.782506465911865,17.74984359741211,18.60206413269043,24.851957321166992,189.05648803710938,,129.9257049560547
2013-05-10,6.836830139160156,18.91736602783203,19.28679656982422,24.72259521484375,189.05648803710938,,130.34852600097656
2013-05-13,6.844590187072754,19.6284122467041,19.743295669555664,24.719526290893555,188.23086547851562,,130.4521942138672
2013-05-14,7.030837059020996,19.373836517333984,19.819374084472656,25.070636749267578,192.2000274658203,,131.80027770996094
2013-05-15,7.0541181564331055,20.00588035583496,20.009580612182617,24.999788284301758,191.53317260742188,,132.5101318359375
2013-05-16,7.030837059020996,19.707416534423828,20.009580612182617,24.876590728759766,190.1043243408203,,131.8879852294922
2013-05-17,7.061877727508545,20.743261337280273,20.5801944732666,25.292394638061523,194.3592071533203,,133.16432189941406
2013-05-20,7.224843978881836,22.419931411743164,21.455142974853516,25.649660110473633,198.8046112060547,,133.1563720703125
2013-05-21,7.302448749542236,22.68328094482422,21.49318504333496,25.597301483154297,197.66152954101562,,133.34780883789062
2013-05-22,6.9842753410339355,20.866159439086914,20.65627670288086,25.301620483398438,194.70852661132812,,132.35861206054688
2013-05-23,6.836830139160156,21.348968505859375,20.732358932495117,25.313945770263672,194.8037872314453,,131.9757537841797
2013-05-24,6.999795436859131,21.81422233581543,20.922561645507812,25.166093826293945,193.85116577148438,,131.8640594482422
2013-05-28,6.953235149383545,22.209251403808594,21.26493263244629,25.430980682373047,196.77244567871094,,132.65377807617188
2013-05-29,7.100677013397217,22.068796157836914,21.036684036254883,25.37554168701172,196.6453857421875,,131.79229736328125
2013-05-30,7.16276216506958,22.744728088378906,21.30297088623047,25.3170223236084,195.88336181640625,,132.27883911132812
2013-05-31,6.9842753410339355,21.875673294067383,20.770402908325195,24.793432235717773,191.75555419921875,,130.38040161132812
2013-06-03,7.007557392120361,21.858112335205078,20.732358932495117,25.033666610717773,193.4700927734375,,131.09832763671875
2013-06-04,6.976515293121338,21.5245361328125,20.466073989868164,24.83655548095703,193.2796173095703,,130.46815490722656
2013-06-05,6.836830139160156,21.164627075195312,20.009580612182617,24.54703712463379,190.1043243408203,,128.64144897460938
2013-06-06,6.805788993835449,21.743995666503906,20.351943969726562,24.731836318969727,191.8824462890625,,129.80604553222656
2013-06-07,6.875631809234619,21.568429946899414,20.428020477294922,25.042909622192383,195.02603149414062,,131.45729064941406
2013-06-10,6.9842753410339355,22.779844284057617,20.884521484375,24.972076416015625,194.8037872314453,,131.45729064941406
2013-06-11,6.821309566497803,21.70888328552246,20.31390953063965,24.593229293823242,190.6759033203125,,130.10128784179688
2013-06-12,6.790268421173096,20.69059181213379,19.933496475219727,24.442323684692383,188.77073669433594,,129.0243377685547
2013-06-13,6.953235149383545,20.98027992248535,20.275867462158203,24.851957321166992,192.2317657470703,,130.98667907714844
2013-06-14,6.836830139160156,20.99783706665039,20.1617374420166,24.611722946166992,189.65982055664062,,130.16500854492188
2013-06-17,7.04635763168335,21.81422233581543,20.389991760253906,24.96590805053711,193.21612548828125,,131.17013549804688
2013-06-18,7.131723403930664,21.54209327697754,20.65627670288086,25.107587814331055,194.89901733398438,,132.20703125
2013-06-19,6.945473670959473,21.041725158691406,20.466073989868164,24.876590728759766,193.62890625,,130.38040161132812
2013-06-20,6.7049055099487305,19.865427017211914,19.629165649414062,24.149728775024414,185.5001983642578,,127.14981079101562
2013-06-21,6.720425128936768,20.181447982788086,19.694561004638672,24.19120216369629,185.23892211914062,,127.55799102783203
2013-06-24,6.495375633239746,19.338726043701172,19.23297691345215,23.832218170166016,182.33958435058594,,125.94620513916016
2013-06-25,6.579384803771973,19.882984161376953,19.656097412109375,24.13858413696289,185.81234741210938,,127.15705871582031
2013-06-26,6.728559494018555,20.35701560974121,20.079221725463867,24.28713035583496,186.16290283203125,,128.41603088378906
2013-06-27,6.9091386795043945,20.699371337890625,20.61774444580078,24.33355712890625,185.9398651123047,,129.16981506347656
2013-06-28,6.862030506134033,20.848602294921875,20.733137130737305,24.23142433166504,185.3663330078125,,128.64053344726562
2013-07-01,6.885585784912109,21.331411361694336,21.079336166381836,24.404735565185547,186.76820373535156,,129.3943328857422
2013-07-02,6.885585784912109,21.024171829223633,20.848541259765625,24.457347869873047,187.02313232421875,,129.27401733398438
2013-07-03,6.814924240112305,20.9188289642334,20.81007194519043,24.441865921020508,188.0426788330078,,129.33016967773438
2013-07-05,6.846327781677246,21.70888328552246,21.464000701904297,24.745141983032227,191.00576782226562,,130.72547912597656
2013-07-08,6.956247806549072,21.902009963989258,21.579395294189453,24.90607261657715,191.54736328125,,131.47122192382812
2013-07-09,7.003355026245117,21.419193267822266,21.464000701904297,25.159839630126953,193.7139129638672,,132.41741943359375
2013-07-10,6.9876508712768555,21.77033042907715,21.579395294189453,25.00510025024414,193.26779174804688,,132.4655303955078
2013-07-11,7.152529239654541,22.560382843017578,22.040990829467773,25.206262588500977,195.43446350097656,,134.26992797851562
2013-07-12,7.144677639007568,22.29703140258789,22.040990829467773,25.348615646362305,195.1475830078125,,134.3259735107422
2013-07-15,7.278151035308838,24.193157196044922,22.69490623474121,25.326955795288086,193.77757263183594,,134.83917236328125
2013-07-16,7.3017048835754395,24.403839111328125,22.502574920654297,25.172210693359375,193.26779174804688,,134.333984375
2013-07-17,7.317407131195068,24.210712432861328,22.65644073486328,25.283626556396484,195.1157989501953,,134.67886352539062
2013-07-18,7.3331098556518555,24.368722915649414,22.579511642456055,25.552865982055664,198.36558532714844,,135.41659545898438
2013-07-19,7.3880696296691895,24.184377670288086,22.541046142578125,25.90875816345215,200.3091278076172,,135.6571807861328
2013-07-22,7.427325248718262,24.869091033935547,22.84877586364746,25.825199127197266,199.70375061035156,,135.92178344726562
2013-07-23,7.419473171234131,24.798864364624023,22.84877586364746,25.868518829345703,200.18165588378906,,135.63311767578125
2013-07-24,7.435178756713867,24.07025718688965,22.387178421020508,25.580720901489258,196.1990509033203,,135.13595581054688
2013-07-25,7.419473171234131,24.44773292541504,22.65644073486328,25.750926971435547,198.7479705810547,,135.46478271484375
2013-07-26,7.364513397216797,24.3336124420166,22.502574920654297,25.685935974121094,197.76019287109375,,135.6090545654297
2013-07-29,7.3017048835754395,24.553071975708008,22.541046142578125,25.47239875793457,196.80442810058594,,135.1920623779297
2013-07-30,7.3331098556518555,24.974430084228516,22.579511642456055,25.422882080078125,196.96376037597656,,135.1920623779297
2013-07-31,7.317407131195068,25.03588104248047,22.77183723449707,25.506444931030273,198.65231323242188,,135.28829956054688
2013-08-01,7.48228120803833,24.438953399658203,22.464109420776367,25.92112922668457,204.2916717529297,,136.85202026367188
2013-08-02,7.545095443725586,24.043926239013672,22.464109420776367,25.80662727355957,203.39962768554688,,137.08450317382812
2013-08-05,7.600051403045654,25.378236770629883,22.88723373413086,25.744728088378906,204.54660034179688,,136.8840789794922
2013-08-06,7.552946090698242,25.00076675415039,22.617979049682617,25.5869083404541,202.73052978515625,,136.10623168945312
2013-08-07,7.3331098556518555,22.929075241088867,21.73325538635254,25.497154235839844,199.8949432373047,,135.6651611328125
2013-08-08,7.427325248718262,23.508447647094727,22.1179141998291,25.636415481567383,201.20120239257812,,136.16232299804688
2013-08-09,7.458729267120361,23.745460510253906,22.07944679260254,25.55905532836914,201.0737762451172,,135.7694091796875
2013-08-12,7.521539211273193,24.07025718688965,22.27178382873535,25.450742721557617,200.117919921875,,135.6090545654297
2013-08-13,7.521539211273193,23.692790985107422,22.07944679260254,25.497154235839844,199.54444885253906,,136.00994873046875
2013-08-14,7.48228120803833,23.763019561767578,21.579395294189453,25.37956428527832,198.39739990234375,,135.312255859375
2013-08-15,7.3331098556518555,22.674503326416016,20.96394157409668,25.240304946899414,197.5690460205078,,133.41989135742188
2013-08-16,7.348814010620117,23.209983825683594,21.079336166381836,25.138181686401367,196.70880126953125,,132.97879028320312
2013-08-19,7.152529239654541,22.455041885375977,20.540813446044922,24.73896026611328,192.72622680664062,,132.12872314453125
2013-08-20,7.152529239654541,23.27142906188965,21.002410888671875,24.89059829711914,194.70156860351562,,132.77833557128906
2013-08-21,7.089720249176025,23.60500717163086,21.156265258789062,24.75443458557129,192.503173828125,,131.96034240722656
2013-08-22,7.246744632720947,24.623294830322266,21.617856979370117,25.122697830200195,196.6132354736328,,133.1632537841797
2013-08-23,7.293851852416992,24.9217586517334,21.925586700439453,25.30219268798828,198.49298095703125,,133.61227416992188
2013-08-26,7.136826992034912,24.64085578918457,21.925586700439453,25.258878707885742,198.9390411376953,,133.1151580810547
2013-08-27,6.948396682739258,23.236316680908203,21.1177978515625,25.101037979125977,197.37789916992188,,130.97412109375
2013-08-28,6.96409797668457,23.262651443481445,21.271663665771484,25.518815994262695,199.95858764648438,,131.43919372558594
2013-08-29,6.979801654815674,23.58745002746582,21.387060165405273,25.252683639526367,198.7161102294922,,131.64767456054688
2013-08-30,6.9955034255981445,23.84202766418457,21.156265258789062,25.24339485168457,197.5372314453125,,131.23069763183594
2013-09-03,7.176085948944092,25.1324405670166,21.540924072265625,25.429079055786133,199.6400604248047,,131.82411193847656
2013-09-04,7.136826992034912,25.615251541137695,22.00251579284668,25.56523895263672,200.59580993652344,,132.9146728515625
2013-09-05,7.309554576873779,26.352636337280273,22.387178421020508,25.651893615722656,201.83836364746094,,133.08306884765625
2013-09-06,7.380215167999268,26.036609649658203,22.27178382873535,25.6488037109375,202.60301208496094,,133.1472625732422
2013-09-09,7.419473171234131,26.65987777709961,22.69490623474121,25.936601638793945,204.9607696533203,,134.42227172851562
2013-09-10,7.490135192871094,26.98468017578125,23.041099548339844,25.945878982543945,204.48287963867188,,135.41659545898438
2013-09-11,7.5372443199157715,26.67743492126465,22.77183723449707,26.143953323364258,206.58563232421875,,135.84161376953125
2013-09-12,7.435178756713867,26.010276794433594,22.34871482849121,25.989221572875977,206.07589721679688,,135.480712890625
2013-09-13,7.48228120803833,26.185848236083984,22.617979049682617,25.979923248291016,206.26710510253906,,135.78541564941406
2013-09-16,7.552946090698242,26.51064682006836,22.733369827270508,25.97374153137207,205.6298370361328,,136.57127380371094
2013-09-17,7.529391288757324,26.440418243408203,22.733369827270508,26.091337203979492,208.2743377685547,,137.18077087402344
2013-09-18,7.725673675537109,27.212913513183594,23.118030548095703,26.40699577331543,211.0143585205078,,138.76853942871094
2013-09-19,7.678565502166748,27.248027801513672,23.348827362060547,26.342018127441406,210.31346130371094,,138.53594970703125
2013-09-20,7.584351539611816,27.195358276367188,23.329517364501953,26.1284236907959,208.90573120117188,,137.56736755371094
2013-09-23,7.662865161895752,26.773996353149414,23.175016403198242,26.000946044921875,209.00157165527344,,136.9307861328125
2013-09-24,7.67071533203125,27.054901123046875,23.329517364501953,26.02581024169922,209.99099731445312,,136.60853576660156
2013-09-25,7.694270133972168,27.739612579345703,23.793012619018555,26.019603729248047,210.82093811035156,,136.213623046875
2013-09-26,7.843442916870117,28.635007858276367,24.063386917114258,26.06622886657715,212.1614532470703,,136.7374267578125
2013-09-27,7.9455084800720215,29.381168365478516,24.25650978088379,25.976072311401367,211.68272399902344,,136.10891723632812
2013-09-30,8.039728164672852,30.294113159179688,24.52688980102539,25.777090072631836,210.18251037597656,,135.38365173339844
2013-10-01,8.141793251037598,31.523088455200195,24.951763153076172,25.941865921020508,214.36386108398438,,136.4553680419922
2013-10-02,8.21245288848877,31.839107513427734,25.02901268005371,26.000946044921875,214.8106689453125,,136.3264617919922
2013-10-03,8.20460319519043,31.294851303100586,25.02901268005371,25.773984909057617,215.2256317138672,,135.06936645507812
2013-10-04,8.306669235229492,31.68987274169922,25.222135543823242,26.035139083862305,218.3217315673828,,136.09274291992188
2013-10-07,8.173194885253906,31.87421989440918,25.067644119262695,25.820629119873047,214.8106689453125,,134.91622924804688
2013-10-08,8.165346145629883,31.163175582885742,24.52688980102539,25.54391860961914,210.56556701660156,,133.3449249267578
2013-10-09,8.196751594543457,30.20633316040039,23.98614501953125,25.453746795654297,208.6824188232422,,133.44171142578125
2013-10-10,8.345925331115723,31.99711799621582,24.79726791381836,25.926328659057617,215.0979461669922,,136.3184051513672
2013-10-11,8.345925331115723,32.64672088623047,25.415271759033203,26.206138610839844,218.67288208007812,,137.19671630859375
2013-10-14,8.393033027648926,32.77839660644531,25.53113555908203,26.38336753845215,220.5241241455078,,137.7446746826172
2013-10-15,8.385183334350586,32.51504898071289,25.376644134521484,26.286977767944336,220.49217224121094,,136.74545288085938
2013-10-16,8.502952575683594,33.5421142578125,25.608394622802734,26.681833267211914,226.68429565429688,,138.65521240234375
2013-10-17,8.63642406463623,33.95469284057617,25.878767013549805,26.737791061401367,228.0887451171875,,139.5819091796875
2013-10-18,8.762045860290527,34.67451477050781,26.265016555786133,27.030038833618164,232.11041259765625,,140.5247039794922
2013-10-21,8.754195213317871,35.166107177734375,26.226381301879883,26.908796310424805,230.16343688964844,,140.53274536132812
2013-10-22,8.82485580444336,35.973716735839844,26.496767044067383,27.058027267456055,228.47178649902344,,141.3466339111328
2013-10-23,8.597166061401367,34.96420669555664,26.03326416015625,26.63519287109375,222.63067626953125,,140.66973876953125
2013-10-24,8.557910919189453,34.64817810058594,26.187767028808594,26.762659072875977,228.2802734375,,141.13710021972656
2013-10-25,8.424440383911133,33.094417572021484,25.49251937866211,26.924335479736328,228.02487182617188,,141.78175354003906
2013-10-28,8.338075637817383,31.900562286376953,24.951763153076172,26.946088790893555,227.03541564941406,,142.0074005126953
2013-10-29,8.400886535644531,33.120750427246094,25.415271759033203,27.135751724243164,229.46121215820312,,142.7648468017578
2013-10-30,8.338075637817383,32.04978561401367,24.79726791381836,26.952314376831055,225.12026977539062,,142.0557098388672
2013-10-31,8.314522743225098,31.87421989440918,24.79726791381836,26.859050750732422,222.08810424804688,,141.65280151367188
2013-11-01,8.338075637817383,33.068077087402344,25.067644119262695,26.762659072875977,220.74754333496094,,141.99124145507812
2013-11-04,8.51865291595459,35.82448959350586,25.99464225769043,27.095335006713867,227.54608154296875,,142.49087524414062
2013-11-05,8.479398727416992,36.27218246459961,26.226381301879883,26.84971046447754,222.82225036621094,,142.0395965576172
2013-11-06,8.542210578918457,35.58747100830078,25.801517486572266,26.93055534362793,217.97064208984375,,142.7648468017578
2013-11-07,8.243858337402344,33.77912139892578,24.60413932800293,26.513938903808594,211.87420654296875,,140.9598388671875
2013-11-08,8.353776931762695,35.29778289794922,25.338016510009766,26.908796310424805,217.26837158203125,,142.86158752441406
2013-11-11,8.369478225708008,36.509193420410156,25.878767013549805,26.958539962768555,218.03436279296875,,142.88572692871094
2013-11-12,8.27526569366455,35.05198669433594,25.338016510009766,26.709808349609375,215.44900512695312,,142.59561157226562
2013-11-13,8.385183334350586,35.99127197265625,25.878767013549805,26.942991256713867,218.67288208007812,,143.73985290527344
2013-11-14,8.502952575683594,35.93860626220703,25.76288604736328,27.10465431213379,220.97097778320312,,144.45709228515625
2013-11-15,8.550061225891113,35.63136291503906,25.724266052246094,27.253887176513672,221.2581787109375,,145.08555603027344
2013-11-18,8.550061225891113,34.911529541015625,25.26076889038086,27.045581817626953,214.84259033203125,,144.5779266357422
2013-11-19,8.369478225708008,33.57722854614258,24.60413932800293,27.092226028442383,213.72544860839844,,144.26365661621094
2013-11-20,8.290966033935547,34.02492141723633,24.4110164642334,27.02694320678711,213.8212432861328,,143.8124237060547
2013-11-21,8.377330780029297,34.8325309753418,24.835887908935547,27.28498649597168,219.94955444335938,,144.97276306152344
2013-11-22,8.353776931762695,34.40239334106445,24.68138885498047,27.43110466003418,221.2581787109375,,145.697998046875
2013-11-25,8.251710891723633,33.65623092651367,24.33376693725586,27.18238639831543,218.67288208007812,,145.55291748046875
2013-11-26,8.243858337402344,33.91957473754883,24.25650978088379,27.11398696899414,220.07720947265625,,145.59326171875
2013-11-27,8.290966033935547,34.367286682128906,24.52688980102539,26.93055534362793,217.20458984375,,145.94775390625
2013-11-29,8.306669235229492,33.893253326416016,24.60413932800293,26.87459945678711,216.34275817871094,,145.85107421875
2013-12-02,8.220305442810059,33.60355758666992,24.4110164642334,26.89324378967285,216.5023956298828,,145.4723358154297
2013-12-03,8.094685554504395,33.3314323425293,24.25650978088379,26.958539962768555,215.9597625732422,,144.84388732910156
2013-12-04,8.126090049743652,33.471885681152344,24.372386932373047,26.871477127075195,215.2256317138672,,144.8276824951172
2013-12-05,8.071131706237793,32.65549850463867,24.179264068603516,26.781322479248047,214.9702606201172,,144.1911163330078
2013-12-06,8.149642944335938,31.5406494140625,23.98614501953125,26.86526870727539,211.2677764892578,,145.802734375
2013-12-09,8.039728164672852,30.22389030456543,23.445398330688477,26.902572631835938,210.88479614257812,,146.17337036132812
2013-12-10,8.071131706237793,30.873485565185547,23.677139282226562,26.821733474731445,211.2996826171875,,145.64962768554688
2013-12-11,7.921957492828369,29.767419815063477,23.05914306640625,26.44242286682129,207.53326416015625,,144.0138702392578
2013-12-12,7.953361988067627,29.539180755615234,22.904640197753906,26.554359436035156,208.9696502685547,,143.53846740722656
2013-12-13,7.969062805175781,29.653297424316406,23.097768783569336,26.467304229736328,208.55471801757812,,143.5223388671875
2013-12-16,8.008322715759277,30.092214584350586,23.40675926208496,26.697368621826172,209.83140563964844,,144.416748046875
2013-12-17,7.9630208015441895,30.812036514282227,23.715768814086914,26.545021057128906,209.83140563964844,,143.95745849609375
2013-12-18,8.002758026123047,30.61891746520996,23.831642150878906,26.946088790893555,211.33151245117188,,146.41513061523438
2013-12-19,8.106072425842285,31.3387451171875,23.908885955810547,27.02382469177246,213.40635681152344,,146.24594116210938
2013-12-20,7.986863136291504,30.4345703125,24.092111587524414,27.071613311767578,216.4551239013672,,147.09661865234375
2013-12-23,8.074280738830566,30.46090316772461,24.131099700927734,27.099729537963867,217.5736846923828,,147.8824920654297
2013-12-24,8.01070499420166,30.346172332763672,24.131099700927734,27.249656677246094,219.04380798339844,,148.20657348632812
2013-12-26,8.08222770690918,30.737506866455078,24.326017379760742,27.443309783935547,217.73341369628906,,148.96002197265625
2013-12-27,8.185541152954102,30.977649688720703,24.559921264648438,27.5776309967041,220.0024871826172,,148.95196533203125
2013-12-30,8.249117851257324,31.822568893432617,24.949766159057617,27.380834579467773,216.80665588378906,,148.92762756347656
2013-12-31,8.296801567077637,31.2889347076416,24.91077995300293,27.646337509155273,219.01181030273438,,149.6324920654297
2014-01-02,8.408061981201172,33.67251205444336,25.49553108215332,27.252782821655273,214.47369384765625,,148.19845581054688
2014-01-03,8.479585647583008,34.01048278808594,25.807415008544922,27.152833938598633,212.5242156982422,,148.17416381835938
2014-01-06,8.408061981201172,34.081634521484375,25.690458297729492,27.190309524536133,211.37371826171875,,147.74476623535156
2014-01-07,8.5352144241333,35.17559051513672,26.236228942871094,27.396465301513672,213.32322692871094,,148.65213012695312
2014-01-08,8.519320487976074,35.54914093017578,26.236228942871094,27.205928802490234,212.3644256591797,,148.68458557128906
2014-01-09,8.5352144241333,35.24673843383789,25.924358367919922,27.121597290039062,211.50160217285156,,148.78184509277344
2014-01-10,8.5352144241333,35.85152816772461,26.158266067504883,27.143447875976562,212.84378051757812,,149.18687438964844
2014-01-13,8.423955917358398,34.70420837402344,25.37858772277832,26.603084564208984,206.89955139160156,,147.20191955566406
2014-01-14,8.503427505493164,36.54525375366211,26.19724464416504,26.949800491333008,210.9263153076172,,148.80613708496094
2014-01-15,8.59084701538086,36.94548797607422,26.66506004333496,26.87171173095703,210.63868713378906,,149.60821533203125
2014-01-16,8.646476745605469,37.95940017700195,26.9769287109375,26.90918731689453,212.84378051757812,,149.41372680664062
2014-01-17,8.662369728088379,37.15005111694336,26.587085723876953,26.865467071533203,210.7345428466797,,148.78184509277344
2014-01-21,8.646476745605469,36.625308990478516,26.743024826049805,27.087234497070312,215.91175842285156,,149.2192840576172
2014-01-22,8.670315742492676,37.07889938354492,27.015920639038086,27.212173461914062,219.87466430664062,,149.31649780273438
2014-01-23,8.511373519897461,35.88710403442383,26.35318946838379,26.902935028076172,217.4138641357422,,148.0931396484375
2014-01-24,8.161700248718262,33.31675720214844,25.261632919311523,26.34070587158203,212.46029663085938,,144.93344116210938
2014-01-27,8.098123550415039,33.90375900268555,25.027725219726562,26.246999740600586,208.36962890625,,144.22047424316406
2014-01-28,8.288856506347656,35.442405700683594,25.61248779296875,26.4469051361084,212.01287841796875,,145.07923889160156
2014-01-29,8.193490028381348,34.53522872924805,25.30061912536621,26.30010414123535,210.67063903808594,,143.68577575683594
2014-01-30,8.30474853515625,35.72701644897461,25.690458297729492,26.384441375732422,211.53353881835938,,145.20889282226562
2014-01-31,8.225276947021484,34.97992706298828,25.61248779296875,26.043968200683594,210.12734985351562,,144.35816955566406
2014-02-03,8.01070499420166,33.35232162475586,24.442968368530273,25.578561782836914,204.66249084472656,,141.10934448242188
2014-02-04,8.026601791381836,33.983802795410156,24.598907470703125,25.840946197509766,208.08201599121094,,142.09786987304688
2014-02-05,8.01070499420166,33.61914825439453,24.326017379760742,25.587932586669922,205.55728149414062,,141.91958618164062
2014-02-06,8.153753280639648,33.77035140991211,24.520936965942383,25.969003677368164,208.33763122558594,,143.79112243652344
2014-02-07,8.360382080078125,35.326786041259766,25.027725219726562,26.25013542175293,210.1593017578125,,145.57347106933594
2014-02-10,8.431901931762695,35.89600372314453,25.49553108215332,26.122060775756836,208.6572723388672,,145.84078979492188
2014-02-11,8.455743789672852,35.35346984863281,25.49553108215332,26.4625186920166,211.5973358154297,,147.43692016601562
2014-02-12,8.487532615661621,35.76258850097656,25.534523010253906,26.400053024291992,213.3871307373047,,147.5098114013672
2014-02-13,8.503427505493164,37.31903076171875,26.236228942871094,26.524995803833008,216.39112854003906,,148.2714080810547
2014-02-14,8.543163299560547,36.91880798339844,26.080293655395508,26.87171173095703,218.11688232421875,,149.08969116210938
2014-02-18,8.60673999786377,38.919944763183594,26.8599853515625,26.993518829345703,221.40867614746094,,149.26797485351562
2014-02-19,8.5352144241333,38.22622299194336,26.431150436401367,27.02788543701172,219.7148895263672,,148.2794952392578
2014-02-20,8.5352144241333,38.697593688964844,27.015920639038086,27.205928802490234,220.1943359375,,149.15444946289062
2014-02-21,8.59084701538086,38.50193405151367,26.62607192993164,26.99040412902832,220.5138702392578,,148.984375
2014-02-24,8.79747200012207,39.871604919433594,27.171846389770508,27.396465301513672,226.0746612548828,,149.81068420410156
2014-02-25,8.733892440795898,39.63146209716797,27.288806915283203,27.38397216796875,224.44476318359375,,149.75401306152344
2014-02-26,8.749789237976074,40.912193298339844,27.795597076416016,27.212173461914062,221.15301513671875,,149.7621307373047
2014-02-27,8.932571411132812,42.032833099365234,28.575279235839844,27.240283966064453,221.02523803710938,,150.54803466796875
2014-02-28,8.87694263458252,41.534767150878906,28.614259719848633,27.37771224975586,222.718994140625,,150.9287872314453
2014-03-03,8.85310173034668,40.62758255004883,28.419342041015625,27.202800750732422,221.8881378173828,,149.86744689941406
2014-03-04,9.186882019042969,43.322452545166016,29.8227596282959,27.49953842163086,226.01071166992188,,151.9739532470703
2014-03-05,9.123299598693848,43.2246208190918,30.290573120117188,27.24339485168457,223.42210388183594,,152.1116180419922
2014-03-06,9.266351699829102,44.6832275390625,30.641408920288086,27.4401912689209,224.2849884033203,,152.4600067138672
2014-03-07,9.226613998413086,44.39862060546875,30.71939468383789,27.493288040161133,224.44476318359375,,152.52488708496094
2014-03-10,9.131247520446777,43.135684967041016,30.485485076904297,27.537015914916992,222.94273376464844,,152.44384765625
2014-03-11,9.115358352661133,42.25518035888672,29.54987907409668,27.22466278076172,218.24484252929688,,151.69032287597656
2014-03-12,9.05972671508789,42.379695892333984,29.744800567626953,27.227792739868164,219.7148895263672,,151.7308349609375
2014-03-13,8.884886741638184,40.9477653503418,29.238004684448242,26.95604133605957,217.4138641357422,,150.02947998046875
2014-03-14,8.773628234863281,40.93886947631836,29.121051788330078,26.981029510498047,220.16236877441406,,149.60821533203125
2014-03-17,8.884886741638184,42.27296829223633,29.238004684448242,27.124704360961914,220.22622680664062,,150.961181640625
2014-03-18,8.932571411132812,43.438072204589844,29.78377914428711,27.35272789001465,224.38084411621094,,152.0387725830078
2014-03-19,9.004095077514648,43.63374328613281,29.588855743408203,27.146575927734375,222.68704223632812,,151.22854614257812
2014-03-20,8.964359283447266,42.7799186706543,29.54987907409668,27.252782821655273,224.5406494140625,,152.1116180419922
2014-03-21,8.845152854919434,40.956661224365234,29.17494010925293,27.327173233032227,225.52047729492188,,151.52171325683594
2014-03-24,8.82925796508789,40.262935638427734,28.510984420776367,27.270668029785156,224.14353942871094,,150.89505004882812
2014-03-25,8.741841316223145,39.693721771240234,28.550037384033203,27.515493392944336,225.45652770996094,,151.61114501953125
2014-03-26,8.686209678649902,38.50193405151367,27.144006729125977,27.386812210083008,222.25436401367188,,150.52078247070312
2014-03-27,8.81336498260498,38.68870544433594,27.026844024658203,27.609663009643555,225.77662658691406,,150.20338439941406
2014-03-28,8.87694263458252,39.16008377075195,27.33930206298828,27.95494270324707,229.39501953125,,150.94390869140625
2014-03-31,8.900782585144043,39.32017517089844,27.65174102783203,27.95494270324707,230.00335693359375,,152.18080139160156
2014-04-01,8.924625396728516,40.307403564453125,28.432865142822266,28.121309280395508,231.31617736816406,,153.1898956298828
2014-04-02,9.012044906616211,40.77878189086914,28.628149032592773,28.22175407409668,234.1019744873047,,153.7025604248047
2014-04-03,8.861048698425293,39.73819351196289,28.08136749267578,28.403812408447266,235.2547149658203,,153.49913024902344
2014-04-04,8.81336498260498,39.07115173339844,27.222126007080078,28.300233840942383,233.10935974121094,,151.6843719482422
2014-04-07,8.710051536560059,37.016632080078125,26.12855339050293,27.826257705688477,227.9540252685547,,150.00804138183594
2014-04-08,8.670315742492676,37.74593734741211,26.714399337768555,28.105615615844727,232.30874633789062,,150.62652587890625
2014-04-09,8.85310173034668,38.884368896484375,27.300243377685547,28.234315872192383,234.5182342529297,,152.24591064453125
2014-04-10,8.574950218200684,36.66088104248047,26.24571990966797,27.841941833496094,231.41213989257812,,149.04788208007812
2014-04-11,8.503427505493164,35.629180908203125,25.698942184448242,27.763471603393555,229.74710083007812,,147.70510864257812
2014-04-14,8.423955917358398,35.27342987060547,25.620824813842773,28.143278121948242,234.64630126953125,,148.86878967285156
2014-04-15,8.384218215942383,34.54412078857422,25.464595794677734,28.519943237304688,238.55279541015625,,149.8941650390625
2014-04-16,8.567002296447754,36.331809997558594,26.12855339050293,28.862085342407227,242.52334594726562,,151.46470642089844
2014-04-17,8.614686965942383,36.04719543457031,26.08950424194336,29.125761032104492,246.10955810546875,,151.6763153076172
2014-04-21,8.59084701538086,36.607513427734375,26.636281967163086,29.323497772216797,247.55067443847656,,152.20521545410156
2014-04-22,8.82925796508789,38.53750991821289,27.33930206298828,29.27642059326172,247.0061798095703,,152.89686584472656
2014-04-23,8.781574249267578,38.25290298461914,26.987802505493164,29.43023109436035,248.70330810546875,,152.53887939453125
2014-04-24,8.749789237976074,38.83100891113281,27.104963302612305,29.43964385986328,249.56785583496094,,152.8480987548828
2014-04-25,8.582898139953613,37.657005310058594,26.480058670043945,29.263874053955078,245.02098083496094,,151.5948944091797
2014-04-28,8.463690757751465,36.0205192565918,25.503652572631836,29.31409454345703,244.5085906982422,,152.0750732421875
2014-04-29,8.463690757751465,36.073883056640625,25.503652572631836,29.449050903320312,247.71063232421875,,152.78297424316406
2014-04-30,8.503427505493164,36.358482360839844,25.737995147705078,29.42393684387207,248.5111846923828,,153.23867797851562
2014-05-01,8.519320487976074,36.785400390625,25.737995147705078,29.3580265045166,245.82147216796875,,153.25494384765625
2014-05-02,8.598791122436523,36.51858139038086,25.659881591796875,29.417680740356445,247.45449829101562,,153.03524780273438
2014-05-05,8.59084701538086,36.28733444213867,25.698942184448242,29.555776596069336,246.87806701660156,,153.32823181152344
2014-05-06,8.519320487976074,35.71812057495117,24.99593162536621,29.599714279174805,245.91757202148438,,151.99359130859375
2014-05-07,8.423955917358398,34.650848388671875,24.410083770751953,29.857114791870117,246.1417236328125,,152.88880920410156
2014-05-08,8.272957801818848,33.957122802734375,23.589902877807617,29.43023109436035,238.7770233154297,,152.72601318359375
2014-05-09,8.320642471313477,33.97490692138672,23.941410064697266,29.401979446411133,238.3606414794922,,152.95388793945312
2014-05-12,8.582898139953613,35.73590850830078,24.449148178100586,29.60913848876953,240.63414001464844,,154.44305419921875
2014-05-13,8.574950218200684,35.40683364868164,24.410083770751953,29.71900177001953,242.71548461914062,,154.58139038085938
2014-05-14,8.598791122436523,35.1489143371582,23.824243545532227,29.731563568115234,240.1858673095703,,153.84898376464844
2014-05-15,8.400115966796875,33.94822311401367,23.511795043945312,29.392549514770508,237.75228881835938,,152.49819946289062
2014-05-16,8.320642471313477,33.50353240966797,23.394628524780273,29.317214965820312,237.6242218017578,,153.0271759033203
2014-05-19,8.384218215942383,33.52131271362305,23.66801643371582,29.408262252807617,239.86561584472656,,153.58863830566406
2014-05-20,8.320642471313477,32.845375061035156,23.19934844970703,29.323497772216797,238.04039001464844,,152.62020874023438
2014-05-21,8.5352144241333,34.55301284790039,24.136690139770508,29.640531539916992,242.10708618164062,,153.9059600830078
2014-05-22,8.638526916503906,35.41572952270508,24.253868103027344,29.612276077270508,241.3705291748047,,154.28033447265625
2014-05-23,8.741841316223145,36.00273132324219,24.605369567871094,29.552640914916992,239.41737365722656,,154.8987579345703
2014-05-27,8.81336498260498,36.25175476074219,24.91781234741211,29.634244918823242,242.01109313964844,,155.8508758544922
2014-05-28,8.79747200012207,36.216182708740234,25.269311904907227,29.684476852416992,244.7648468017578,,155.7369842529297
2014-05-29,8.908726692199707,37.247886657714844,25.542715072631836,29.938722610473633,249.21568298339844,,156.54257202148438
2014-05-30,8.85310173034668,36.278438568115234,25.19120979309082,29.916744232177734,246.6861114501953,,156.79481506347656
2014-06-02,8.89283561706543,36.24287033081055,24.80064582824707,29.879079818725586,243.9002227783203,,156.97389221191406
2014-06-03,8.868996620178223,35.5135612487793,24.410083770751953,29.9826717376709,245.6292724609375,,156.89251708984375
2014-06-04,8.80541706085205,35.691444396972656,24.644418716430664,29.96696662902832,246.30177307128906,,157.20985412597656
2014-06-05,8.924625396728516,35.78927993774414,24.956876754760742,30.139616012573242,248.4470672607422,,158.2351531982422
2014-06-06,8.980257034301758,35.43351364135742,25.034984588623047,30.387577056884766,250.1122589111328,,158.99195861816406
2014-06-09,9.019989967346191,35.691444396972656,25.230268478393555,30.434669494628906,250.91273498535156,,159.15469360351562
2014-06-10,8.980257034301758,35.629180908203125,25.19120979309082,30.384445190429688,249.6318817138672,,159.1710205078125
2014-06-11,8.988203048706055,35.958251953125,25.15215492248535,30.500574111938477,252.09751892089844,,158.61761474609375
2014-06-12,9.004095077514648,36.47410583496094,25.15215492248535,30.601024627685547,255.45973205566406,,157.4946746826172
2014-06-13,9.147146224975586,37.354610443115234,25.4255428314209,30.89293670654297,258.4054870605469,,157.97476196289062
2014-06-16,9.17098331451416,38.02165603637695,25.894214630126953,31.078144073486328,259.0779724121094,,158.10494995117188
2014-06-17,9.329928398132324,39.38242721557617,26.67534828186035,31.05616569519043,259.5263671875,,158.5443878173828
2014-06-18,9.472976684570312,39.56031036376953,27.065906524658203,31.291587829589844,262.31201171875,,159.70806884765625
2014-06-19,9.417346954345703,39.22233581542969,26.792510986328125,31.514455795288086,264.9696044921875,,159.8870849609375
2014-06-20,9.44913387298584,39.818233489990234,27.02030372619629,31.82790184020996,267.25396728515625,,160.21173095703125
2014-06-23,9.393506050109863,39.364646911621094,27.02030372619629,31.941417694091797,267.7353820800781,,160.1626739501953
2014-06-24,9.263686180114746,38.11949157714844,26.39191436767578,31.269746780395508,257.4364929199219,,159.19786071777344
2014-06-25,9.3678617477417,38.911048889160156,26.70610809326172,31.506242752075195,261.54315185546875,,159.91732788085938
2014-06-26,9.431971549987793,39.40021514892578,26.863204956054688,31.540937423706055,260.901611328125,,159.80288696289062
2014-06-27,9.496078491210938,39.498050689697266,26.78464698791504,31.540937423706055,262.1207275390625,,160.1135711669922
2014-06-30,9.5040922164917,39.640357971191406,27.0595760345459,31.56617546081543,263.9815673828125,,160.03182983398438
2014-07-01,9.480049133300781,39.46247482299805,27.21666717529297,31.5850887298584,263.33984375,,161.1029052734375
2014-07-02,9.472040176391602,39.32906723022461,27.02030372619629,31.53778076171875,261.7999572753906,,161.26646423339844
2014-07-03,9.60025405883789,39.755977630615234,26.98102378845215,31.65761375427246,262.2811584472656,,162.0596160888672
2014-07-07,9.447997093200684,38.40409469604492,26.313365936279297,31.414783477783203,256.7949523925781,,161.4954376220703
2014-07-08,9.14348030090332,37.02553176879883,25.68498992919922,31.364343643188477,256.345703125,,160.45700073242188
2014-07-09,9.199575424194336,37.6036376953125,25.881362915039062,31.572477340698242,258.8161315917969,,161.17652893066406
2014-07-10,9.071358680725098,37.176734924316406,25.527904510498047,31.269746780395508,255.06240844726562,,160.53878784179688
2014-07-11,9.095398902893066,37.48802185058594,25.567167282104492,31.030073165893555,251.27659606933594,,160.7594757080078
2014-07-14,9.119439125061035,37.683685302734375,25.84208869934082,31.298114776611328,254.452880859375,,161.5690460205078
2014-07-15,9.095398902893066,37.416866302490234,25.724271774291992,31.16251564025879,248.74195861816406,,161.26646423339844
2014-07-16,9.119439125061035,37.336822509765625,25.567167282104492,31.635541915893555,253.2658233642578,,161.86337280273438
2014-07-17,8.983207702636719,36.00273132324219,24.97806739807129,31.124675750732422,248.22866821289062,,160.02365112304688
2014-07-18,9.151494026184082,37.12336730957031,25.410066604614258,31.216129302978516,251.50108337402344,,161.65895080566406
2014-07-21,9.159510612487793,37.2300910949707,25.68498992919922,31.2634334564209,251.91819763183594,,161.3564453125
2014-07-22,9.279712677001953,37.80820083618164,26.0384521484375,31.48732566833496,254.03578186035156,,162.0596160888672
2014-07-23,9.223618507385254,36.989959716796875,25.881362915039062,31.689146041870117,255.8324737548828,,162.41932678222656
2014-07-24,9.263686180114746,36.81208038330078,25.527904510498047,31.717531204223633,256.0570373535156,,162.4275665283203
2014-07-25,9.239643096923828,36.66977310180664,25.410066604614258,31.484172821044922,252.3353271484375,,161.66712951660156
2014-07-28,9.287725448608398,36.75871658325195,25.370800018310547,31.40848731994629,249.03077697753906,,161.7325439453125
2014-07-29,9.207588195800781,36.420745849609375,25.370800018310547,31.32964515686035,250.02528381347656,,161.0375518798828
2014-07-30,9.231632232666016,36.09166717529297,25.488624572753906,31.143598556518555,247.68316650390625,,161.06202697753906
2014-07-31,8.967182159423828,35.05997085571289,24.703153610229492,30.471906661987305,241.55538940429688,,157.88133239746094
2014-08-01,8.887048721313477,34.33955764770508,24.349685668945312,30.225940704345703,236.64659118652344,,157.39892578125
2014-08-04,9.007250785827637,34.384029388427734,24.46750259399414,30.733661651611328,243.19158935546875,,158.5354766845703
2014-08-05,8.951155662536621,35.13112258911133,24.50678253173828,30.06195831298828,236.58233642578125,,156.99832153320312
2014-08-06,9.031291007995605,35.25563430786133,24.781692504882812,30.150257110595703,237.73739624023438,,157.0474395751953
2014-08-07,9.007250785827637,36.0205192565918,24.86024284362793,29.96105194091797,236.58233642578125,,156.19699096679688
2014-08-08,9.079371452331543,35.90489196777344,24.97806739807129,30.462451934814453,243.76901245117188,,158.00405883789062
2014-08-11,9.223618507385254,36.829864501953125,25.488624572753906,30.465600967407227,243.8654022216797,,158.4619140625
2014-08-12,9.191563606262207,36.2072868347168,25.09589195251465,30.2417049407959,239.309326171875,,158.24114990234375
2014-08-13,9.319781303405762,37.12336730957031,25.488624572753906,30.33946990966797,239.4698486328125,,159.31227111816406
2014-08-14,9.319781303405762,37.336822509765625,25.92064094543457,30.166017532348633,236.710693359375,,160.06446838378906
2014-08-15,9.359847068786621,37.56806945800781,25.92064094543457,30.389928817749023,240.2399139404297,,160.03182983398438
2014-08-18,9.464025497436523,38.155067443847656,26.39191436767578,30.471906661987305,241.65155029296875,,161.37281799316406
2014-08-19,9.512105941772461,38.71538162231445,26.588287353515625,30.705272674560547,243.9937286376953,,162.21499633789062
2014-08-20,9.520119667053223,38.75986099243164,26.70610809326172,30.771499633789062,244.47496032714844,,162.64833068847656
2014-08-21,9.472040176391602,38.83989715576172,26.66683006286621,30.796709060668945,246.464111328125,,163.12257385253906
2014-08-22,9.439986228942871,38.93773651123047,26.78464698791504,30.59174346923828,244.8920135498047,,162.86912536621094
2014-08-25,9.544159889221191,39.25791931152344,26.823938369750977,30.862945556640625,249.3515625,,163.6949462890625
2014-08-26,9.512105941772461,39.23123550415039,26.863204956054688,31.020612716674805,250.3140869140625,,163.8012237548828
2014-08-27,9.528133392333984,38.90215301513672,26.70610809326172,30.957536697387695,248.99856567382812,,163.73585510253906
2014-08-28,9.439986228942871,38.28847122192383,26.470462799072266,30.963857650756836,250.44241333007812,,163.6458740234375
2014-08-29,9.439986228942871,38.59086608886719,26.823938369750977,31.137290954589844,253.61862182617188,,164.1119384765625
2014-09-02,9.439986228942871,38.52861022949219,26.98102378845215,30.743106842041016,248.9023895263672,,164.03013610839844
2014-09-03,9.520119667053223,39.026676177978516,26.941753387451172,30.825101852416992,249.22317504882812,,163.94020080566406
2014-09-04,9.552173614501953,39.693721771240234,27.0595760345459,30.408845901489258,243.28785705566406,,163.7030792236328
2014-09-05,9.60025405883789,40.34298324584961,27.21666717529297,30.61382484436035,245.95068359375,,164.43898010253906
2014-09-08,9.592241287231445,40.62758255004883,27.687950134277344,30.137645721435547,240.72122192382812,,164.01377868652344
2014-09-09,9.303753852844238,39.45358657836914,26.98102378845215,30.005199432373047,237.76951599121094,,162.97537231445312
2014-09-10,9.375872611999512,40.16510009765625,27.37375831604004,29.932674407958984,238.475341796875,,163.58865356445312
2014-09-11,9.3678617477417,40.262935638427734,27.452314376831055,29.95159339904785,240.01528930664062,,163.7766571044922
2014-09-12,9.335807800292969,40.387451171875,27.530855178833008,29.503803253173828,235.33123779296875,,162.82003784179688
2014-09-15,9.135467529296875,38.72427749633789,26.6275577545166,29.71192741394043,235.7482452392578,,162.69741821289062
2014-09-16,9.127452850341797,38.70649337768555,26.509740829467773,30.07142448425293,239.8228302001953,,163.92388916015625
2014-09-17,9.151494026184082,39.10671615600586,26.863204956054688,29.907442092895508,239.18115234375,,164.14463806152344
2014-09-18,9.14348030090332,39.47137451171875,26.745386123657227,29.75292205810547,235.39529418945312,,165.01951599121094
2014-09-19,9.047319412231445,38.79542922973633,26.417150497436523,29.728517532348633,232.4915313720703,,164.87083435058594
2014-09-22,8.95916748046875,37.61252975463867,25.66575813293457,29.291105270385742,225.44931030273438,,163.59756469726562
2014-09-23,8.903074264526367,37.61252975463867,25.744850158691406,29.205516815185547,225.41714477539062,,162.66107177734375
2014-09-24,9.015267372131348,38.315155029296875,25.903043746948242,29.23086929321289,228.02188110351562,,163.93435668945312
2014-09-25,8.83896541595459,37.185630798339844,25.349390029907227,28.78395652770996,223.0375518798828,,161.28921508789062
2014-09-26,8.927116394042969,37.53248977661133,25.626216888427734,29.154796600341797,226.06031799316406,,162.57070922851562
2014-09-29,8.766840934753418,36.954383850097656,25.626216888427734,29.088239669799805,228.63282775878906,,162.2749481201172
2014-09-30,8.710749626159668,36.1539306640625,25.033010482788086,28.723731994628906,221.33328247070312,,161.84779357910156
2014-10-01,8.486368179321289,35.05107498168945,24.242082595825195,28.137338638305664,214.93414306640625,,159.6544647216797
2014-10-02,8.422260284423828,35.0066032409668,24.51890754699707,27.99152183532715,213.71214294433594,,159.6791229248047
2014-10-03,8.526439666748047,35.611392974853516,24.598005294799805,27.947147369384766,210.68951416015625,,161.43704223632812
2014-10-06,8.286029815673828,34.019378662109375,23.648881912231445,27.978849411010742,209.274658203125,,161.24810791015625
2014-10-07,8.22192096710205,33.610260009765625,23.1743221282959,27.614347457885742,203.42213439941406,,158.759033203125
2014-10-08,8.310070991516113,34.0727424621582,23.490694046020508,27.883756637573242,205.5122833251953,,161.53562927246094
2014-10-09,8.045620918273926,32.12496566772461,22.383386611938477,26.859939575195312,194.35398864746094,,158.3318328857422
2014-10-10,7.885350704193115,31.09326171875,21.632001876831055,26.482759475708008,188.91952514648438,,156.52464294433594
2014-10-13,7.8052167892456055,29.679126739501953,20.801523208618164,25.664968490600586,177.857666015625,,153.95335388183594
2014-10-14,7.789188385009766,30.097143173217773,21.236539840698242,25.3416690826416,174.8992919921875,,154.1916046142578
2014-10-15,7.829257488250732,30.177188873291016,21.711095809936523,25.53501319885254,182.16664123535156,,153.14830017089844
2014-10-16,7.8052167892456055,31.404556274414062,22.304292678833008,25.991453170776367,190.78460693359375,,153.01695251464844
2014-10-17,7.9735002517700195,31.920406341552734,22.304292678833008,26.21332550048828,185.8324737548828,,154.8241729736328
2014-10-20,8.021581649780273,33.03214645385742,22.581119537353516,26.441547393798828,188.30850219726562,,156.32749938964844
2014-10-21,8.173840522766113,33.94822311401367,23.13477897644043,27.24665641784668,194.675537109375,,159.42446899414062
2014-10-22,8.085691452026367,32.961002349853516,22.42293357849121,26.72998809814453,186.12193298339844,,158.2908477783203
2014-10-23,8.125758171081543,33.35232162475586,22.77885627746582,27.227632522583008,191.94229125976562,,160.1309051513672
2014-10-24,8.157814025878906,33.29896545410156,22.81840705871582,27.132532119750977,189.56263732910156,,161.36314392089844
2014-10-27,7.9574737548828125,32.5429801940918,22.42293357849121,26.562002182006836,182.55255126953125,,161.14132690429688
2014-10-28,8.205894470214844,33.62804412841797,23.29296112060547,27.167404174804688,191.0418243408203,,162.98968505859375
2014-10-29,8.149799346923828,33.20113754272461,23.1743221282959,27.256153106689453,193.16416931152344,,162.74319458007812
2014-10-30,8.23794937133789,33.16555404663086,23.2138671875,27.157901763916016,190.27011108398438,,163.78651428222656
2014-10-31,8.37417984008789,34.10831832885742,23.886159896850586,27.70941925048828,195.73666381835938,,165.6594696044922
2014-11-03,8.358153343200684,33.939327239990234,23.92571258544922,27.272008895874023,191.58853149414062,,165.7499237060547
2014-11-04,8.261990547180176,33.50353240966797,23.530237197875977,26.710981369018555,183.67803955078125,,165.1748046875
2014-11-05,8.181854248046875,32.70307540893555,23.2138671875,27.180084228515625,188.8230438232422,,166.21804809570312
2014-11-06,8.101717948913574,32.8009033203125,23.01613998413086,27.522417068481445,190.52734375,,166.88345336914062
2014-11-07,8.181854248046875,32.25837326049805,23.13477897644043,27.826702117919922,198.43785095214844,,167.03955078125
2014-11-10,8.1417818069458,31.831462860107422,23.13477897644043,27.5762939453125,192.8426513671875,,167.56527709960938
2014-11-11,8.133771896362305,31.69805335998535,22.937040328979492,27.658702850341797,195.31863403320312,,167.72958374023438
2014-11-12,8.061650276184082,30.99542999267578,22.73930549621582,27.414642333984375,194.00021362304688,,167.54888916015625
2014-11-13,8.045620918273926,30.452905654907227,22.304292678833008,27.050121307373047,188.56581115722656,,167.73780822753906
2014-11-14,8.085691452026367,31.084375381469727,22.304292678833008,27.325891494750977,193.099853515625,,167.7788848876953
2014-11-17,8.061650276184082,30.781978607177734,21.987926483154297,27.18326187133789,188.2120361328125,,167.88563537597656
2014-11-18,8.117746353149414,32.31174087524414,22.620670318603516,27.205448150634766,188.79086303710938,,168.85501098632812
2014-11-19,8.133771896362305,32.436256408691406,22.383386611938477,27.348079681396484,189.2732696533203,,168.58392333984375
2014-11-20,8.181854248046875,32.792015075683594,22.73930549621582,27.69040298461914,195.575927734375,,168.87965393066406
2014-11-21,8.294041633605957,33.699195861816406,22.857942581176758,28.0517520904541,199.4025421142578,,169.7832489013672
2014-11-24,8.334111213684082,33.71697998046875,22.897497177124023,27.836217880249023,196.60496520996094,,170.25973510742188
2014-11-25,8.358153343200684,33.476844787597656,22.81840705871582,27.382949829101562,193.35708618164062,,170.13650512695312
2014-11-26,8.446300506591797,33.432376861572266,22.81840705871582,27.037458419799805,187.98699951171875,,170.57191467285156
2014-11-28,8.19787883758545,31.778100967407227,21.790189743041992,25.300445556640625,164.25547790527344,,170.2104949951172
2014-12-01,7.949460983276367,30.132720947265625,20.880615234375,25.389209747314453,161.1362762451172,,169.02752685546875
2014-12-02,8.021581649780273,30.710824966430664,21.27608299255371,25.664968490600586,160.42881774902344,,170.1200408935547
2014-12-03,8.061650276184082,31.102163314819336,21.671554565429688,25.978784561157227,163.99822998046875,,170.7772979736328
2014-12-04,8.045620918273926,31.004331588745117,21.47382164001465,25.753725051879883,158.6280975341797,,170.5883331298828
2014-12-05,8.069664001464844,31.315616607666016,21.632001876831055,25.446269989013672,154.76930236816406,,170.86764526367188
2014-12-08,7.933431148529053,30.346172332763672,20.8410701751709,24.41611671447754,143.9646453857422,,169.7257843017578
2014-12-09,7.909390926361084,30.43511199951172,21.196992874145508,24.682371139526367,150.94273376464844,,169.6107940673828
2014-12-10,7.917402744293213,30.319494247436523,20.485153198242188,23.92165184020996,143.70745849609375,,166.89170837402344
2014-12-11,7.917402744293213,30.497373580932617,20.406055450439453,23.90580177307129,142.6462860107422,,167.73780822753906
2014-12-12,7.789188385009766,29.8925838470459,20.01059341430664,23.462038040161133,141.26356506347656,,165.02696228027344
2014-12-15,7.717066764831543,29.33226203918457,19.694215774536133,23.252836227416992,137.4691162109375,,163.89328002929688
2014-12-16,7.709052085876465,28.843097686767578,19.694215774536133,23.4588680267334,141.10279846191406,,162.57891845703125
2014-12-17,7.676997661590576,29.430097579956055,20.32697105407715,24.431970596313477,152.5504608154297,,165.76622009277344
2014-12-18,7.869323253631592,29.97262954711914,20.643341064453125,24.90108299255371,153.2257843017578,,169.86544799804688
2014-12-19,7.825262069702148,30.426218032836914,21.031173706054688,25.69683265686035,161.48751831054688,,170.58819580078125
2014-12-22,7.866060733795166,30.417325973510742,21.071157455444336,25.435300827026367,156.9012908935547,,171.3729248046875
2014-12-23,7.8986992835998535,30.657461166381836,21.11113929748535,25.744667053222656,161.29371643066406,,171.6042022705078
2014-12-24,7.915017127990723,30.920263290405273,21.19110870361328,25.556499481201172,158.41921997070312,,171.62071228027344
2014-12-26,7.955820083618164,31.27368927001953,21.31105613708496,25.550119400024414,157.64410400390625,,172.1741485595703
2014-12-29,7.931336879730225,30.775270462036133,21.19110870361328,25.642606735229492,157.06268310546875,,172.40542602539062
2014-12-30,7.8986992835998535,30.494340896606445,20.951210021972656,25.438491821289062,154.86647033691406,,171.48031616210938
2014-12-31,7.8986992835998535,30.902137756347656,21.071157455444336,25.24711799621582,154.5758056640625,,169.7786865234375
2015-01-02,7.955820083618164,30.793394088745117,21.031173706054688,25.365123748779297,156.15835571289062,,169.6878662109375
2015-01-05,7.784463882446289,29.986858367919922,20.391443252563477,24.31582260131836,146.1461639404297,,166.62332153320312
2015-01-06,7.768141746520996,29.406875610351562,19.95162582397461,23.958614349365234,141.721435546875,,165.05393981933594
2015-01-07,7.841580867767334,29.415939331054688,19.91164207458496,24.009653091430664,140.30032348632812,,167.1106719970703
2015-01-08,8.029256820678711,30.10466957092285,20.35146141052246,24.54865264892578,145.0480499267578,,170.07603454589844
2015-01-09,8.004775047302246,30.304033279418945,20.191526412963867,24.354095458984375,146.17845153808594,,168.71319580078125
2015-01-12,7.866060733795166,30.068418502807617,19.87166404724121,23.652435302734375,139.20217895507812,,167.3915252685547
2015-01-13,7.890541076660156,30.648399353027344,20.031597137451172,23.464265823364258,138.4270477294922,,166.92071533203125
2015-01-14,7.906859874725342,30.63027572631836,19.91164207458496,23.53762435913086,142.20584106445312,,165.9130096435547
2015-01-15,7.800779819488525,29.470312118530273,19.311901092529297,23.237815856933594,137.4258270263672,,164.3931427001953
2015-01-16,7.866060733795166,29.705928802490234,19.471830368041992,23.99370574951172,143.6592254638672,,166.5489959716797
2015-01-20,7.825262069702148,29.071577072143555,19.15196418762207,24.022401809692383,141.2369384765625,,166.90420532226562
2015-01-21,7.923180103302002,29.452184677124023,19.231931686401367,24.510385513305664,146.6629180908203,,167.74667358398438
2015-01-22,7.955820083618164,29.569997787475586,19.511817932128906,24.625198364257812,146.6952362060547,,170.24127197265625
2015-01-23,7.9884562492370605,30.077476501464844,19.631763458251953,24.449779510498047,147.01821899414062,,169.30792236328125
2015-01-26,8.257728576660156,31.12869644165039,20.07157325744629,24.80061912536621,150.57089233398438,,169.704345703125
2015-01-27,8.298530578613281,31.608991622924805,20.07157325744629,24.784677505493164,153.4777069091797,,167.46591186523438
2015-01-28,8.135334968566895,30.584962844848633,19.551799774169922,23.8087158203125,144.7896728515625,,165.31822204589844
2015-01-29,8.192452430725098,30.8477725982666,19.711732864379883,23.88845443725586,145.88775634765625,,166.84632873535156
2015-01-30,8.143494606018066,30.65746307373047,19.671741485595703,24.09575653076172,149.14987182617188,,164.748291015625
2015-02-02,8.323010444641113,31.618053436279297,20.111555099487305,24.83250617980957,157.87017822265625,,166.78854370117188
2015-02-03,8.559643745422363,33.14957046508789,20.871244430541992,25.511850357055664,165.8153533935547,,169.2005157470703
2015-02-04,8.518844604492188,33.104251861572266,20.671323776245117,25.09084701538086,162.294921875,,168.55621337890625
2015-02-05,8.592284202575684,33.45768356323242,20.991193771362305,25.451251983642578,167.07498168945312,,170.2577667236328
2015-02-06,8.486204147338867,33.56643295288086,20.79127311706543,25.457618713378906,167.9147186279297,,169.78695678710938
2015-02-09,8.50252628326416,33.720489501953125,20.951210021972656,25.48314094543457,167.6885986328125,,169.0270233154297
2015-02-10,8.559643745422363,34.16453170776367,20.991193771362305,25.47037696838379,163.94212341308594,,170.82777404785156
2015-02-11,8.527006149291992,34.29141616821289,21.35103988647461,25.291772842407227,163.94212341308594,,170.92684936523438
2015-02-12,8.682043075561523,34.92576599121094,21.670902252197266,25.623476028442383,167.78546142578125,,172.5706787109375
2015-02-13,8.722840309143066,35.15231704711914,21.710893630981445,26.165664672851562,172.2102508544922,,173.281005859375
2015-02-17,8.714680671691895,35.16138458251953,21.670902252197266,26.245397567749023,174.21273803710938,,173.55355834960938
2015-02-18,8.682043075561523,35.24293899536133,21.710893630981445,25.93283462524414,170.33700561523438,,173.5701141357422
2015-02-19,8.608602523803711,34.78076934814453,21.55095863342285,25.811655044555664,170.40159606933594,,173.44618225097656
2015-02-20,8.657560348510742,34.83513259887695,21.710893630981445,25.687252044677734,168.94822692871094,,174.48699951171875
2015-02-23,8.66572093963623,34.54515075683594,21.830839157104492,25.58201789855957,167.30104064941406,,174.46218872070312
2015-02-24,8.698360443115234,35.77760314941406,22.190689086914062,25.652175903320312,167.13954162597656,,174.95782470703125
2015-02-25,8.877876281738281,35.93167495727539,22.310636520385742,25.79251480102539,170.30467224121094,,174.80909729003906
2015-02-26,8.877876281738281,35.768550872802734,22.150707244873047,25.314109802246094,166.4613494873047,,174.60263061523438
2015-02-27,8.91867733001709,35.79573440551758,21.950788497924805,25.20247459411621,164.1035919189453,,174.00787353515625
2015-03-02,9.057392120361328,36.71101379394531,22.27065658569336,25.027057647705078,161.29371643066406,,175.10653686523438
2015-03-03,9.163473129272461,37.26381301879883,21.910810470581055,25.119548797607422,163.3930206298828,,174.3878631591797
2015-03-04,9.416423797607422,38.88594436645508,21.950788497924805,25.084468841552734,164.2650604248047,,173.6527099609375
2015-03-05,9.857053756713867,40.888702392578125,22.750455856323242,24.934574127197266,162.61790466308594,,173.84271240234375
2015-03-06,9.546982765197754,39.68342971801758,22.310636520385742,24.488052368164062,159.1297607421875,,171.39768981933594
2015-03-09,9.440905570983887,39.049072265625,22.23067283630371,24.312641143798828,157.2241973876953,,172.1080780029297
2015-03-10,9.212430953979492,38.287845611572266,21.710893630981445,23.97456169128418,153.3162078857422,,169.316162109375
2015-03-11,9.31850528717041,38.68657684326172,21.79085922241211,24.04473304748535,155.77081298828125,,168.919677734375
2015-03-12,9.391947746276855,39.09437561035156,21.99077033996582,23.891643524169922,154.34974670410156,,171.0673065185547
2015-03-13,9.24506664276123,38.77720642089844,21.950788497924805,23.80234146118164,154.15597534179688,,170.0182342529297
2015-03-16,9.359306335449219,39.11250686645508,21.79085922241211,24.124462127685547,153.736083984375,,172.289794921875
2015-03-17,9.416423797607422,39.69248580932617,22.150707244873047,24.031978607177734,151.86289978027344,,171.7776641845703
2015-03-18,9.514344215393066,40.39934158325195,22.390602111816406,24.730449676513672,159.2267303466797,,173.84271240234375
2015-03-19,9.465383529663086,40.290592193603516,22.350618362426758,24.338150024414062,154.9311065673828,,173.04974365234375
2015-03-20,9.628579139709473,41.08806610107422,22.635066986083984,24.69618797302246,156.14944458007812,,174.57725524902344
2015-03-23,9.644899368286133,41.205875396728516,22.795305252075195,24.609487533569336,154.2376708984375,,174.23703002929688
2015-03-24,9.734658241271973,41.67710876464844,22.95555877685547,24.44572639465332,155.79298400878906,,173.25799560546875
2015-03-25,9.579620361328125,39.90092086791992,22.27450180053711,24.76361846923828,159.03330993652344,,170.7191162109375
2015-03-26,9.465383529663086,39.710609436035156,22.27450180053711,24.734724044799805,161.2690887451172,,170.31256103515625
2015-03-27,9.489862442016602,40.28152847290039,22.394683837890625,24.532424926757812,157.5428009033203,,170.70248413085938
2015-03-30,9.702017784118652,40.66213607788086,22.514867782592773,25.05902862548828,160.42662048339844,,172.78506469726562
2015-03-31,9.67753791809082,40.263404846191406,22.354629516601562,24.91132926940918,167.3932342529297,,171.2749786376953
2015-04-01,9.816256523132324,40.87057113647461,22.474822998046875,24.904905319213867,162.56515502929688,,170.66929626464844
2015-04-02,9.881534576416016,41.414310455322266,22.675121307373047,24.95627784729004,164.6389923095703,,171.28330993652344
2015-04-06,9.94681167602539,41.84022521972656,22.995620727539062,25.405818939208984,170.24465942382812,,172.43655395507812
2015-04-07,9.979454040527344,41.54117965698242,22.875431060791016,25.421892166137695,171.02235412597656,,171.98020935058594
2015-04-08,10.101847648620605,42.248023986816406,22.83537483215332,25.21637535095215,166.0323028564453,,172.56101989746094
2015-04-09,10.330322265625,43.226749420166016,23.035682678222656,25.620973587036133,169.07815551757812,,173.3243408203125
2015-04-10,10.281362533569336,43.51673889160156,23.195932388305664,25.73335838317871,169.79107666015625,,174.27023315429688
2015-04-13,10.322161674499512,43.987972259521484,23.155868530273438,25.476470947265625,168.36529541015625,,173.48199462890625
2015-04-14,10.281362533569336,43.77047348022461,23.396240234375,25.93564796447754,173.7765655517578,,173.81382751464844
2015-04-15,10.40376091003418,44.178279876708984,23.836917877197266,26.555391311645508,180.25718688964844,,174.59381103515625
2015-04-16,10.460878372192383,44.5770149230957,23.997177124023438,26.49437713623047,179.02586364746094,,174.5439910888672
2015-04-17,10.28952693939209,43.498619079589844,23.43630599975586,26.301715850830078,175.78549194335938,,172.53614807128906
2015-04-20,10.175287246704102,43.498619079589844,23.63661003112793,26.401256561279297,177.0168914794922,,174.11260986328125
2015-04-21,10.240564346313477,43.90641403198242,23.476369857788086,26.121896743774414,171.54078674316406,,173.90518188476562
2015-04-22,10.387441635131836,44.42295837402344,23.63661003112793,26.295289993286133,171.57318115234375,,174.759765625
2015-04-23,10.501677513122559,45.265750885009766,23.836917877197266,26.4751033782959,173.74423217773438,,175.19952392578125
2015-04-24,10.4364013671875,43.960784912109375,23.676673889160156,26.324190139770508,172.93411254882812,,175.6060028076172
2015-04-27,10.420083045959473,43.797672271728516,23.476369857788086,26.295289993286133,171.02235412597656,,174.87588500976562
2015-04-28,10.624076843261719,44.214534759521484,23.917043685913086,26.426944732666016,172.70729064941406,,175.4318084716797
2015-04-29,10.297683715820312,43.54392623901367,23.71673583984375,26.6324520111084,177.60011291503906,,174.70997619628906
2015-04-30,10.191606521606445,42.5923957824707,23.035682678222656,26.54896354675293,178.50741577148438,,172.9592742919922
2015-05-01,10.281362533569336,43.036441802978516,23.235992431640625,26.609968185424805,177.40574645996094,,174.83441162109375
2015-05-04,10.330322265625,42.97300338745117,23.195932388305664,26.542543411254883,175.3319549560547,,175.33226013183594
2015-05-05,10.240564346313477,42.302398681640625,22.795305252075195,26.215011596679688,171.67041015625,,173.3243408203125
2015-05-06,10.158968925476074,41.205875396728516,22.434751510620117,26.112260818481445,170.43910217285156,,172.61085510253906
2015-05-07,10.248726844787598,41.32368469238281,22.434751510620117,25.82968521118164,166.32398986816406,,173.29949951171875
2015-05-08,10.4364013671875,42.62864685058594,22.715187072753906,26.25354766845703,169.8234100341797,,175.58120727539062
2015-05-11,10.314003944396973,42.79176712036133,22.91549301147461,25.75904083251953,167.1016082763672,,174.74313354492188
2015-05-12,10.28952693939209,42.62864685058594,22.875431060791016,25.877853393554688,169.01332092285156,,174.22039794921875
2015-05-13,10.411921501159668,43.27206039428711,22.95555877685547,25.810415267944336,167.3609161376953,,174.2535858154297
2015-05-14,10.452719688415527,43.64360427856445,23.195932388305664,25.80078125,165.54627990722656,,176.07069396972656
2015-05-15,10.501677513122559,43.89735412597656,23.396240234375,25.903545379638672,165.77310180664062,,176.26148986816406
2015-05-18,10.493520736694336,43.67079544067383,23.316116333007812,25.926015853881836,166.55076599121094,,176.8091278076172
2015-05-19,10.36296558380127,43.06363296508789,22.755247116088867,25.556745529174805,161.8523712158203,,176.7510223388672
2015-05-20,10.09368896484375,39.710609436035156,22.715187072753906,25.60491371154785,161.69029235839844,,176.62660217285156
2015-05-21,10.020251274108887,40.77994918823242,22.91549301147461,25.84575080871582,165.41665649414062,,177.14096069335938
2015-05-22,10.085529327392578,40.11841583251953,22.875431060791016,25.75262451171875,164.4769287109375,,176.7178192138672
2015-05-26,10.012088775634766,39.801231384277344,22.594995498657227,25.344818115234375,160.8154296875,,174.8177947998047
2015-05-27,10.069209098815918,39.592796325683594,22.675121307373047,25.299867630004883,161.04225158691406,,176.4772186279297
2015-05-28,9.816256523132324,38.59596252441406,22.83537483215332,25.200313568115234,159.48690795898438,,176.27809143066406
2015-05-29,9.91417407989502,38.505340576171875,22.594995498657227,25.17142105102539,160.49142456054688,,175.1829071044922
2015-06-01,9.75097942352295,37.95254135131836,22.675121307373047,25.107196807861328,159.35731506347656,,175.5396270751953
2015-06-02,9.775455474853516,37.91629409790039,22.795305252075195,25.280603408813477,162.24119567871094,,175.3654022216797
2015-06-03,9.79993724822998,37.83473587036133,22.83537483215332,25.107196807861328,160.6533966064453,,175.8300323486328
2015-06-04,9.661218643188477,37.46318435668945,22.434751510620117,24.766828536987305,157.96401977539062,,174.3448944091797
2015-06-05,9.604101181030273,37.92535400390625,22.91549301147461,24.94023323059082,160.39418029785156,,174.04623413085938
2015-06-08,9.538823127746582,37.182254791259766,22.635066986083984,24.798946380615234,159.68138122558594,,172.975830078125
2015-06-09,9.416423797607422,36.294158935546875,22.434751510620117,24.795726776123047,160.49142456054688,,172.95101928710938
2015-06-10,9.563299179077148,37.13694381713867,22.635066986083984,25.10077667236328,162.8568115234375,,175.02528381347656
2015-06-11,9.57146167755127,38.54158401489258,22.83537483215332,24.988401412963867,161.04225158691406,,175.58941650390625
2015-06-12,9.538823127746582,38.36940002441406,22.83537483215332,24.70902442932129,158.9036407470703,,174.24530029296875
2015-06-15,9.424583435058594,38.523460388183594,22.875431060791016,24.651235580444336,158.67686462402344,,173.4985809326172
2015-06-16,9.47354507446289,38.469085693359375,22.875431060791016,24.843896865844727,161.04225158691406,,174.44444274902344
2015-06-17,9.514344215393066,38.5143928527832,22.83537483215332,24.782878875732422,158.96849060058594,,174.7265625
2015-06-18,9.612261772155762,38.75907516479492,23.07574462890625,24.766828536987305,158.2231903076172,,176.5435791015625
2015-06-19,9.489862442016602,38.69564437866211,22.966957092285156,24.53701400756836,156.22288513183594,,175.7598876953125
2015-06-22,9.604101181030273,38.605018615722656,23.128122329711914,24.837615966796875,156.8083038330078,,176.66029357910156
2015-06-23,9.67753791809082,38.822513580322266,23.16842269897461,24.918434143066406,159.67063903808594,,176.78536987304688
2015-06-24,9.575006484985352,38.57783508300781,22.966957092285156,24.763273239135742,157.94679260253906,,175.50144958496094
2015-06-25,9.475787162780762,38.22441101074219,22.88636589050293,24.511150360107422,156.97096252441406,,174.96783447265625
2015-06-26,9.376564025878906,37.27287292480469,22.725196838378906,24.591957092285156,156.06024169921875,,174.9344940185547
2015-06-29,9.087162971496582,35.378875732421875,21.7984561920166,24.126493453979492,151.0186767578125,,171.26602172851562
2015-06-30,9.19465160369873,35.541996002197266,21.8387508392334,24.294574737548828,151.76673889160156,,171.62452697753906
2015-07-01,9.178116798400879,35.1976318359375,21.476112365722656,23.98426628112793,146.95291137695312,,173.0001983642578
2015-07-02,9.169849395751953,34.93482208251953,21.35523796081543,24.090938568115234,146.36744689941406,,172.84176635742188
2015-07-06,8.797762870788574,32.959259033203125,20.670257568359375,23.774168014526367,142.20404052734375,,172.34991455078125
2015-07-07,8.69027042388916,32.71458435058594,20.58966827392578,23.99073600769043,146.10720825195312,,173.4337615966797
2015-07-08,8.326454162597656,30.512462615966797,19.8241024017334,23.505882263183594,140.64291381835938,,170.52403259277344
2015-07-09,8.75642204284668,31.926172256469727,20.065866470336914,23.625473022460938,143.40760803222656,,170.83245849609375
2015-07-10,9.029281616210938,33.06800842285156,20.388200759887695,23.7547664642334,141.68370056152344,,172.98350524902344
2015-07-13,9.136775016784668,33.865482330322266,20.750843048095703,23.922861099243164,142.78956604003906,,174.8928680419922
2015-07-14,9.153311729431152,34.309532165527344,20.87171745300293,24.094173431396484,147.08302307128906,,175.65150451660156
2015-07-15,8.896984100341797,33.584556579589844,20.388200759887695,23.670730590820312,141.42344665527344,,175.59312438964844
2015-07-16,9.087162971496582,33.99235534667969,20.428503036499023,23.70305061340332,139.76466369628906,,177.00213623046875
2015-07-17,8.971404075622559,33.96516799926758,20.347911834716797,23.415367126464844,135.89401245117188,,177.15220642089844
2015-07-20,8.987939834594727,34.1282844543457,20.2673282623291,23.10506248474121,131.1127166748047,,177.24391174316406
2015-07-21,9.01274585723877,33.584556579589844,20.186738967895508,23.114755630493164,131.893310546875,,176.54364013671875
2015-07-22,8.87217903137207,33.18581771850586,20.025569915771484,22.92728042602539,129.2261505126953,,176.22674560546875
2015-07-23,8.830838203430176,32.51521301269531,19.7838134765625,22.907888412475586,129.42137145996094,,175.23458862304688
2015-07-24,8.764688491821289,32.1436653137207,19.46147346496582,22.46828269958496,125.51824188232422,,173.41708374023438
2015-07-27,8.60758113861084,31.337129592895508,19.300302505493164,22.145050048828125,121.77767944335938,,172.408203125
2015-07-28,8.71507740020752,31.962419509887695,19.66293716430664,22.778589248657227,126.36388397216797,,174.5259246826172
2015-07-29,8.905254364013672,32.841453552246094,20.146451950073242,23.08890151977539,129.71408081054688,,175.72653198242188
2015-07-30,8.706809043884277,32.66926956176758,20.025569915771484,22.92728042602539,127.6649398803711,,175.76824951171875
2015-07-31,8.682001113891602,32.00773239135742,19.7838134765625,22.42626190185547,124.73761749267578,,175.50144958496094
2015-08-03,8.665464401245117,31.010887145996094,19.582351684570312,21.95433235168457,120.76940155029297,,174.9094696044922
2015-08-04,8.591048240661621,30.748083114624023,19.501760482788086,21.87999153137207,121.0621337890625,,174.567626953125
2015-08-05,8.797762870788574,32.252410888671875,19.7838134765625,21.715137481689453,119.5334243774414,,175.14288330078125
2015-08-06,8.657196044921875,30.72995948791504,19.421180725097656,22.061004638671875,124.80264282226562,,173.70889282226562
2015-08-07,8.566242218017578,30.168102264404297,19.018247604370117,21.666648864746094,121.02961730957031,,173.3753662109375
2015-08-10,8.682001113891602,30.956512451171875,19.300302505493164,22.358386993408203,129.35630798339844,,175.55982971191406
2015-08-11,8.516631126403809,29.705928802490234,18.897371292114258,22.400402069091797,128.83592224121094,,173.97567749023438
2015-08-12,8.516631126403809,29.995920181274414,19.058542251586914,22.80768394470215,132.0234375,,174.18414306640625
2015-08-13,8.500092506408691,30.186227798461914,18.97795295715332,22.461814880371094,128.28292846679688,,173.9673614501953
2015-08-14,8.500092506408691,30.05935287475586,19.098833084106445,22.413330078125,127.3396987915039,,174.6009521484375
2015-08-17,8.516631126403809,30.439971923828125,19.139127731323242,22.461814880371094,127.04694366455078,,175.57647705078125
2015-08-18,8.467020034790039,30.004981994628906,18.937664031982422,22.377779006958008,127.50235748291016,,175.06787109375
2015-08-19,8.376066207885742,28.863143920898438,18.454147338867188,21.760391235351562,122.72097778320312,,173.6839141845703
2015-08-20,8.012248039245605,27.231945037841797,17.728879928588867,21.269075393676758,119.46837615966797,,170.0571746826172
2015-08-21,7.788995265960693,25.51012420654297,17.164777755737305,20.525619506835938,115.07734680175781,,164.93792724609375
2015-08-24,7.441716194152832,24.486099243164062,16.640960693359375,19.423381805419922,108.3119125366211,,157.99298095703125
2015-08-25,7.466522693634033,25.047954559326172,16.520090103149414,19.14216423034668,106.78321075439453,,156.1337127685547
2015-08-26,7.673236846923828,25.55543327331543,16.600675582885742,19.801563262939453,110.00322723388672,,162.12831115722656
2015-08-27,7.9874420166015625,26.90570831298828,17.325944900512695,20.78098487854004,117.09396362304688,,166.1385498046875
2015-08-28,8.012248039245605,27.277257919311523,17.60799789428711,21.252910614013672,120.89949035644531,,166.1469268798828
2015-08-31,7.8055338859558105,26.796958923339844,17.68858528137207,21.47271156311035,124.31478118896484,,164.80459594726562
2015-09-01,7.557477951049805,26.16260528564453,17.325944900512695,20.716333389282227,117.71194458007812,,159.8855743408203
2015-09-02,7.681504249572754,26.579465866088867,17.527408599853516,20.907045364379883,119.4033203125,,162.92037963867188
2015-09-03,7.656700134277344,26.987262725830078,17.60799789428711,20.96522331237793,119.98876190185547,,163.03704833984375
2015-09-04,7.499594211578369,26.361970901489258,17.406530380249023,20.619361877441406,117.77702331542969,,160.56919860839844
2015-09-08,7.788995265960693,27.35881233215332,17.93033790588379,20.942604064941406,119.98876190185547,,164.6044921875
2015-09-09,7.755922317504883,27.33163070678711,17.849754333496094,20.548248291015625,116.70365905761719,,162.40342712402344
2015-09-10,7.838608264923096,27.395065307617188,17.809463500976562,20.667850494384766,117.71194458007812,,163.28717041015625
2015-09-11,7.82206916809082,27.386003494262695,17.849754333496094,20.483604431152344,115.46766662597656,,164.0291748046875
2015-09-14,7.755922317504883,27.01445198059082,17.567705154418945,20.305824279785156,112.73548126220703,,163.4205322265625
2015-09-15,7.813799858093262,27.367877960205078,17.728879928588867,20.532089233398438,114.71955871582031,,165.46324157714844
2015-09-16,7.946099758148193,27.712242126464844,18.091508865356445,21.113914489746094,120.21647644042969,,166.8972930908203
2015-09-17,7.970904350280762,27.57630729675293,18.292978286743164,21.100982666015625,119.4033203125,,166.52206420898438
2015-09-18,7.764192581176758,26.670087814331055,17.778648376464844,20.546775817871094,114.83666229248047,,163.80087280273438
2015-09-21,7.780730247497559,26.706335067749023,17.900146484375,20.663999557495117,115.19624328613281,,164.6472930908203
2015-09-22,7.607087135314941,26.081043243408203,17.495162963867188,20.44583511352539,113.49639892578125,,162.51022338867188
2015-09-23,7.491327285766602,25.047954559326172,17.171180725097656,20.18208122253418,110.06405639648438,,162.25047302246094
2015-09-24,7.458252906799316,24.721715927124023,17.09018325805664,20.26999855041504,110.71782684326172,,161.66380310058594
2015-09-25,7.466522693634033,24.341100692749023,16.928197860717773,20.309066772460938,109.41028594970703,,161.6219024658203
2015-09-28,7.276343822479248,22.972705841064453,16.280221939086914,19.49827003479004,103.65699005126953,,157.56561279296875
2015-09-29,7.325956344604492,23.054269790649414,16.19922637939453,19.46896743774414,104.47419738769531,,157.65780639648438
2015-09-30,7.491327285766602,24.051111221313477,16.604206085205078,19.92809295654297,107.3508529663086,,160.59942626953125
2015-10-01,7.58228063583374,24.132667541503906,16.523210525512695,19.96717071533203,108.85456848144531,,161.0184783935547
2015-10-02,7.846875190734863,25.9722957611084,17.252182006835938,20.790992736816406,115.22889709472656,,163.42373657226562
2015-10-05,8.020514488220215,27.186635971069336,18.02164077758789,21.419443130493164,121.17830657958984,,166.3318328857422
2015-10-06,8.094932556152344,27.440378189086914,18.264631271362305,21.89484977722168,127.25855255126953,,165.76193237304688
2015-10-07,8.252036094665527,28.31941032409668,18.548112869262695,22.1716365814209,127.81419372558594,,167.11962890625
2015-10-08,8.334721565246582,28.790647506713867,18.831602096557617,22.59493637084961,132.48873901367188,,168.6280975341797
2015-10-09,8.384333610534668,28.718149185180664,18.99359703063965,22.448410034179688,130.42935180664062,,168.72874450683594
2015-10-12,8.268573760986328,28.301286697387695,18.750608444213867,22.158607482910156,125.98367309570312,,168.88795471191406
2015-10-13,8.194157600402832,28.011293411254883,18.548112869262695,21.927412033081055,123.27043914794922,,167.8236083984375
2015-10-14,8.318183898925781,28.980953216552734,18.507619857788086,22.116275787353516,124.67606353759766,,167.01905822753906
2015-10-15,8.491826057434082,29.696868896484375,18.831602096557617,22.51353645324707,128.30453491210938,,169.58355712890625
2015-10-16,8.425676345825195,29.216571807861328,18.42662239074707,22.542842864990234,128.7948760986328,,170.3545684814453
2015-10-19,8.285109519958496,28.62752914428711,18.467119216918945,22.09674072265625,123.98960876464844,,170.43836975097656
2015-10-20,8.376066207885742,28.47347068786621,18.467119216918945,22.158607482910156,125.00300598144531,,170.2205047607422
2015-10-21,8.285109519958496,27.648807525634766,17.98114013671875,21.885080337524414,120.75337982177734,,169.16453552246094
2015-10-22,8.359526634216309,27.92067527770996,18.02164077758789,22.279083251953125,121.4398193359375,,172.0222930908203
2015-10-23,8.359526634216309,28.16534996032715,18.14313507080078,22.226987838745117,121.047607421875,,173.9080352783203
2015-10-26,8.293378829956055,27.793798446655273,18.102638244628906,21.683197021484375,117.84403991699219,,173.48056030273438
2015-10-27,8.111469268798828,26.58852767944336,17.697656631469727,21.422698974609375,114.37899780273438,,173.14535522460938
2015-10-28,8.16934871673584,27.43131446838379,18.18362808227539,21.89811134338379,118.59591674804688,,175.1147918701172
2015-10-29,8.185887336730957,27.485689163208008,18.14313507080078,22.008819580078125,119.67461395263672,,175.01426696777344
2015-10-30,8.103200912475586,27.005390167236328,18.062137603759766,22.152095794677734,121.21097564697266,,174.25994873046875
2015-11-02,8.227229118347168,27.512874603271484,18.30512237548828,22.669836044311523,124.18572998046875,,176.3216094970703
2015-11-03,8.260305404663086,27.92067527770996,18.548112869262695,23.24944496154785,128.43531799316406,,176.83285522460938
2015-11-04,8.202425003051758,27.639745712280273,18.58860969543457,23.041048049926758,127.61811828613281,,176.2965087890625
2015-11-05,8.185887336730957,27.26819610595703,18.345617294311523,22.845670700073242,128.14114379882812,,176.1204833984375
2015-11-06,8.218960762023926,27.59443473815918,18.345617294311523,22.728445053100586,127.29114532470703,,176.0283203125
2015-11-09,8.078397750854492,27.105073928833008,18.062137603759766,22.503768920898438,127.74883270263672,,174.38571166992188
2015-11-10,7.904755592346191,25.44668960571289,17.37367057800293,22.552614212036133,128.23919677734375,,174.78802490234375
2015-11-11,7.8716816902160645,24.957334518432617,17.130680084228516,22.073942184448242,122.51854705810547,,174.10073852539062
2015-11-12,7.764192581176758,24.395471572875977,16.68520736694336,21.572484970092773,118.85741424560547,,171.6703338623047
2015-11-13,7.673236846923828,24.177978515625,16.64470672607422,21.48456573486328,119.80538177490234,,169.7427978515625
2015-11-16,7.8055338859558105,24.830459594726562,17.009185791015625,22.20093536376953,124.70873260498047,,172.32400512695312
2015-11-17,7.689774990081787,23.561748504638672,16.361217498779297,21.956724166870117,122.32244110107422,,172.19834899902344
2015-11-18,7.755922317504883,24.060169219970703,16.68520736694336,22.318166732788086,124.80681610107422,,174.930419921875
2015-11-19,7.780730247497559,23.543624877929688,16.563705444335938,22.018592834472656,121.57059478759766,,174.77960205078125
2015-11-20,7.780730247497559,23.860801696777344,16.64470672607422,21.78413963317871,118.79207611083984,,175.41650390625
2015-11-23,7.788995265960693,24.00579833984375,16.7257022857666,21.940439224243164,119.80538177490234,,175.21539306640625
2015-11-24,7.82206916809082,24.540470123291016,17.049684524536133,22.409334182739258,124.2837905883789,,175.4499969482422
2015-11-25,7.813799858093262,24.250478744506836,17.009185791015625,22.226987838745117,123.56462097167969,,175.4249267578125
2015-11-27,7.8055338859558105,23.93330192565918,17.252182006835938,22.06743621826172,120.81877136230469,,175.62608337402344
2015-11-30,7.788995265960693,24.051111221313477,17.333173751831055,22.148839950561523,121.37446594238281,,174.8969268798828
2015-12-01,7.913023471832275,24.76702308654785,17.738155364990234,22.32466697692871,122.35513305664062,,176.5646514892578
2015-12-02,7.954367637634277,25.111387252807617,17.778648376464844,21.634353637695312,117.05950164794922,,174.76280212402344
2015-12-03,7.995711803436279,25.337940216064453,17.697656631469727,21.201282501220703,115.49044799804688,,172.31565856933594
2015-12-04,8.061860084533691,25.600744247436523,17.85964584350586,21.067766189575195,112.41767883300781,,175.67633056640625
2015-12-07,7.913023471832275,25.2835693359375,17.61665916442871,20.266746520996094,104.70305633544922,,174.61196899414062
2015-12-08,7.838608264923096,24.857648849487305,17.45466423034668,20.058338165283203,105.3568344116211,,173.43865966796875
2015-12-09,7.838608264923096,25.0932674407959,17.61665916442871,20.322099685668945,106.3048324584961,,172.08938598632812
2015-12-10,7.714578151702881,24.830459594726562,17.535661697387695,20.452346801757812,108.1680908203125,,172.53358459472656
2015-12-11,7.540940761566162,24.187044143676758,17.252182006835938,19.687135696411133,102.8724594116211,,169.1896514892578
2015-12-14,7.755922317504883,25.718557357788086,17.738155364990234,19.791332244873047,100.35542297363281,,170.04449462890625
2015-12-15,7.937829971313477,26.48884391784668,18.062137603759766,20.28952980041504,102.34942626953125,,171.82958984375
2015-12-16,8.293378829956055,28.854080200195312,19.236581802368164,20.156030654907227,100.06122589111328,,174.34378051757812
2015-12-17,8.210693359375,28.54596710205078,19.15558624267578,19.661081314086914,96.62884521484375,,171.68711853027344
2015-12-18,8.177619934082031,28.817829132080078,19.301565170288086,19.31673812866211,95.06201171875,,168.6284637451172
2015-12-21,8.232611656188965,29.8237361907959,19.707054138183594,19.33645248413086,94.07658386230469,,170.01951599121094
2015-12-22,8.124292373657227,28.527843475341797,19.382667541503906,19.56316566467285,95.22624969482422,,171.5623321533203
2015-12-23,8.282607078552246,28.845022201538086,19.625951766967773,20.414169311523438,102.74842071533203,,173.6868133544922
2015-12-24,8.307607650756836,29.23158073425293,19.828706741333008,20.23016929626465,101.99293518066406,,173.40023803710938
2015-12-28,8.257614135742188,28.697755813598633,19.504308700561523,19.86216926574707,98.21541595458984,,173.00399780273438
2015-12-29,8.232611656188965,28.283578872680664,19.382667541503906,20.000164031982422,99.82495880126953,,174.8502655029297
2015-12-30,8.224281311035156,28.163928985595703,19.382667541503906,19.730737686157227,96.9671859741211,,173.61094665527344
2015-12-31,8.199283599853516,28.200746536254883,19.220460891723633,19.819459915161133,99.26654052734375,,171.87429809570312
2016-01-04,8.124292373657227,28.320396423339844,18.89607048034668,19.81287956237793,99.75926208496094,,169.47157287597656
2016-01-05,8.090961456298828,27.8878116607666,18.73387336730957,19.888456344604492,99.4308090209961,,169.7581787109375
2016-01-06,7.965970993041992,27.34478187561035,18.3283748626709,19.122886657714844,92.59841918945312,,167.61683654785156
2016-01-07,7.6743316650390625,24.84132194519043,17.152441024780273,18.65631103515625,90.299072265625,,163.59544372558594
2016-01-08,7.599338054656982,25.12664222717285,17.111892700195312,18.41645050048828,90.72608184814453,,161.7997589111328
2016-01-11,7.50767707824707,24.22466278076172,16.746946334838867,18.02216148376465,87.17850494384766,,161.95993041992188
2016-01-12,7.449349880218506,23.70003890991211,16.5441951751709,18.064876556396484,85.79887390136719,,163.2666473388672
2016-01-13,7.182705402374268,22.87169075012207,15.895407676696777,17.631168365478516,82.87540435791016,,159.1946563720703
2016-01-14,7.166041374206543,23.018951416015625,15.935959815979004,18.390169143676758,85.76602935791016,,161.8081512451172
2016-01-15,6.907729625701904,21.647571563720703,15.530463218688965,17.857881546020508,82.64550018310547,,158.33473205566406
2016-01-19,6.907729625701904,21.242597579956055,15.20606517791748,17.473447799682617,78.40811920166016,,158.54550170898438
2016-01-20,6.7327446937561035,21.334638595581055,15.16551399230957,17.010164260864258,78.01388549804688,,156.51376342773438
2016-01-21,6.6660847663879395,21.592344284057617,15.530463218688965,17.53916358947754,83.4995346069336,,157.39056396484375
2016-01-22,6.974390983581543,22.420698165893555,16.09815216064453,18.314594268798828,86.94855499267578,,160.61944580078125
2016-01-25,6.849401473999023,21.82244300842285,15.571011543273926,17.460308074951172,80.64175415039062,,158.19140625
2016-01-26,7.016053676605225,22.917705535888672,16.017053604125977,18.120744705200195,85.86458587646484,,160.34962463378906
2016-01-27,6.982722759246826,22.65999984741211,15.773764610290527,18.035306930541992,86.25875091552734,,158.60450744628906
2016-01-28,6.982722759246826,22.706018447875977,15.895407676696777,18.584026336669922,89.37930297851562,,159.43072509765625
2016-01-29,7.249366283416748,23.203027725219727,16.381999969482422,19.126176834106445,93.5838394165039,,163.31724548339844
2016-02-01,7.2910308837890625,23.0373592376709,16.260351181030273,18.807453155517578,90.39757537841797,,163.25823974609375
2016-02-02,7.041050910949707,22.153783798217773,15.733210563659668,18.17988395690918,86.58722686767578,,160.31591796875
2016-02-03,7.124377727508545,22.365474700927734,15.935959815979004,18.827163696289062,90.39757537841797,,161.27699279785156
2016-02-04,7.107713222503662,22.62318229675293,16.179258346557617,18.817312240600586,89.80632019042969,,161.52992248535156
2016-02-05,6.974390983581543,22.034135818481445,15.733210563659668,18.380311965942383,86.32445526123047,,158.45277404785156
2016-02-08,6.7327446937561035,20.8192195892334,15.20606517791748,18.28502082824707,84.09076690673828,,156.31985473632812
2016-02-09,6.6994147300720215,20.478673934936523,15.20606517791748,17.844736099243164,80.80598449707031,,156.32827758789062
2016-02-10,6.6077561378479,19.677934646606445,14.800569534301758,17.772449493408203,80.14901733398438,,156.19337463378906
2016-02-11,6.474435329437256,18.729934692382812,14.476171493530273,17.696882247924805,78.50663757324219,,154.16162109375
2016-02-12,6.466102600097656,18.803564071655273,14.719470977783203,18.163454055786133,80.5103759765625,,157.3399658203125
2016-02-16,6.707746505737305,19.944849014282227,15.16551399230957,18.34417152404785,79.459228515625,,159.9955596923828
2016-02-17,6.907729625701904,20.515491485595703,15.571011543273926,18.945451736450195,83.20388793945312,,162.60903930664062
2016-02-18,6.907729625701904,20.524694442749023,15.44936466217041,18.708881378173828,79.78771209716797,,161.94300842285156
2016-02-19,6.841069221496582,20.128929138183594,15.32770824432373,18.66617202758789,78.34239959716797,,161.86717224121094
2016-02-22,6.932727813720703,20.55230712890625,15.611554145812988,19.14259910583496,82.11990356445312,,164.21087646484375
2016-02-23,6.8577351570129395,20.23017120361328,15.36826229095459,18.488739013671875,77.52117156982422,,162.13693237304688
2016-02-24,6.974390983581543,20.754791259765625,15.611554145812988,18.676027297973633,79.19644165039062,,162.87881469726562
2016-02-25,6.991055488586426,20.846832275390625,16.05760383605957,18.692455291748047,79.36068725585938,,164.85154724121094
2016-02-26,6.999387741088867,21.279415130615234,16.219802856445312,18.804166793823242,81.16731262207031,,164.4722442626953
2016-02-29,7.007721424102783,21.58314323425293,16.46309471130371,18.59059715270996,80.80598449707031,,163.18234252929688
2016-03-01,7.191038131713867,21.454286575317383,16.381999969482422,19.076879501342773,82.77684783935547,,167.0182647705078
2016-03-02,7.266031265258789,22.05254364013672,16.90913963317871,19.5434513092041,87.21135711669922,,167.76856994628906
2016-03-03,7.382688999176025,21.9512996673584,16.787498474121094,19.83916664123535,91.54730224609375,,168.4261474609375
2016-03-04,7.457682132720947,22.19980239868164,16.828048706054688,20.029739379882812,95.09485626220703,,168.97415161132812
2016-03-07,7.5243425369262695,22.715221405029297,16.90913963317871,20.49959373474121,98.77381134033203,,169.1090850830078
2016-03-08,7.324360370635986,22.19059944152832,16.70639991760254,19.638736724853516,90.79176330566406,,167.26272583007812
2016-03-09,7.441015720367432,22.420698165893555,16.787498474121094,19.95745086669922,94.01087951660156,,168.08892822265625
2016-03-10,7.441015720367432,22.06174659729004,16.584747314453125,19.973886489868164,93.64956665039062,,168.2238311767578
2016-03-11,7.582671165466309,22.595569610595703,16.94969940185547,20.489742279052734,97.7883529663086,,170.93844604492188
2016-03-14,7.632667064666748,22.57716178894043,16.90913963317871,20.355026245117188,96.27740478515625,,170.71929931640625
2016-03-15,7.50767707824707,22.34706687927246,16.746946334838867,20.315595626831055,96.31025695800781,,170.4410858154297
2016-03-16,7.640997409820557,22.475919723510742,16.787498474121094,20.667177200317383,99.98918151855469,,171.42742919921875
2016-03-17,7.765989303588867,22.540348052978516,17.07134246826172,20.949743270874023,101.69729614257812,,172.5150146484375
2016-03-18,7.799319744110107,22.4575138092041,17.00593376159668,21.009965896606445,101.7829360961914,,173.1929473876953
2016-03-21,7.765989303588867,22.531143188476562,17.08769989013672,20.93716049194336,101.4864730834961,,173.43862915039062
2016-03-22,7.7243266105651855,21.711997985839844,16.883296966552734,20.821346282958984,101.81588745117188,,173.345458984375
2016-03-23,7.549340724945068,20.79160499572754,16.433616638183594,20.36467742919922,96.87495422363281,,172.20143127441406
2016-03-24,7.491012096405029,20.561511993408203,16.433616638183594,20.46395492553711,98.09371185302734,,172.12515258789062
2016-03-28,7.574338912963867,20.524694442749023,16.310985565185547,20.354745864868164,97.23731231689453,,172.22683715820312
2016-03-29,7.6909942626953125,20.570716857910156,16.515378952026367,20.45071792602539,98.58781433105469,,173.8199920654297
2016-03-30,7.790985107421875,20.800811767578125,16.4744930267334,20.49042510986328,98.4560546875,,174.58261108398438
2016-03-31,7.782655239105225,20.856037139892578,16.515378952026367,20.480501174926758,99.97126007080078,,174.15895080566406
2016-04-01,7.732658386230469,20.837627410888672,16.556257247924805,20.205842971801758,98.32429504394531,,175.34532165527344
2016-04-04,7.607669353485107,20.405044555664062,16.270097732543945,20.056928634643555,97.10555267333984,,174.77760314941406
2016-04-05,7.499345302581787,20.248579025268555,16.270097732543945,19.921245574951172,96.28205871582031,,173.0319061279297
2016-04-06,7.541009902954102,20.79160499572754,16.433616638183594,20.351444244384766,99.54305267333984,,174.9215850830078
2016-04-07,7.416018009185791,20.487878799438477,16.106582641601562,20.232309341430664,99.74069213867188,,172.82850646972656
2016-04-08,7.50767707824707,20.653547286987305,16.229219436645508,20.639341354370117,103.42991638183594,,173.29464721679688
2016-04-11,7.541009902954102,20.73638343811035,16.35186004638672,20.553306579589844,103.29814147949219,,172.88778686523438
2016-04-12,7.699326038360596,21.21498680114746,16.35186004638672,21.16550064086914,110.28131103515625,,174.49789428710938
2016-04-13,7.815983295440674,21.509511947631836,16.719776153564453,21.264774322509766,109.06258392333984,,176.260498046875
2016-04-14,7.732658386230469,21.58314323425293,16.801532745361328,21.314416885375977,109.161376953125,,176.2689971923828
2016-04-15,7.6909942626953125,21.343841552734375,16.59713363647461,21.026514053344727,107.25090789794922,,176.0740966796875
2016-04-18,7.715994358062744,21.70279312133789,16.801532745361328,21.37397575378418,109.42488861083984,,177.31130981445312
2016-04-19,7.782655239105225,21.82244300842285,16.801532745361328,21.800865173339844,112.19182586669922,,177.87063598632812
2016-04-20,7.799319744110107,22.236618041992188,17.00593376159668,21.99610137939453,113.73992156982422,,178.04005432128906
2016-04-21,7.774320602416992,22.282636642456055,17.169450759887695,21.867046356201172,112.55415344238281,,177.08251953125
2016-04-22,7.757655620574951,22.393089294433594,17.25121307373047,22.184734344482422,116.50687408447266,,177.08251953125
2016-04-25,7.640997409820557,22.034135818481445,16.883296966552734,21.936542510986328,114.85991668701172,,176.7774200439453
2016-04-26,7.6909942626953125,22.393089294433594,17.25121307373047,22.287309646606445,118.15389251708984,,177.04017639160156
2016-04-27,7.824319839477539,22.81646728515625,17.373851776123047,22.710887908935547,121.74425506591797,,177.4044952392578
2016-04-28,7.6743316650390625,22.255027770996094,17.00593376159668,22.373353958129883,118.15389251708984,,175.79444885253906
2016-04-29,7.665997505187988,21.923686981201172,16.76065444946289,22.33694839477539,117.72563934326172,,174.84539794921875
2016-05-02,7.557671546936035,21.656774520874023,16.76065444946289,22.313785552978516,116.83627319335938,,176.23507690429688
2016-05-03,7.374356746673584,20.92966651916504,16.433616638183594,21.787626266479492,111.3683090209961,,174.7012939453125
2016-05-04,7.349358081817627,20.6811580657959,16.065706253051758,21.473257064819336,108.7660903930664,,173.726806640625
2016-05-05,7.249366283416748,20.331411361694336,15.820422172546387,21.64864158630371,111.17069244384766,,173.69284057617188
2016-05-06,7.332692623138428,20.368227005004883,15.779547691345215,21.598997116088867,109.82015228271484,,174.32847595214844
2016-05-09,7.191038131713867,19.917232513427734,15.697787284851074,21.28463363647461,107.44853973388672,,174.4724884033203
2016-05-10,7.2826972007751465,19.69634437561035,15.411628723144531,21.658567428588867,111.598876953125,,176.641845703125
2016-05-11,7.382688999176025,19.898826599121094,15.452503204345703,21.72475242614746,112.7518081665039,,174.98941040039062
2016-05-12,7.274363040924072,19.484655380249023,15.16635513305664,21.784317016601562,112.52120971679688,,175.0402374267578
2016-05-13,7.1327104568481445,19.309778213500977,15.125469207763672,21.50634002685547,110.67657470703125,,173.5149383544922
2016-05-16,7.23270320892334,19.585895538330078,15.370747566223145,21.870351791381836,113.04822540283203,,175.2266845703125
2016-05-17,7.199372291564941,19.429431915283203,15.125469207763672,21.972942352294922,114.66226959228516,,173.5912628173828
2016-05-18,7.082715034484863,19.512264251708984,15.2481050491333,21.761152267456055,113.04822540283203,,173.6420135498047
2016-05-19,6.999387741088867,19.263761520385742,15.207222938537598,21.764461517333984,112.52120971679688,,173.04039001464844
2016-05-20,7.124377727508545,19.779178619384766,15.452503204345703,21.893516540527344,113.44349670410156,,174.13351440429688
2016-05-23,7.1327104568481445,20.082908630371094,15.656908988952637,21.83726692199707,113.21295928955078,,173.89630126953125
2016-05-24,7.224369525909424,20.303800582885742,15.861307144165039,21.946462631225586,113.87174987792969,,176.1503448486328
2016-05-25,7.249366283416748,20.331411361694336,15.902191162109375,22.293930053710938,117.56094360351562,,177.34518432617188
2016-05-26,7.241033554077148,20.220962524414062,15.902191162109375,22.201269149780273,116.8033447265625,,177.3960418701172
2016-05-27,7.216036319732666,20.211759567260742,15.861307144165039,22.214508056640625,116.14453887939453,,178.15870666503906
2016-05-31,7.266031265258789,20.25777816772461,15.902191162109375,22.128475189208984,117.0009765625,,177.81973266601562
2016-06-01,7.407687187194824,20.340614318847656,15.94306755065918,22.135089874267578,118.28559875488281,,178.1841278076172
2016-06-02,7.441015720367432,20.23017120361328,15.902191162109375,22.10530662536621,118.64797973632812,,178.72647094726562
2016-06-03,7.424351692199707,19.815996170043945,15.738659858703613,22.019269943237305,117.23149871826172,,178.19261169433594
2016-06-06,7.557671546936035,20.101316452026367,16.065706253051758,22.505718231201172,120.39376068115234,,179.099365234375
2016-06-07,7.599338054656982,20.220962524414062,16.18834114074707,23.015323638916016,123.52297973632812,,179.3789520263672
2016-06-08,7.599338054656982,20.368227005004883,16.310985565185547,22.962383270263672,122.56774139404297,,179.96371459960938
2016-06-09,7.51600980758667,19.935644149780273,16.065706253051758,22.786998748779297,121.77717590332031,,179.71792602539062
2016-06-10,7.199372291564941,19.00605010986328,15.493387222290039,22.293930053710938,116.01280212402344,,178.01467895507812
2016-06-13,6.991055488586426,18.536653518676758,15.329869270324707,22.22774314880371,115.09046173095703,,176.641845703125
2016-06-14,6.916062355041504,18.47222137451172,15.329869270324707,22.214508056640625,115.25517272949219,,176.2943878173828
2016-06-15,6.949393272399902,18.453813552856445,15.28898811340332,22.16156768798828,115.45281219482422,,176.04873657226562
2016-06-16,7.024387836456299,18.435409545898438,15.329869270324707,22.055665969848633,112.48828125,,176.57406616210938
2016-06-17,7.066049575805664,18.729934692382812,15.35049819946289,22.280841827392578,115.60108184814453,,175.91650390625
2016-06-20,7.2826972007751465,19.03366470336914,15.680619239807129,22.47403907775879,117.71376037597656,,177.04937744140625
2016-06-21,7.249589443206787,18.94162368774414,15.55682373046875,22.740514755249023,119.62837982177734,,177.55194091796875
2016-06-22,7.249589443206787,18.775951385498047,15.43303108215332,22.61393165588379,118.60502624511719,,177.26234436035156
2016-06-23,7.419370174407959,19.190128326416016,15.639350891113281,22.987003326416016,120.81669616699219,,179.57073974609375
2016-06-24,7.037364482879639,18.27894401550293,15.061646461486816,22.24420166015625,114.28069305419922,,173.12249755859375
2016-06-27,6.927008152008057,17.781930923461914,14.401409149169922,21.531370162963867,108.33892059326172,,170.0219268798828
2016-06-28,7.241100311279297,18.426204681396484,14.937853813171387,22.130949020385742,113.35639953613281,,173.08843994140625
2016-06-29,7.359947204589844,18.99684715270996,15.309235572814941,22.550649642944336,115.99720764160156,,176.0357208251953
2016-06-30,7.453325271606445,19.29136848449707,15.763152122497559,22.730520248413086,114.90789794921875,,178.43780517578125
2016-07-01,7.453325271606445,19.328187942504883,15.721879005432129,22.850439071655273,116.85547637939453,,178.81260681152344
2016-07-05,7.393902778625488,18.97844123840332,15.55682373046875,22.390758514404297,112.49818420410156,,177.52639770507812
2016-07-06,7.444836616516113,19.45703887939453,15.680619239807129,22.487363815307617,113.29039764404297,,178.59120178222656
2016-07-07,7.393902778625488,19.300575256347656,15.55682373046875,22.257526397705078,111.34281158447266,,178.4804229736328
2016-07-08,7.572171688079834,19.7331600189209,15.886940002441406,22.553985595703125,113.22439575195312,,181.13803100585938
2016-07-11,7.665550708770752,20.018478393554688,16.134531021118164,22.597280502319336,112.89427185058594,,181.7769317626953
2016-07-12,7.716485023498535,20.036888122558594,16.299591064453125,23.15688133239746,118.37393951416016,,183.09725952148438
2016-07-13,7.614616870880127,19.7331600189209,16.175792694091797,22.957027435302734,115.89820861816406,,183.07167053222656
2016-07-14,7.682528495788574,19.825199127197266,16.258323669433594,23.0736083984375,115.73312377929688,,184.0938720703125
2016-07-15,7.6400837898254395,19.677934646606445,16.134531021118164,23.060285568237305,115.00690460205078,,183.84683227539062
2016-07-18,7.657061576843262,20.009275436401367,16.382118225097656,23.07694435119629,115.60108184814453,,184.3409423828125
2016-07-19,7.623104095458984,19.69634437561035,16.175792694091797,22.947038650512695,114.44578552246094,,184.15354919433594
2016-07-20,7.724974155426025,20.110519409179688,16.423383712768555,22.913726806640625,114.51177215576172,,184.9201202392578
2016-07-21,7.69101619720459,20.018478393554688,16.34086036682129,22.687217712402344,112.59718322753906,,184.2216796875
2016-07-22,7.7504401206970215,19.898826599121094,16.299591064453125,22.757165908813477,112.82826232910156,,185.0479278564453
2016-07-25,7.733461856842041,20.07370376586914,16.423383712768555,22.30415916442871,109.95637512207031,,184.5452880859375
2016-07-26,7.835331439971924,20.368227005004883,16.423383712768555,22.434066772460938,111.97000122070312,,184.63052368164062
2016-07-27,7.818352222442627,20.211759567260742,16.464651107788086,22.214223861694336,109.65933227539062,,184.4346160888672
2016-07-28,7.724974155426025,19.69634437561035,16.175792694091797,22.217554092407227,110.18749237060547,,184.64756774902344
2016-07-29,7.724974155426025,19.714752197265625,16.21705436706543,22.44405746459961,113.05934143066406,,184.94570922851562
2016-08-01,7.7504401206970215,19.926441192626953,16.299591064453125,21.7045841217041,108.140869140625,,184.79237365722656
2016-08-02,7.724974155426025,19.86201286315918,16.134531021118164,21.90111541748047,108.86705780029297,,183.60830688476562
2016-08-03,7.767417907714844,20.165742874145508,16.258323669433594,22.32413673400879,113.22439575195312,,184.1449737548828
2016-08-04,7.835331439971924,20.02768325805664,16.052003860473633,22.290830612182617,113.98359680175781,,184.3409423828125
2016-08-05,7.809863567352295,20.220962524414062,16.299591064453125,22.494022369384766,115.70012664794922,,185.8486328125
2016-08-08,7.886264324188232,20.42345428466797,16.50591278076172,22.793806076049805,118.07687377929688,,185.73788452148438
2016-08-09,7.886264324188232,20.39583969116211,16.34086036682129,22.67389678955078,116.55838012695312,,185.8486328125
2016-08-10,7.733461856842041,19.567487716674805,15.928208351135254,22.42740249633789,115.03993225097656,,185.388671875
2016-08-11,7.775907039642334,19.705547332763672,15.886940002441406,22.757165908813477,118.10984802246094,,186.2489471435547
2016-08-12,7.733461856842041,19.760770797729492,16.01073455810547,22.883747100830078,119.10017395019531,,186.087158203125
2016-08-15,7.8607964515686035,20.055295944213867,16.175792694091797,23.066953659057617,121.50988006591797,,186.62376403808594
2016-08-16,7.826842308044434,19.86201286315918,16.01073455810547,23.103586196899414,121.44385528564453,,185.66119384765625
2016-08-17,7.818352222442627,19.668731689453125,15.84567642211914,23.17354393005371,121.64191436767578,,186.01046752929688
2016-08-18,7.971154689788818,20.064496994018555,16.052003860473633,23.649866104125977,125.10802459716797,,186.42787170410156
2016-08-19,7.9541778564453125,19.917232513427734,16.052003860473633,23.453346252441406,124.24971771240234,,186.15525817871094
2016-08-22,7.894753932952881,19.5950984954834,16.01073455810547,23.183536529541016,121.74095153808594,,186.14674377441406
2016-08-23,7.894753932952881,19.6871395111084,16.052003860473633,23.346750259399414,123.75457763671875,,186.52154541015625
2016-08-24,7.877774238586426,19.521469116210938,15.763152122497559,23.253490447998047,122.46717834472656,,185.5675048828125
2016-08-25,7.869287014007568,19.420228958129883,15.804414749145508,23.190196990966797,122.69822692871094,,185.439697265625
2016-08-26,7.835331439971924,19.438634872436523,15.886940002441406,23.110252380371094,122.96231079101562,,185.0905303955078
2016-08-29,7.8607964515686035,19.40182113647461,15.928208351135254,23.266815185546875,124.08472442626953,,186.0019073486328
2016-08-30,7.877774238586426,19.46624755859375,15.969470024108887,23.186870574951172,123.8536376953125,,185.69529724121094
2016-08-31,7.801373481750488,19.245351791381836,15.804414749145508,22.82045555114746,121.44385528564453,,185.1671600341797
2016-09-01,7.826842308044434,19.162517547607422,15.84567642211914,22.753843307495117,121.0147476196289,,185.17567443847656
2016-09-02,7.928707599639893,19.447837829589844,16.134531021118164,23.010324478149414,123.2924575805664,,186.01046752929688
2016-09-06,8.132444381713867,19.5950984954834,16.175792694091797,23.356739044189453,124.9099349975586,,186.57266235351562
2016-09-07,8.106976509094238,19.41102409362793,16.093259811401367,23.489986419677734,125.73519134521484,,186.55563354492188
2016-09-08,8.183377265930176,19.512264251708984,16.052003860473633,23.929664611816406,129.13522338867188,,186.1296844482422
2016-09-09,7.9541778564453125,19.04286766052246,15.639350891113281,23.216846466064453,124.81094360351562,,181.67469787597656
2016-09-12,7.996622085571289,19.070478439331055,15.721879005432129,23.446678161621094,126.2633285522461,,184.28128051757812
2016-09-13,7.733461856842041,18.46302032470703,15.309235572814941,22.77715492248535,120.81669616699219,,181.63217163085938
2016-09-14,7.64857292175293,18.067251205444336,15.102911949157715,22.50734519958496,117.87879943847656,,181.56399536132812
2016-09-15,7.741951942443848,18.223718643188477,15.185442924499512,22.787155151367188,119.76038360595703,,183.37832641601562
2016-09-16,7.665550708770752,18.094867706298828,15.027691841125488,22.60317611694336,119.5320816040039,,182.66949462890625
2016-09-19,7.767417907714844,17.938398361206055,15.276769638061523,22.58976936340332,119.3997573852539,,182.7036895751953
2016-09-20,7.784395217895508,17.993621826171875,15.31828498840332,22.425565719604492,117.54710388183594,,182.7122802734375
2016-09-21,7.886264324188232,18.104068756103516,15.484338760375977,22.944988250732422,121.8149185180664,,184.76699829101562
2016-09-22,7.996622085571289,18.481430053710938,15.816434860229492,22.97179412841797,122.93975067138672,,185.93128967285156
2016-09-23,7.903242111206055,18.453813552856445,15.774930000305176,22.66684913635254,119.59825897216797,,184.9125213623047
2016-09-26,7.826842308044434,18.35257339477539,15.650384902954102,22.56631088256836,119.30049896240234,,183.4143524169922
2016-09-27,7.886264324188232,18.628692626953125,15.857955932617188,22.41551399230957,116.62068176269531,,184.55300903320312
2016-09-28,7.937195301055908,18.82197380065918,16.107027053833008,23.38397979736328,123.89911651611328,,185.46897888183594
2016-09-29,7.886264324188232,18.65630531311035,15.982488632202148,23.343772888183594,124.82549285888672,,183.7909698486328
2016-09-30,7.775907039642334,18.693115234375,16.065513610839844,23.662118911743164,127.2406234741211,,185.17791748046875
2016-10-03,7.784395217895508,18.527446746826172,16.024003982543945,23.64536476135254,127.50531768798828,,184.7327117919922
2016-10-04,7.69101619720459,18.315757751464844,15.899465560913086,23.404083251953125,125.98342895507812,,183.7909698486328
2016-10-05,7.8607964515686035,19.052072525024414,16.190052032470703,23.762659072875977,128.9609832763672,,184.6042938232422
2016-10-06,7.801373481750488,19.061275482177734,16.190052032470703,23.799514770507812,128.69630432128906,,184.7327117919922
2016-10-07,7.69101619720459,18.591876983642578,15.899465560913086,23.662118911743164,126.81053161621094,,184.09922790527344
2016-10-10,7.775907039642334,18.88640022277832,16.148544311523438,24.034090042114258,129.39111328125,,185.05810546875
2016-10-11,7.597639560699463,18.6471004486084,15.899465560913086,23.75929832458496,127.80307006835938,,182.72079467773438
2016-10-12,7.597639560699463,18.545854568481445,15.733413696289062,23.658769607543945,126.47969818115234,,182.96054077148438
2016-10-13,7.6400837898254395,18.628692626953125,15.650384902954102,23.528076171875,125.95036315917969,,182.36129760742188
2016-10-14,7.69101619720459,18.6010799407959,15.650384902954102,23.390682220458984,124.59391021728516,,182.45542907714844
2016-10-17,7.69101619720459,18.5550594329834,15.608872413635254,23.276744842529297,123.63446807861328,,181.82196044921875
2016-10-18,7.7504401206970215,18.757543563842773,15.774930000305176,23.370576858520508,123.63446807861328,,182.96054077148438
2016-10-19,7.809863567352295,19.079681396484375,15.982488632202148,23.70233917236328,125.71878051757812,,183.44857788085938
2016-10-20,7.758930683135986,19.070478439331055,16.024003982543945,23.675525665283203,126.04959869384766,,183.10610961914062
2016-10-21,7.657061576843262,18.94162368774414,15.899465560913086,23.521377563476562,125.45411682128906,,183.1916961669922
2016-10-24,7.682528495788574,18.518245697021484,15.857955932617188,23.451005935668945,123.93220520019531,,183.97080993652344
2016-10-25,7.614616870880127,18.306556701660156,15.733413696289062,23.343772888183594,121.61634826660156,,183.35440063476562
2016-10-26,7.614616870880127,18.196109771728516,15.691901206970215,23.39739227294922,121.64947509765625,,182.98626708984375
2016-10-27,7.54670524597168,17.993621826171875,15.484338760375977,23.310256958007812,121.78177642822266,,182.4982452392578
2016-10-28,7.478792667388916,17.800342559814453,15.359794616699219,23.24658966064453,119.76363372802734,,181.95889282226562
2016-10-31,7.521236896514893,17.57944679260254,15.235259056091309,22.995256423950195,116.95155334472656,,181.9674072265625
2016-11-01,7.351457118988037,17.487409591674805,15.110722541809082,22.99860191345215,117.28236389160156,,180.64901733398438
2016-11-02,7.2580790519714355,17.441389083862305,14.94466781616211,22.743928909301758,115.16504669189453,,179.56178283691406
2016-11-03,7.122256278991699,16.953582763671875,14.654072761535645,22.834402084350586,115.99210357666016,,178.73992919921875
2016-11-04,7.09678840637207,16.852336883544922,14.69559097290039,22.710407257080078,114.90032196044922,,178.5430450439453
2016-11-07,7.317502498626709,17.165271759033203,14.986175537109375,23.199663162231445,117.71244812011719,,182.4811553955078
2016-11-08,7.34296989440918,17.358552932739258,15.152233123779297,23.229827880859375,117.4808349609375,,183.30300903320312
2016-11-09,6.977942943572998,16.39214324951172,14.861642837524414,23.60850715637207,122.57575225830078,,185.24639892578125
2016-11-10,6.7911858558654785,16.263290405273438,14.861642837524414,23.70903778076172,122.34420776367188,,185.70870971679688
2016-11-11,6.748741149902344,16.162046432495117,15.193741798400879,23.276744842529297,120.69001770019531,,185.2806396484375
2016-11-14,6.67233943939209,16.171249389648438,15.235259056091309,23.407447814941406,122.34420776367188,,185.42617797851562
2016-11-15,6.77420711517334,16.30010414123535,15.276769638061523,24.067604064941406,127.27377319335938,,186.8729705810547
2016-11-16,6.68082857131958,16.2448787689209,15.235259056091309,23.900047302246094,126.24813842773438,,186.52198791503906
2016-11-17,6.7232747077941895,16.088415145874023,15.193741798400879,23.739192962646484,126.01651763916016,,187.48085021972656
2016-11-18,6.697806358337402,15.94115161895752,15.235259056091309,23.836381912231445,126.87667083740234,,187.06137084960938
2016-11-21,6.6893181800842285,15.738667488098145,15.110722541809082,24.402719497680664,132.23634338378906,,188.47398376464844
2016-11-22,6.748741149902344,15.987175941467285,15.31828498840332,24.38930320739746,131.83926391601562,,188.84207153320312
2016-11-23,6.78269624710083,16.263290405273438,15.401310920715332,24.489843368530273,132.964111328125,,188.94480895996094
2016-11-25,6.808163642883301,16.456571578979492,15.525850296020508,24.369211196899414,131.24378967285156,,189.64683532714844
2016-11-28,6.910032272338867,16.43816375732422,15.484338760375977,24.03074073791504,126.81053161621094,,188.75645446777344
2016-11-29,6.808163642883301,16.106822967529297,15.193741798400879,23.7358455657959,124.32926177978516,,189.1245574951172
2016-11-30,6.825140953063965,16.13443374633789,15.193741798400879,24.942241668701172,138.72076416015625,,188.6708984375
2016-12-01,6.765718460083008,15.968768119812012,14.94466781616211,25.002561569213867,139.11778259277344,,187.97738647460938
2016-12-02,6.740251541137695,15.904335021972656,14.903156280517578,25.07628631591797,139.0515594482422,,188.0715789794922
2016-12-05,6.808163642883301,16.235675811767578,15.276769638061523,25.297452926635742,140.4411163330078,,189.2016143798828
2016-12-06,6.808163642883301,16.447368621826172,15.401310920715332,25.25053596496582,141.26820373535156,,189.8009033203125
2016-12-07,6.935498237609863,16.76950454711914,15.816434860229492,25.45161247253418,141.92987060546875,,192.2836456298828
2016-12-08,6.893052577972412,17.02721405029297,15.774930000305176,25.588998794555664,143.41864013671875,,192.7545166015625
2016-12-09,6.859096527099609,16.898359298706055,15.899465560913086,25.669431686401367,142.85621643066406,,193.9188232421875
2016-12-12,6.799674034118652,16.5670166015625,15.691901206970215,25.790069580078125,141.92987060546875,,193.69627380371094
2016-12-13,6.901541233062744,16.50259017944336,15.567357063293457,26.081621170043945,143.65020751953125,,194.989013671875
2016-12-14,6.714784622192383,16.143638610839844,15.31828498840332,25.558839797973633,138.09217834472656,,193.3795166015625
2016-12-15,6.6893181800842285,16.18965721130371,15.401310920715332,25.615816116333008,138.72076416015625,,194.17568969726562
2016-12-16,6.68082857131958,16.2448787689209,15.559401512145996,25.774824142456055,139.2344207763672,,193.79592895507812
2016-12-19,6.7911858558654785,16.594633102416992,15.809019088745117,25.65692138671875,139.93045043945312,,194.2178497314453
2016-12-20,6.740251541137695,16.484180450439453,15.809019088745117,25.59963607788086,139.20127868652344,,194.96707153320312
2016-12-21,6.7232747077941895,16.263290405273438,15.725810050964355,25.64006805419922,138.9029998779297,,194.424560546875
2016-12-22,6.796775817871094,16.263290405273438,15.517799377441406,25.744497299194336,139.53274536132812,,194.0886993408203
2016-12-23,6.718950271606445,16.19083595275879,15.517799377441406,25.720924377441406,139.963623046875,,194.3728790283203
2016-12-27,6.78812837600708,16.316421508789062,15.809019088745117,25.778186798095703,140.69277954101562,,194.85513305664062
2016-12-28,6.770834922790527,16.10388946533203,15.559401512145996,25.498577117919922,139.0024871826172,,193.24476623535156
2016-12-29,6.840012550354004,16.132871627807617,15.434592247009277,25.448047637939453,138.1075897216797,,193.2017364501953
2016-12-30,6.814070701599121,16.00728988647461,15.309782981872559,25.373933792114258,137.2790069580078,,192.49559020996094
2017-01-03,6.8918962478637695,16.384044647216797,15.434592247009277,25.660280227661133,139.2344207763672,,193.96810913085938
2017-01-04,7.01295804977417,16.760799407958984,15.850614547729492,25.606382369995117,139.89732360839844,,195.12210083007812
2017-01-05,7.05619478225708,16.8670597076416,15.642602920532227,25.542375564575195,139.4664764404297,,194.96707153320312
2017-01-06,7.021605014801025,16.809101104736328,15.642602920532227,25.565959930419922,138.43899536132812,,195.66455078125
2017-01-09,7.04754638671875,16.8670597076416,15.600997924804688,25.195388793945312,134.56129455566406,,195.01876831054688
2017-01-10,7.05619478225708,16.97332763671875,15.725810050964355,24.9663028717041,134.56129455566406,,195.01876831054688
2017-01-11,7.134019374847412,17.098913192749023,15.767412185668945,25.23581886291504,135.886962890625,,195.56991577148438
2017-01-12,7.159961700439453,16.915367126464844,15.600997924804688,25.131372451782227,134.95896911621094,,195.0790252685547
2017-01-13,7.142666816711426,17.069934844970703,15.767412185668945,25.057268142700195,134.13043212890625,,195.52685546875
2017-01-17,7.220492362976074,17.195518493652344,15.767412185668945,25.21222496032715,136.25155639648438,,194.83790588378906
2017-01-18,7.1772565841674805,17.127893447875977,15.725810050964355,25.15495491027832,136.0526885986328,,195.26849365234375
2017-01-19,7.142666816711426,17.040950775146484,15.642602920532227,25.01683807373047,135.68814086914062,,194.54510498046875
2017-01-20,7.168609142303467,17.08925437927246,15.725810050964355,25.111167907714844,136.31790161132812,,195.25991821289062
2017-01-23,7.168609142303467,17.01197052001953,15.642602920532227,24.84502410888672,134.89273071289062,,194.75180053710938
2017-01-24,7.203199863433838,16.925025939941406,15.809019088745117,25.117900848388672,137.0138702392578,,196.00050354003906
2017-01-25,7.255083084106445,17.185861587524414,16.058631896972656,25.249282836914062,137.9087371826172,,197.69700622558594
2017-01-26,7.194551467895508,17.079593658447266,15.933822631835938,25.269498825073242,138.5384521484375,,197.49034118652344
2017-01-27,7.194551467895508,16.95400619506836,15.850614547729492,25.006738662719727,136.8813018798828,,197.1802978515625
2017-01-30,7.116725921630859,16.596574783325195,15.517799377441406,24.54857063293457,133.1029815673828,,195.95742797851562
2017-01-31,7.134019374847412,16.702838897705078,15.642602920532227,24.558677673339844,132.8378143310547,,195.94024658203125
2017-02-01,7.229140758514404,16.780122756958008,15.6842041015625,24.37676239013672,131.84352111816406,,196.0177459716797
2017-02-02,7.220492362976074,16.73181915283203,15.559401512145996,24.5148868560791,132.73841857910156,,196.14688110351562
2017-02-03,7.289672374725342,16.87672233581543,15.809019088745117,24.72711753845215,134.82644653320312,,197.49888610839844
2017-02-06,7.203199863433838,16.818761825561523,15.809019088745117,24.51824951171875,132.77154541015625,,197.14581298828125
2017-02-07,7.1772565841674805,16.702838897705078,15.642602920532227,24.1712589263916,129.55667114257812,,197.15444946289062
2017-02-08,7.229140758514404,16.77046012878418,15.642602920532227,24.228532791137695,129.8549346923828,,197.4127960205078
2017-02-09,7.263728618621826,16.82842254638672,15.642602920532227,24.501407623291016,132.2412567138672,,198.58396911621094
2017-02-10,7.358850479125977,17.185861587524414,15.933822631835938,24.686687469482422,133.73268127441406,,199.3676300048828
2017-02-13,7.428028583526611,17.46600914001465,16.058631896972656,24.733856201171875,132.6720733642578,,200.45266723632812
2017-02-14,7.479910850524902,17.56261444091797,16.183441162109375,24.81471061706543,133.73268127441406,,201.25355529785156
2017-02-15,7.523148536682129,17.94902992248535,16.391450881958008,24.71701431274414,133.20237731933594,,202.30419921875
2017-02-16,7.54044246673584,17.813783645629883,16.30824851989746,24.38014030456543,130.98184204101562,,202.1319580078125
2017-02-17,7.549089431762695,17.900728225708008,16.474658966064453,24.245380401611328,130.31893920898438,,202.45062255859375
2017-02-21,7.63556432723999,18.316125869750977,16.93229103088379,24.41045379638672,131.9429473876953,,203.6561737060547
2017-02-22,7.575033187866211,18.084274291992188,16.59946632385254,24.03988265991211,128.13148498535156,,203.47540283203125
2017-02-23,7.549089431762695,18.30646514892578,16.59946632385254,24.140941619873047,128.03207397460938,,203.6131591796875
2017-02-24,7.479910850524902,18.316125869750977,16.724273681640625,23.915225982666016,125.5131607055664,,203.8715057373047
2017-02-27,7.488558769226074,18.45136833190918,16.724273681640625,24.120725631713867,126.50746154785156,,204.19015502929688
2017-02-28,7.445323467254639,18.122915267944336,16.474658966064453,24.046619415283203,125.48003387451172,,203.6389923095703
2017-03-01,7.523148536682129,18.016653060913086,16.43305778503418,24.52836036682129,128.89373779296875,,206.4894256591797
2017-03-02,7.462616920471191,17.823444366455078,16.5578670501709,24.29590606689453,125.77836608886719,,205.18905639648438
2017-03-03,7.497206211090088,17.630237579345703,16.391450881958008,24.252111434936523,125.48003387451172,,205.3183135986328
2017-03-06,7.436676502227783,17.591594696044922,16.266645431518555,24.306020736694336,126.27545928955078,,204.7068634033203
2017-03-07,7.453969478607178,17.427370071411133,16.225038528442383,24.090412139892578,124.48574829101562,,204.09539794921875
2017-03-08,7.428028583526611,17.36940574645996,16.225038528442383,23.46381378173828,119.14974212646484,,203.7165069580078
2017-03-09,7.367499351501465,17.321104049682617,16.141830444335938,23.61878204345703,119.97824096679688,,203.97482299804688
2017-03-10,7.384790420532227,17.263141632080078,16.141830444335938,23.585092544555664,119.68000030517578,,204.6896209716797
2017-03-13,7.445323467254639,17.40804672241211,16.225038528442383,23.588459014892578,120.50856018066406,,204.79295349121094
2017-03-14,7.402087688446045,17.205177307128906,16.183441162109375,23.32232093811035,118.9177017211914,,204.00926208496094
2017-03-15,7.505853652954102,17.475669860839844,16.349843978881836,23.841121673583984,122.53031158447266,,205.77462768554688
2017-03-16,7.557737350463867,17.717178344726562,16.5578670501709,23.67268180847168,121.20454406738281,,205.36993408203125
2017-03-17,7.531794548034668,17.350082397460938,16.528642654418945,23.655393600463867,121.01860046386719,,205.00921630859375
2017-03-20,7.505853652954102,17.25347900390625,16.486902236938477,23.621505737304688,121.01860046386719,,204.784423828125
2017-03-21,7.358850479125977,16.915367126464844,15.98603630065918,23.455442428588867,118.52782440185547,,202.15504455566406
2017-03-22,7.332907199859619,16.818761825561523,16.11125373840332,23.421554565429688,117.26579284667969,,202.6307373046875
2017-03-23,7.332907199859619,16.73181915283203,16.152997970581055,23.326663970947266,116.80091094970703,,202.41448974609375
2017-03-24,7.3502020835876465,16.702838897705078,16.152997970581055,23.235149383544922,116.9337158203125,,202.2675018310547
2017-03-27,7.332907199859619,16.702838897705078,16.278209686279297,23.126708984375,117.46508026123047,,202.0598907470703
2017-03-28,7.393439769744873,16.77046012878418,16.44516944885254,23.455442428588867,120.52043914794922,,203.53028869628906
2017-03-29,7.4193806648254395,16.751142501831055,16.570383071899414,23.777393341064453,123.74188232421875,,203.72059631347656
2017-03-30,7.3502020835876465,16.712499618530273,16.612119674682617,23.770626068115234,122.67908477783203,,204.36920166015625
2017-03-31,7.402087688446045,16.69317626953125,16.695608139038086,23.689289093017578,124.33963012695312,,203.8935089111328
2017-04-03,7.393439769744873,16.673858642578125,16.570383071899414,23.648616790771484,123.84147644042969,,203.5388946533203
2017-04-04,7.428028583526611,16.77046012878418,16.44516944885254,23.821462631225586,125.50199890136719,,203.6686553955078
2017-04-05,7.3502020835876465,16.625553131103516,16.612119674682617,23.74689292907715,122.54625701904297,,203.0632781982422
2017-04-06,7.3502020835876465,16.6545352935791,16.77907943725586,23.93667984008789,124.24002075195312,,203.63404846191406
2017-04-07,7.3502020835876465,16.615894317626953,16.695608139038086,23.845184326171875,123.60901641845703,,203.4264678955078
2017-04-10,7.402087688446045,16.915367126464844,17.15472984313965,24.024808883666992,125.66806030273438,,203.5475616455078
2017-04-11,7.393439769744873,16.905704498291016,17.363426208496094,24.02818489074707,125.83409118652344,,203.30538940429688
2017-04-12,7.376145362854004,16.89604377746582,16.94603157043457,23.926513671875,123.57579040527344,,202.41448974609375
2017-04-13,7.315614700317383,16.722156524658203,16.737342834472656,23.489334106445312,120.65328216552734,,201.09988403320312
2017-04-17,7.4193806648254395,16.838085174560547,16.904296875,23.54016876220703,121.18460845947266,,202.88160705566406
2017-04-18,7.3502020835876465,16.799442291259766,16.904296875,23.319883346557617,119.3580322265625,,202.2761688232422
2017-04-19,7.306965351104736,16.615894317626953,16.94603157043457,22.977598190307617,116.07028198242188,,201.90423583984375
2017-04-20,7.324261665344238,16.53860855102539,16.94603157043457,23.089431762695312,116.20309448242188,,203.5475616455078
2017-04-21,7.289672374725342,16.46132469177246,16.904296875,22.974201202392578,116.60160827636719,,202.8988494873047
2017-04-24,7.376145362854004,16.673858642578125,17.279943466186523,23.10976791381836,117.49827575683594,,205.13037109375
2017-04-25,7.402087688446045,16.847742080688477,17.44690704345703,23.306331634521484,119.85623931884766,,206.3238983154297
2017-04-26,7.367499351501465,16.944345474243164,17.572113037109375,23.228382110595703,119.12565612792969,,206.19418334960938
2017-04-27,7.332907199859619,16.944345474243164,17.655595779418945,22.974201202392578,117.06657409667969,,206.3671417236328
2017-04-28,7.332907199859619,16.905704498291016,17.363426208496094,22.991146087646484,116.07028198242188,,205.9174041748047
2017-05-01,7.393439769744873,16.8670597076416,17.44690704345703,22.92675018310547,115.87100219726562,,206.43630981445312
2017-05-02,7.479910850524902,17.069934844970703,17.32168960571289,22.811525344848633,115.14038848876953,,206.51422119140625
2017-05-03,7.453969478607178,17.137556076049805,17.279943466186523,22.87592315673828,115.20677185058594,,206.2633514404297
2017-05-04,7.428028583526611,16.934688568115234,16.862560272216797,22.4556827545166,111.28793334960938,,206.5055389404297
2017-05-05,7.557737350463867,17.263141632080078,17.40516471862793,22.811525344848633,115.67173767089844,,207.31857299804688
2017-05-08,7.428028583526611,17.234159469604492,17.44690704345703,22.974201202392578,117.19939422607422,,207.2839813232422
2017-05-09,7.514500141143799,17.40804672241211,17.44690704345703,22.7844181060791,115.70492553710938,,207.09371948242188
2017-05-10,7.523148536682129,17.58193588256836,17.44690704345703,23.086036682128906,118.36177825927734,,207.46560668945312
2017-05-11,7.453969478607178,17.56261444091797,17.32168960571289,23.03859519958496,117.66436004638672,,207.04177856445312
2017-05-12,7.497206211090088,17.523971557617188,17.196462631225586,22.960643768310547,117.19939422607422,,206.69580078125
2017-05-15,7.583680152893066,17.717178344726562,17.279943466186523,23.14026641845703,118.06285858154297,,207.83753967285156
2017-05-16,7.549089431762695,17.58193588256836,17.23820686340332,23.025043487548828,116.9337158203125,,207.64727783203125
2017-05-17,7.462616920471191,17.2148380279541,16.570383071899414,22.797969818115234,115.20677185058594,,203.96273803710938
2017-05-18,7.315614700317383,17.156877517700195,16.77907943725586,22.79119300842285,115.20677185058594,,204.784423828125
2017-05-19,7.428028583526611,17.475669860839844,16.94603157043457,23.072486877441406,117.96324920654297,,206.11636352539062
2017-05-22,7.4193806648254395,17.56261444091797,17.112993240356445,23.02164649963379,117.03337097167969,,207.16287231445312
2017-05-23,7.488558769226074,17.58193588256836,17.112993240356445,23.075868606567383,116.9337158203125,,207.62127685546875
2017-05-24,7.505853652954102,17.842763900756836,17.279943466186523,22.95387077331543,115.4060287475586,,208.10562133789062
2017-05-25,7.557737350463867,17.929706573486328,17.363426208496094,22.537012100219727,112.4171142578125,,209.10031127929688
2017-05-26,7.549089431762695,17.775142669677734,17.32168960571289,22.574291229248047,112.68280792236328,,209.05702209472656
2017-05-30,7.54044246673584,17.939369201660156,17.279943466186523,22.27267074584961,109.5278091430664,,208.87538146972656
2017-05-31,7.514500141143799,17.881406784057617,17.279943466186523,22.17778205871582,108.1661605834961,,208.82354736328125
2017-06-01,7.531794548034668,17.920047760009766,17.44690704345703,22.31673240661621,109.6274185180664,,210.4840850830078
2017-06-02,7.531794548034668,17.920047760009766,17.53038787841797,22.059160232543945,107.33592224121094,,211.1847381591797
2017-06-05,7.531794548034668,17.78480339050293,17.363426208496094,22.099836349487305,107.00381469726562,,211.02902221679688
2017-06-06,7.523148536682129,17.987672805786133,17.488643646240234,22.360794067382812,109.7270736694336,,210.3543701171875
2017-06-07,7.471264839172363,17.862085342407227,17.363426208496094,22.045612335205078,105.21044158935547,,210.74365234375
2017-06-08,7.488558769226074,18.180879592895508,17.82255744934082,21.981220245361328,104.38020324707031,,210.84738159179688
2017-06-09,7.4193806648254395,17.96834945678711,17.73907470703125,22.509904861450195,108.29902648925781,,210.52734375
2017-06-12,7.4193806648254395,17.862085342407227,17.613862991333008,22.669189453125,108.99644470214844,,210.4840850830078
2017-06-13,7.4193806648254395,18.05529022216797,17.86429214477539,22.838642120361328,111.7861328125,,211.51339721679688
2017-06-14,7.4193806648254395,17.862085342407227,17.73907470703125,22.4251766204834,106.93739318847656,,211.24526977539062
2017-06-15,7.3502020835876465,17.57227325439453,17.488643646240234,22.255727767944336,104.31377410888672,,210.8387908935547
2017-06-16,7.393439769744873,17.717178344726562,17.572723388671875,22.62392234802246,105.3590316772461,,210.88479614257812
2017-06-19,7.4193806648254395,17.978010177612305,17.6988468170166,22.480609893798828,105.05944061279297,,212.64048767089844
2017-06-20,7.307699203491211,18.00699234008789,17.53067970275879,22.1939697265625,103.82777404785156,,211.20640563964844
2017-06-21,7.351668357849121,18.267824172973633,17.656797409057617,21.835664749145508,100.43231201171875,,211.15423583984375
2017-06-22,7.430812358856201,18.731523513793945,17.909040451049805,21.82201385498047,100.56548309326172,,211.0586395263672
2017-06-23,7.465989589691162,19.127599716186523,18.245363235473633,21.96875,103.2618637084961,,211.3106689453125
2017-06-26,7.527546405792236,19.21454429626465,18.203319549560547,21.920976638793945,103.52816009521484,,211.4497833251953
2017-06-27,7.501163482666016,19.088958740234375,18.161283493041992,21.886852264404297,103.62802124023438,,209.74623107910156
2017-06-28,7.597896575927734,19.2435245513916,18.371482849121094,22.006288528442383,104.22720336914062,,211.62353515625
2017-06-29,7.465989589691162,19.13726043701172,18.287405014038086,22.054058074951172,105.52548217773438,,209.76364135742188
2017-06-30,7.527546405792236,19.21454429626465,18.245363235473633,22.153013229370117,106.25782775878906,,210.15472412109375
2017-07-03,7.562722206115723,19.282163619995117,18.203319549560547,22.579565048217773,108.55476379394531,,210.51107788085938
2017-07-05,7.492372512817383,18.895748138427734,17.95108413696289,22.12230110168457,104.85972595214844,,210.99778747558594
2017-07-06,7.518752098083496,18.789485931396484,17.656797409057617,21.87662124633789,102.4962158203125,,209.0683135986328
2017-07-07,7.536337852478027,19.088958740234375,17.909040451049805,21.842493057250977,102.06346893310547,,210.42416381835938
2017-07-10,7.545132160186768,19.127599716186523,17.867000579833984,21.914152145385742,103.62802124023438,,210.65013122558594
2017-07-11,7.518752098083496,19.253185272216797,17.95108413696289,22.03358268737793,104.56010437011719,,210.49366760253906
2017-07-12,7.633070468902588,19.62993621826172,18.287405014038086,22.095012664794922,104.52681732177734,,212.07553100585938
2017-07-13,7.615483283996582,19.49469566345215,18.287405014038086,22.18372917175293,105.32575225830078,,212.43182373046875
2017-07-14,7.738598823547363,19.939071655273438,18.49760627746582,22.31680679321289,106.22453308105469,,213.4226531982422
2017-07-17,7.729804039001465,19.929412841796875,18.539640426635742,22.28951072692871,106.15796661376953,,213.3966064453125
2017-07-18,7.8001532554626465,20.257863998413086,18.791881561279297,22.18372917175293,104.85972595214844,,213.5095672607422
2017-07-19,7.905681133270264,20.750547409057617,19.086162567138672,22.507904052734375,108.7212142944336,,214.66554260253906
2017-07-20,7.914475440979004,20.721567153930664,19.128204345703125,22.439653396606445,106.65730285644531,,214.76112365722656
2017-07-21,7.905681133270264,20.59598159790039,19.128204345703125,22.217849731445312,105.3590316772461,,214.56993103027344
2017-07-24,7.896884918212891,20.71190643310547,19.086162567138672,22.17690086364746,105.25918579101562,,214.51776123046875
2017-07-25,7.905681133270264,20.59598159790039,19.170242309570312,22.456714630126953,108.6213607788086,,215.0392608642578
2017-07-26,8.01120662689209,20.576658248901367,19.128204345703125,22.480609893798828,108.45490264892578,,215.0479278564453
2017-07-27,7.826537132263184,20.489713668823242,18.918001174926758,22.7092342376709,109.553466796875,,214.84800720214844
2017-07-28,7.9232683181762695,20.866472244262695,19.086162567138672,22.681926727294922,109.32039642333984,,214.59600830078125
2017-07-31,7.940857887268066,20.905115127563477,19.086162567138672,22.73311424255371,108.25518035888672,,214.47427368164062
2017-08-01,7.949652671813965,21.00171661376953,19.086162567138672,22.729705810546875,107.45623779296875,,214.95236206054688
2017-08-02,7.9232683181762695,20.67326545715332,18.6657657623291,22.644397735595703,105.39232635498047,,215.05665588378906
2017-08-03,7.958444595336914,20.866472244262695,18.74983787536621,22.327043533325195,101.69725799560547,,214.63946533203125
2017-08-04,8.002413749694824,21.088661193847656,18.581682205200195,22.39870262145996,104.09407806396484,,215.03053283691406
2017-08-07,8.081558227539062,21.523380279541016,18.833919525146484,22.22808837890625,102.39633178710938,,215.43035888671875
2017-08-08,8.046381950378418,21.233564376831055,18.539640426635742,22.17690086364746,102.22990417480469,,214.90016174316406
2017-08-09,7.976030349731445,21.098318099975586,18.581682205200195,22.1973819732666,102.59606170654297,,214.89146423339844
2017-08-10,7.870506286621094,20.518695831298828,18.161283493041992,21.96192169189453,101.09808349609375,,211.8582305908203
2017-08-11,7.879298686981201,20.740882873535156,18.203319549560547,21.818603515625,101.29782104492188,,212.17108154296875
2017-08-14,7.949652671813965,20.982393264770508,18.413522720336914,21.75377082824707,100.19927978515625,,214.2743682861328
2017-08-15,7.967238426208496,21.18526840209961,18.371482849121094,21.671873092651367,99.76651763916016,,214.24835205078125
2017-08-16,8.020000457763672,21.00171661376953,18.245363235473633,21.463722229003906,98.36839294433594,,214.62205505371094
2017-08-17,7.835329532623291,20.518695831298828,17.993120193481445,21.160018920898438,96.87041473388672,,211.2759246826172
2017-08-18,7.940857887268066,20.895450592041016,17.95108413696289,21.26580047607422,98.06880950927734,,210.94564819335938
2017-08-21,7.852919578552246,20.412429809570312,17.782922744750977,21.156606674194336,96.83712005615234,,211.11077880859375
2017-08-22,7.870506286621094,20.53801727294922,17.867000579833984,21.296512603759766,97.6693344116211,,213.31837463378906
2017-08-23,7.932060241699219,20.58631706237793,17.909040451049805,21.388647079467773,98.6014175415039,,212.55355834960938
2017-08-24,7.932060241699219,20.769866943359375,18.07720184326172,21.402301788330078,98.83444213867188,,212.05813598632812
2017-08-25,7.958444595336914,20.750547409057617,18.161283493041992,21.497848510742188,99.06745147705078,,212.55355834960938
2017-08-28,7.976030349731445,20.71190643310547,18.161283493041992,21.402301788330078,98.46826934814453,,212.56222534179688
2017-08-29,7.976030349731445,20.750547409057617,18.11924171447754,21.375003814697266,98.3351058959961,,212.8055877685547
2017-08-30,8.01120662689209,20.769866943359375,18.371482849121094,21.385238647460938,98.6014175415039,,213.81378173828125
2017-08-31,8.028796195983887,20.963077545166016,18.49760627746582,21.48760986328125,100.39901733398438,,215.10009765625
2017-09-01,8.05517578125,21.17560386657715,18.581682205200195,21.695758819580078,101.89700317382812,,215.40428161621094
2017-09-05,7.967238426208496,21.07900047302246,18.539640426635742,21.81519317626953,101.2645034790039,,213.8572235107422
2017-09-06,8.037589073181152,21.127304077148438,18.539640426635742,22.17007827758789,102.96224975585938,,214.5873260498047
2017-09-07,8.028796195983887,21.252885818481445,18.6657657623291,22.211029052734375,102.39633178710938,,214.5612335205078
2017-09-08,8.002413749694824,21.098318099975586,18.581682205200195,21.975568771362305,99.50020599365234,,214.30921936035156
2017-09-11,8.05517578125,21.136962890625,18.918001174926758,22.18372917175293,100.43231201171875,,216.59495544433594
2017-09-12,8.090351104736328,21.098318099975586,19.00208282470703,22.320220947265625,102.62935638427734,,217.3250274658203
2017-09-13,8.028796195983887,21.136962890625,19.254323959350586,22.600040435791016,105.49219512939453,,217.4293212890625
2017-09-14,8.151909828186035,21.687602996826172,19.338401794433594,22.7092342376709,106.02481079101562,,217.35977172851562
2017-09-15,8.125529289245605,21.610321044921875,19.548606872558594,22.762815475463867,106.1949691772461,,217.6524200439453
2017-09-18,8.063970565795898,21.513717651367188,19.953580856323242,22.859621047973633,107.12914276123047,,218.1153106689453
2017-09-19,8.107941627502441,21.793867111206055,19.911399841308594,22.952972412109375,107.3626708984375,,218.33367919921875
2017-09-20,8.07276439666748,21.571680068969727,19.82701873779297,23.108551025390625,109.6313705444336,,218.41232299804688
2017-09-21,8.046381950378418,21.262548446655273,19.531723022460938,23.115463256835938,109.79818725585938,,217.8271026611328
2017-09-22,8.063970565795898,21.436433792114258,19.658281326293945,23.233009338378906,110.23191833496094,,217.87075805664062
2017-09-25,7.888092041015625,20.509035110473633,19.362985610961914,23.5683650970459,113.36803436279297,,217.42532348632812
2017-09-26,7.879298686981201,20.4414119720459,19.405174255371094,23.558000564575195,113.83512115478516,,217.55636596679688
2017-09-27,7.9232683181762695,20.905115127563477,19.82701873779297,23.658248901367188,114.66920471191406,,218.40354919433594
2017-09-28,7.888092041015625,20.760208129882812,19.82701873779297,23.678997039794922,114.10205078125,,218.66558837890625
2017-09-29,7.896884918212891,20.914772033691406,19.82701873779297,23.6755428314209,113.73505401611328,,219.43421936035156
2017-10-02,7.940857887268066,20.934093475341797,19.86920738220215,23.668622970581055,114.40230560302734,,220.38626098632812
2017-10-03,8.020000457763672,21.07900047302246,20.080135345458984,23.64442253112793,114.33560943603516,,220.8579864501953
2017-10-04,8.002413749694824,21.136962890625,20.080135345458984,23.627140045166016,113.6683349609375,,221.11996459960938
2017-10-05,8.002413749694824,21.20458221435547,20.080135345458984,23.734317779541016,114.60250854492188,,222.43016052246094
2017-10-06,8.002413749694824,21.18526840209961,20.248876571655273,23.53379249572754,112.03355407714844,,222.1768035888672
2017-10-09,7.967238426208496,20.895450592041016,20.080135345458984,23.582191467285156,112.4005126953125,,221.8100128173828
2017-10-10,8.046381950378418,21.214242935180664,20.291065216064453,23.60293960571289,112.23367309570312,,222.3952178955078
2017-10-11,8.063970565795898,21.117643356323242,20.122316360473633,23.658248901367188,112.90097045898438,,222.7445526123047
2017-10-12,8.090351104736328,21.38813018798828,20.248876571655273,23.57181739807129,112.06687927246094,,222.4126434326172
2017-10-13,8.125529289245605,21.61998176574707,20.37543296813965,23.558000564575195,112.10026550292969,,222.68344116210938
2017-10-16,8.046381950378418,21.774551391601562,20.206693649291992,23.609851837158203,112.20036315917969,,222.98037719726562
2017-10-17,8.134320259094238,21.871150970458984,20.248876571655273,23.623685836791992,112.33379364013672,,223.1376190185547
2017-10-18,8.125529289245605,21.900136947631836,20.291065216064453,23.457733154296875,111.26617431640625,,223.3560028076172
2017-10-19,8.05517578125,21.542701721191406,20.248876571655273,23.385135650634766,110.56556701660156,,223.41709899902344
2017-10-20,8.037589073181152,21.75522804260254,20.459800720214844,23.430076599121094,111.09938049316406,,224.57000732421875
2017-10-23,8.05517578125,22.21892738342285,20.39230728149414,23.309072494506836,108.46366882324219,,223.69659423828125
2017-10-24,8.037589073181152,22.13198471069336,20.569480895996094,23.354021072387695,108.53040313720703,,224.0896453857422
2017-10-25,8.05517578125,22.151304244995117,20.105449676513672,23.191526412963867,107.5962142944336,,222.98037719726562
2017-10-26,8.05517578125,22.354171752929688,20.181379318237305,23.239927291870117,108.16340637207031,,223.2686309814453
2017-10-27,8.18708610534668,23.15598487854004,20.569480895996094,23.281414031982422,111.33289337158203,,225.09413146972656
2017-10-30,8.18708610534668,23.310550689697266,20.65385627746582,23.402421951293945,112.60071563720703,,224.25563049316406
2017-10-31,8.18708610534668,23.165647506713867,20.755098342895508,23.47847557067871,114.36893463134766,,224.60496520996094
2017-11-01,8.178293228149414,23.271909713745117,20.6960391998291,23.744688034057617,117.77197265625,,224.9019775390625
2017-11-02,8.20467472076416,23.320213317871094,20.83102798461914,23.6755428314209,116.37073516845703,,224.9893035888672
2017-11-03,8.134320259094238,23.5134220123291,20.932283401489258,23.744688034057617,117.93875885009766,,225.74046325683594
2017-11-06,8.20467472076416,23.94814109802246,21.337255477905273,24.287490844726562,122.8765869140625,,226.08987426757812
2017-11-07,8.05517578125,23.639005661010742,21.19382667541504,24.256366729736328,122.27595520019531,,225.93260192871094
2017-11-08,8.160703659057617,23.822553634643555,21.134763717651367,24.138822555541992,120.44110107421875,,226.3169403076172
2017-11-09,8.020000457763672,23.523082733154297,20.999773025512695,24.21142578125,122.10921478271484,,225.4959259033203
2017-11-10,7.958444595336914,23.832216262817383,20.940711975097656,24.08350372314453,121.7422103881836,,225.426025390625
2017-11-13,7.976030349731445,24.015762329101562,20.83102798461914,23.945213317871094,119.70708465576172,,225.63560485839844
2017-11-14,7.967238426208496,24.266935348510742,20.763534545898438,23.558000564575195,115.50328063964844,,225.11158752441406
2017-11-15,7.896884918212891,23.610023498535156,20.37543296813965,23.29178810119629,114.03532409667969,,223.98483276367188
2017-11-16,7.976030349731445,23.880517959594727,20.577922821044922,23.19843292236328,114.43567657470703,,225.8889617919922
2017-11-17,7.896884918212891,23.716289520263672,20.755098342895508,23.31252670288086,116.7710952758789,,225.22509765625
2017-11-20,7.888092041015625,24.170330047607422,20.932283401489258,23.25720977783203,115.36982727050781,,225.60943603515625
2017-11-21,7.888092041015625,24.122026443481445,21.02508544921875,23.309072494506836,115.77020263671875,,227.08558654785156
2017-11-22,7.9232683181762695,24.179990768432617,21.058828353881836,23.402421951293945,117.73863983154297,,226.8846893310547
2017-11-24,7.940857887268066,24.537424087524414,21.210695266723633,23.468103408813477,117.83872985839844,,227.4087371826172
2017-11-27,7.844124794006348,24.102705001831055,21.08414649963379,23.22955322265625,114.83600616455078,,227.2952117919922
2017-11-28,7.958444595336914,24.25727081298828,21.396312713623047,23.40933609008789,115.73682403564453,,229.6010284423828
2017-11-29,7.861711025238037,23.629344940185547,20.86478042602539,23.537256240844727,116.30402374267578,,229.4613037109375
2017-11-30,7.835329532623291,23.735610961914062,21.02508544921875,23.889890670776367,119.17327117919922,,231.47024536132812
2017-12-01,7.77377462387085,23.387834548950195,20.898527145385742,24.090412139892578,121.54203796386719,,230.9898223876953
2017-12-04,7.615483283996582,22.5377197265625,20.341684341430664,24.080045700073242,119.97394561767578,,230.71035766601562
2017-12-05,7.650659084320068,22.69228744506836,20.518861770629883,23.976327896118164,118.9063491821289,,229.88059997558594
2017-12-06,7.650659084320068,22.67296600341797,20.501985549926758,23.6651668548584,115.26976776123047,,229.9242401123047
2017-12-07,7.729804039001465,23.040063858032227,20.8479061126709,23.734317779541016,116.10382080078125,,230.6492156982422
2017-12-08,7.852919578552246,23.523082733154297,20.915403366088867,23.952123641967773,117.77197265625,,231.906982421875
2017-12-11,7.844124794006348,23.658327102661133,21.143205642700195,24.12499237060547,119.20663452148438,,232.605712890625
2017-12-12,7.835329532623291,23.378175735473633,21.067270278930664,24.059303283691406,117.37158966064453,,233.0162353515625
2017-12-13,7.896884918212891,23.600366592407227,20.96603012084961,24.02472686767578,116.20392608642578,,232.99000549316406
2017-12-14,7.914475440979004,23.648666381835938,21.058828353881836,23.938297271728516,115.03620147705078,,232.0380096435547
2017-12-15,7.958444595336914,23.696969985961914,21.28663444519043,23.91672134399414,113.91645812988281,,233.97018432617188
2017-12-18,8.028796195983887,24.044742584228516,21.513002395629883,24.101173400878906,116.15597534179688,,235.45394897460938
2017-12-19,7.958444595336914,23.87085723876953,21.377853393554688,24.1359806060791,116.35655975341797,,234.5496826171875
2017-12-20,8.01120662689209,23.967458724975586,21.29339599609375,24.477048873901367,119.26461029052734,,234.42677307128906
2017-12-21,8.108007431030273,24.34421730041504,21.45387077331543,24.99561309814453,122.54041290283203,,234.90963745117188
2017-12-22,8.116887092590332,24.43115997314453,21.462322235107422,25.04782485961914,123.07521057128906,,234.84814453125
2017-12-26,8.12576675415039,24.278743743896484,21.27649688720703,25.2670841217041,125.81619262695312,,234.56716918945312
2017-12-27,8.19681453704834,24.63274383544922,21.50454330444336,25.183551788330078,124.81340026855469,,234.68136596679688
2017-12-28,8.241216659545898,24.80974769592285,21.5383358001709,25.221832275390625,125.74932861328125,,235.16419982910156
2017-12-29,8.276738166809082,24.71141242980957,21.42008399963379,25.148754119873047,124.27857971191406,,234.2775115966797
2018-01-02,8.401069641113281,25.2620849609375,21.808616638183594,25.562908172607422,127.7549057006836,,235.95423889160156
2018-01-03,8.383305549621582,25.557086944580078,21.791725158691406,25.945737838745117,129.0251007080078,,237.44676208496094
2018-01-04,8.321141242980957,25.36042022705078,21.698816299438477,26.10235595703125,129.66018676757812,,238.4475555419922
2018-01-05,8.347784042358398,25.478418350219727,21.65658187866211,26.091907501220703,128.82452392578125,,240.03646850585938
2018-01-08,8.472110748291016,25.49808692932129,21.715707778930664,26.24853515625,129.59335327148438,,240.4754638671875
2018-01-09,8.454352378845215,25.48825454711914,21.5383358001709,26.18240737915039,129.39276123046875,,241.01983642578125
2018-01-10,8.436588287353516,25.49808692932129,21.529890060424805,26.151084899902344,128.62391662597656,,240.65106201171875
2018-01-11,8.60531997680664,26.127426147460938,22.13802719116211,26.687053680419922,131.6991424560547,,242.40682983398438
2018-01-12,8.578680038452148,26.156925201416016,22.062013626098633,26.94459342956543,132.7688446044922,,243.9871826171875
2018-01-16,8.543157577514648,25.49808692932129,21.62279510498047,26.603525161743164,130.3621368408203,,243.15306091308594
2018-01-17,8.596441268920898,25.54725456237793,21.817066192626953,26.836702346801758,131.46517944335938,,245.4707794189453
2018-01-18,8.53427791595459,25.54725456237793,21.66503143310547,26.617443084716797,129.9610137939453,,245.0581512451172
2018-01-19,8.552038192749023,25.53742027282715,21.715707778930664,26.582645416259766,129.42616271972656,,246.173095703125
2018-01-22,8.552038192749023,25.321086883544922,21.68192481994629,27.156902313232422,132.66854858398438,,248.17471313476562
2018-01-23,8.525394439697266,25.14408302307129,21.513002395629883,27.11513328552246,133.20333862304688,,248.70155334472656
2018-01-24,8.489875793457031,24.780248641967773,21.3609619140625,27.042036056518555,132.7688446044922,,248.6049346923828
2018-01-25,8.51651668548584,24.976913452148438,21.32717514038086,26.829736709594727,130.061279296875,,248.71026611328125
2018-01-26,8.51651668548584,25.085084915161133,21.3609619140625,26.975921630859375,130.5626678466797,,251.5897979736328
2018-01-29,8.489875793457031,25.15391731262207,21.436975479125977,26.568710327148438,128.0222930908203,,249.9217529296875
2018-01-30,8.489875793457031,24.770414352416992,21.132911682128906,26.032758712768555,123.57659149169922,,247.35824584960938
2018-01-31,8.498754501342773,24.642580032348633,20.98086929321289,26.05015754699707,123.37602996826172,,247.48121643066406
2018-02-01,8.454352378845215,24.327911376953125,20.854171752929688,26.31813621520996,123.97769927978516,,247.2002410888672
2018-02-02,8.267858505249023,23.649402618408203,20.431856155395508,25.218355178833008,118.69636535644531,,241.81869506835938
2018-02-05,8.010316848754883,22.803726196289062,19.68857192993164,24.16033935546875,114.88578033447266,,231.70526123046875
2018-02-06,8.081364631652832,23.039730072021484,19.891281127929688,24.35175895690918,116.38998413085938,,236.2703857421875
2018-02-07,8.036961555480957,22.803726196289062,19.86594581604004,23.944561004638672,112.6796646118164,,234.98861694335938
2018-02-08,7.823826789855957,22.125219345092773,19.291589736938477,23.220661163330078,108.23399353027344,,226.1744384765625
2018-02-09,7.859349727630615,22.026884078979492,19.42673110961914,23.203256607055664,108.26741790771484,,229.5718994140625
2018-02-12,8.00143814086914,22.636558532714844,19.739246368408203,23.582612991333008,111.07518768310547,,232.9430389404297
2018-02-13,8.108007431030273,23.128231048583984,20.110883712768555,23.485164642333984,109.57102966308594,,233.52247619628906
2018-02-14,8.21457290649414,23.57073402404785,20.516319274902344,23.826229095458984,113.71586608886719,,236.6741943359375
2018-02-15,8.39218521118164,24.209909439086914,20.913299560546875,23.767065048217773,113.94987487792969,,239.69415283203125
2018-02-16,8.42771053314209,24.426240921020508,21.006210327148438,23.707902908325195,113.3816146850586,,239.7643280029297
2018-02-20,8.39218521118164,24.49507713317871,21.082225799560547,23.579130172729492,113.0473403930664,,238.2631378173828
2018-02-21,8.436588287353516,24.63274383544922,21.200477600097656,23.182373046875,110.33981323242188,,237.0780487060547
2018-02-22,8.454352378845215,24.48524284362793,21.14980125427246,23.436433792114258,112.74651336669922,,237.3852996826172
2018-02-23,8.401069641113281,24.49507713317871,21.116016387939453,23.944561004638672,115.78829193115234,,241.1690673828125
2018-02-26,8.507633209228516,24.65241050720215,21.29339599609375,24.087257385253906,116.28971862792969,,243.9695587158203
2018-02-27,8.383305549621582,24.219741821289062,20.963979721069336,23.774030685424805,113.54873657226562,,240.92330932617188
2018-02-28,8.312260627746582,23.865737915039062,20.626121520996094,23.227617263793945,110.5069808959961,,238.48260498046875
2018-03-01,8.258978843688965,23.9345703125,20.355836868286133,23.19281578063965,111.64347076416016,,235.0149383544922
2018-03-02,8.312260627746582,23.905071258544922,20.440298080444336,23.300703048706055,114.11699676513672,,236.22642517089844
2018-03-05,8.338903427124023,24.239408493041992,20.5754451751709,23.547800064086914,116.18943786621094,,238.9567413330078
2018-03-06,8.401069641113281,24.47541046142578,20.98086929321289,23.561729431152344,115.11979675292969,,239.5624542236328
2018-03-07,8.418830871582031,24.337743759155273,20.972423553466797,23.384233474731445,113.94987487792969,,239.47470092773438
2018-03-08,8.40994930267334,24.465574264526367,21.03999137878418,23.37727165222168,113.74929809570312,,240.63352966308594
2018-03-09,8.472110748291016,24.82941436767578,21.377853393554688,23.822750091552734,116.22284698486328,,244.82115173339844
2018-03-12,8.51651668548584,24.98674774169922,21.631244659423828,23.815786361694336,116.35655975341797,,244.51385498046875
2018-03-13,8.498754501342773,24.770414352416992,21.572118759155273,23.645259857177734,115.85517883300781,,242.9336700439453
2018-03-14,8.51651668548584,24.85891342163086,21.445419311523438,23.506046295166016,115.42060089111328,,241.68702697753906
2018-03-15,8.525394439697266,24.74091148376465,21.386301040649414,23.384233474731445,113.84960174560547,,241.4237060546875
2018-03-16,8.463232040405273,24.799911499023438,21.5383358001709,23.592782974243164,115.27290344238281,,241.6854248046875
2018-03-19,8.507633209228516,24.83924674987793,21.50168800354004,23.228252410888672,112.39280700683594,,238.4153289794922
2018-03-20,8.578680038452148,25.193254470825195,21.774398803710938,23.424541473388672,114.10077667236328,,238.82083129882812
2018-03-21,8.60531997680664,25.399751663208008,22.07267951965332,24.037935256958008,118.85636901855469,,238.36245727539062
2018-03-22,8.454352378845215,24.465574264526367,21.63804054260254,23.547218322753906,116.34461975097656,,232.4040985107422
2018-03-23,8.338903427124023,24.22957420349121,21.254541397094727,23.40350914001465,116.21060943603516,,227.45046997070312
2018-03-26,8.631963729858398,25.242416381835938,21.5869083404541,23.82411766052246,118.38748931884766,,233.67333984375
2018-03-27,8.498754501342773,24.603246688842773,21.08409881591797,23.59979820251465,115.5073471069336,,229.6981201171875
2018-03-28,8.418830871582031,23.865737915039062,20.82842445373535,23.140626907348633,114.73707580566406,,229.0193634033203
2018-03-29,8.454352378845215,24.150909423828125,21.305673599243164,23.627838134765625,117.9521484375,,231.9457244873047
2018-04-02,8.330023765563965,23.954238891601562,20.7602481842041,23.154645919799805,113.96683502197266,,226.93927001953125
2018-04-03,8.525394439697266,24.003408432006836,20.93069839477539,23.648866653442383,115.90924072265625,,229.84788513183594
2018-04-04,8.60531997680664,23.9345703125,21.33124351501465,23.617321014404297,115.9761962890625,,232.30714416503906
2018-04-05,8.667485237121582,24.5540771484375,21.689178466796875,24.04143524169922,119.29170227050781,,234.1405792236328
2018-04-06,8.543157577514648,23.973905563354492,21.280105590820312,23.606809616088867,116.0766830444336,,228.9224090576172
2018-04-09,8.658607482910156,24.2000732421875,21.2204532623291,23.718969345092773,116.24409484863281,,230.05072021484375
2018-04-10,8.711891174316406,24.642580032348633,21.569862365722656,24.50411033630371,121.13370513916016,,233.7086181640625
2018-04-11,8.685246467590332,24.5540771484375,21.544301986694336,24.75997543334961,123.34404754638672,,232.48342895507812
2018-04-12,8.729650497436523,24.514745712280273,21.544301986694336,24.7564754486084,123.10960388183594,,234.39608764648438
2018-04-13,8.649724960327148,24.278743743896484,21.33124351501465,25.029874801635742,125.18595123291016,,233.7086181640625
2018-04-16,8.596441268920898,24.12140655517578,21.407943725585938,25.28574562072754,126.09026336669922,,235.6300811767578
2018-04-17,8.658607482910156,24.377077102661133,21.68065643310547,25.383886337280273,126.89395141601562,,238.15093994140625
2018-04-18,8.738531112670898,24.91791343688965,22.07267951965332,25.783470153808594,130.8123321533203,,238.32725524902344
2018-04-19,8.729650497436523,24.86874771118164,21.859622955322266,25.815017700195312,130.54440307617188,,237.00511169433594
2018-04-20,8.69412899017334,24.878578186035156,21.74030876159668,25.69234275817871,130.14251708984375,,234.9954071044922
2018-04-23,8.62308406829834,24.72124671936035,21.535776138305664,25.85006332397461,131.0132598876953,,234.96017456054688
2018-04-24,8.560918807983398,24.465574264526367,21.33124351501465,25.57316780090332,129.40574645996094,,231.79586791992188
2018-04-25,8.53427791595459,24.259075164794922,21.126708984375,25.776453018188477,131.0132598876953,,232.36883544921875
2018-04-26,8.640843391418457,24.47541046142578,21.305673599243164,26.15150260925293,132.78823852539062,,234.7310333251953
2018-04-27,8.791814804077148,24.69174575805664,21.373851776123047,25.874591827392578,130.37693786621094,,234.9513702392578
2018-04-30,8.747408866882324,24.209909439086914,20.990352630615234,25.871097564697266,131.8839874267578,,233.14450073242188
2018-05-01,8.756292343139648,23.944406509399414,20.956266403198242,25.71336555480957,131.28121948242188,,233.55868530273438
2018-05-02,8.711891174316406,24.08207130432129,21.160797119140625,25.81852149963379,132.4868927001953,,231.98980712890625
2018-05-03,8.69412899017334,23.944406509399414,21.169315338134766,25.758934020996094,130.24298095703125,,231.4785919189453
2018-05-04,8.711891174316406,23.846071243286133,21.4505558013916,25.885114669799805,132.654296875,,234.4754180908203
2018-05-07,8.756292343139648,24.22957420349121,21.731794357299805,25.920164108276367,133.45802307128906,,235.26870727539062
2018-05-08,8.649724960327148,24.19024085998535,21.74030876159668,26.123458862304688,136.2042236328125,,235.26870727539062
2018-05-09,8.729650497436523,24.58357810974121,21.978931427001953,26.656232833862305,138.61549377441406,,237.54273986816406
2018-05-10,8.889503479003906,25.714420318603516,22.54140853881836,26.856035232543945,139.25186157226562,,239.76393127441406
2018-05-11,8.81845760345459,25.46858787536621,22.35391616821289,26.894582748413086,138.21368408203125,,240.49546813964844
2018-05-14,8.862857818603516,25.94059181213379,22.643672943115234,27.080352783203125,139.95510864257812,,240.61007690429688
2018-05-15,8.83621883392334,25.85209083557129,22.626625061035156,27.087364196777344,140.4908905029297,,238.95298767089844
2018-05-16,8.862857818603516,26.363428115844727,22.92490577697754,27.182004928588867,141.4287109375,,239.95779418945312
2018-05-17,8.83621883392334,26.284761428833008,22.805591583251953,27.59210777282715,145.74891662597656,,239.75511169433594
2018-05-18,8.765170097351074,26.107759475708008,22.66071128845215,27.378297805786133,144.54327392578125,,239.1557159423828
2018-05-21,8.87174129486084,26.481428146362305,22.941953659057617,27.6586971282959,148.09323120117188,,240.9538116455078
2018-05-22,8.898384094238281,26.274927139282227,22.762981414794922,27.290664672851562,144.27536010742188,,240.283935546875
2018-05-23,8.862857818603516,25.89142417907715,22.532886505126953,27.287147521972656,143.4716033935547,,240.94500732421875
2018-05-24,8.756292343139648,25.60625648498535,22.362436294555664,26.83849334716797,141.36172485351562,,240.4514923095703
2018-05-25,8.649724960327148,25.478418350219727,22.3198299407959,26.140987396240234,136.90750122070312,,239.87850952148438
2018-05-29,8.51651668548584,25.14408302307129,22.481748580932617,26.060365676879883,137.5103759765625,,237.11964416503906
2018-05-30,8.658607482910156,25.42925453186035,22.59254264831543,26.849018096923828,142.6008758544922,,240.283935546875
2018-05-31,8.62308406829834,25.05558204650879,22.370956420898438,26.645721435546875,141.49563598632812,,238.81198120117188
2018-06-01,8.578680038452148,24.750747680664062,22.2260799407959,26.771902084350586,141.16075134277344,,241.1565704345703
2018-06-04,8.383305549621582,23.62973403930664,21.808490753173828,26.540555953979492,137.87872314453125,,242.30239868164062
2018-06-05,8.258978843688965,23.118398666381836,21.83405303955078,26.477468490600586,137.54385375976562,,242.47877502441406
2018-06-06,8.25009822845459,22.902061462402344,21.748836517333984,26.603656768798828,137.87872314453125,,244.50595092773438
2018-06-07,8.170169830322266,22.84305763244629,21.61248016357422,27.006744384765625,141.36172485351562,,244.4794921875
2018-06-08,8.232336044311523,22.803726196289062,21.4505558013916,26.95416831970215,140.7924041748047,,245.20228576660156
2018-06-11,8.179052352905273,22.784061431884766,21.442031860351562,27.094369888305664,141.7970733642578,,245.52841186523438
2018-06-12,8.179052352905273,22.911895751953125,21.723264694213867,26.887571334838867,141.26119995117188,,245.84573364257812
2018-06-13,8.179052352905273,23.442899703979492,21.876667022705078,26.78592872619629,141.19422912597656,,245.0613250732422
2018-06-14,8.161290168762207,23.590404510498047,21.88518524169922,26.74736785888672,139.6537322998047,,245.67822265625
2018-06-15,8.134647369384766,22.862728118896484,21.459083557128906,26.17288589477539,135.59786987304688,,245.36473083496094
2018-06-18,8.09024429321289,22.99056053161621,21.634143829345703,26.43401336669922,138.51644897460938,,244.8601531982422
2018-06-19,8.04883098602295,22.99056053161621,21.531166076660156,26.374025344848633,139.72415161132812,,243.9216766357422
2018-06-20,8.04883098602295,23.118398666381836,21.754281997680664,26.490476608276367,142.1060333251953,,244.33778381347656
2018-06-21,7.994810104370117,23.088895797729492,21.582656860351562,25.999967575073242,138.41587829589844,,242.80613708496094
2018-06-22,8.057835578918457,23.305233001708984,21.677047729492188,26.518707275390625,142.87759399414062,,243.2488250732422
2018-06-25,8.012818336486816,22.921728134155273,21.402437210083008,25.985864639282227,139.1203155517578,,239.93746948242188
2018-06-26,7.940792560577393,23.020061492919922,21.56548500061035,26.314037322998047,142.44149780273438,,240.46875
2018-06-27,7.796741485595703,22.57755470275879,21.308042526245117,26.666912078857422,144.3872528076172,,238.47662353515625
2018-06-28,7.796741485595703,22.695558547973633,21.350950241088867,26.631624221801758,143.9511260986328,,239.84005737304688
2018-06-29,7.8597636222839355,22.715227127075195,21.41101837158203,26.7974796295166,144.45431518554688,,240.18539428710938
2018-07-02,7.8597636222839355,22.872560501098633,21.54832649230957,26.40225601196289,141.70346069335938,,240.6988525390625
2018-07-03,7.895778656005859,22.695558547973633,21.445348739624023,26.56810188293457,143.1795196533203,,239.8489227294922
2018-07-05,7.913784503936768,22.872560501098633,21.745702743530273,26.539873123168945,142.9781951904297,,241.80555725097656
2018-07-06,7.994810104370117,23.147897720336914,21.92591094970703,26.70220184326172,145.62847900390625,,243.85086059570312
2018-07-09,8.102849960327148,23.531402587890625,22.088964462280273,27.100954055786133,149.35220336914062,,246.04656982421875
2018-07-10,8.07583999633789,23.403566360473633,22.16619873046875,27.302087783813477,149.11741638183594,,246.93197631835938
2018-07-11,7.976806640625,22.980730056762695,21.85726547241211,26.72338104248047,145.19235229492188,,245.12576293945312
2018-07-12,8.07583999633789,23.098731994628906,21.908748626708984,26.769245147705078,144.82330322265625,,247.34800720214844
2018-07-13,8.030823707580566,22.892227172851562,21.771451950073242,26.910402297973633,144.89044189453125,,247.5429229736328
2018-07-16,7.994810104370117,22.872560501098633,21.625560760498047,26.599857330322266,141.9718017578125,,247.32151794433594
2018-07-17,7.994810104370117,22.666057586669922,21.59123420715332,26.494001388549805,142.0389404296875,,248.32205200195312
2018-07-18,8.012818336486816,22.675893783569336,21.702796936035156,26.511640548706055,142.40794372558594,,248.84434509277344
2018-07-19,8.012818336486816,22.685726165771484,21.780027389526367,26.518707275390625,143.14598083496094,,247.90585327148438
2018-07-20,8.057835578918457,22.479225158691406,21.53974151611328,26.42694854736328,142.57568359375,,247.62255859375
2018-07-23,8.04883098602295,22.371057510375977,21.47109031677246,26.310504913330078,141.90475463867188,,248.08294677734375
2018-07-24,8.147866249084473,22.597225189208984,21.38527488708496,26.6422119140625,143.2130889892578,,249.33131408691406
2018-07-25,8.282913208007812,23.108562469482422,21.625560760498047,26.864521026611328,144.219482421875,,251.45620727539062
2018-07-26,8.174875259399414,22.803726196289062,21.814355850219727,27.157413482666016,144.6891326904297,,250.86306762695312
2018-07-27,8.192880630493164,22.380891799926758,21.488256454467773,27.040956497192383,141.7369842529297,,249.1631622314453
2018-07-30,8.210888862609863,22.076053619384766,21.2651309967041,27.263275146484375,144.28660583496094,,247.86160278320312
2018-07-31,8.201884269714355,22.361223220825195,21.651304244995117,27.213865280151367,144.32012939453125,,249.08348083496094
2018-08-01,8.156868934631348,22.243221282958984,21.788610458374023,26.83629608154297,142.0389404296875,,248.66729736328125
2018-08-02,8.120856285095215,22.39072036743164,21.891584396362305,26.68808937072754,142.4750518798828,,250.02197265625
2018-08-03,8.07583999633789,21.781049728393555,21.745702743530273,26.550466537475586,140.89833068847656,,251.09320068359375
2018-08-06,8.04883098602295,22.046552658081055,21.99456787109375,26.649272918701172,141.837646484375,,252.0140380859375
2018-08-07,8.03982925415039,22.223554611206055,22.243432998657227,26.846874237060547,142.1060333251953,,252.84629821777344
2018-08-08,8.03982925415039,22.351390838623047,22.286340713500977,26.652799606323242,139.8919219970703,,252.74000549316406
2018-08-09,8.021821022033691,22.23339080810547,22.209102630615234,26.405776977539062,138.58360290527344,,252.3947296142578
2018-08-10,7.868765830993652,21.790882110595703,21.97740364074707,26.56810188293457,139.9254608154297,,250.7036895751953
2018-08-13,7.7877397537231445,21.436880111694336,21.694211959838867,26.229341506958008,136.43650817871094,,249.76519775390625
2018-08-14,7.661696434020996,21.17137908935547,21.728538513183594,26.29285430908203,137.57717895507812,,251.35887145996094
2018-08-15,7.54465389251709,20.68954086303711,21.333789825439453,25.375391006469727,131.16964721679688,,249.48184204101562
2018-08-16,7.634684085845947,20.738706588745117,21.488256454467773,25.558879852294922,132.410888671875,,251.5004425048828
2018-08-17,7.679699897766113,20.72887420654297,21.376691818237305,25.622400283813477,133.1824493408203,,252.38592529296875
2018-08-20,7.7877397537231445,21.073041915893555,21.771451950073242,25.795312881469727,134.55792236328125,,252.92596435546875
2018-08-21,7.868765830993652,21.338544845581055,21.93449592590332,25.92587661743164,137.1074981689453,,253.51919555664062
2018-08-22,7.850760459899902,21.397546768188477,21.814355850219727,26.23640251159668,139.8919219970703,,253.36865234375
2018-08-23,7.751727104187012,21.181211471557617,21.822938919067383,26.112895965576172,139.25450134277344,,253.03208923339844
2018-08-24,7.823750019073486,21.525381088256836,22.04605484008789,26.30345344543457,141.06602478027344,,254.5550079345703
2018-08-27,7.895778656005859,21.584381103515625,22.183364868164062,26.49753189086914,141.40150451660156,,256.5648498535156
2018-08-28,7.8597636222839355,21.446712493896484,22.020309448242188,26.384605407714844,140.42868041992188,,256.6888427734375
2018-08-29,7.90477991104126,21.790882110595703,22.312088012695312,26.54693603515625,142.20668029785156,,258.070068359375
2018-08-30,7.7877397537231445,21.309043884277344,22.04605484008789,26.47283363342285,142.9781951904297,,257.0252685546875
2018-08-31,7.850760459899902,21.466381072998047,22.174781799316406,26.268159866333008,142.0389404296875,,257.0340576171875
2018-09-04,7.733720302581787,21.486047744750977,22.088964462280273,26.211702346801758,140.42868041992188,,256.5914306640625
2018-09-05,7.688703536987305,21.053377151489258,21.96024513244629,26.176414489746094,139.5228729248047,,255.90087890625
2018-09-06,7.688703536987305,20.846874237060547,21.702796936035156,25.692977905273438,135.46368408203125,,255.13052368164062
2018-09-07,7.643688201904297,20.44370460510254,21.49683952331543,25.689449310302734,134.02113342285156,,254.6346893310547
2018-09-10,7.643688201904297,20.374868392944336,21.488256454467773,25.678855895996094,134.25595092773438,,255.07740783691406
2018-09-11,7.6707000732421875,20.483036041259766,21.608400344848633,25.922338485717773,136.839111328125,,255.91854858398438
2018-09-12,7.688703536987305,20.630538940429688,21.685630798339844,26.05643653869629,138.65072631835938,,255.98056030273438
2018-09-13,7.643688201904297,20.699373245239258,21.685630798339844,26.067028045654297,138.01329040527344,,257.4945068359375
2018-09-14,7.625682830810547,20.522371292114258,21.737117767333984,26.20464324951172,138.65072631835938,,257.53875732421875
2018-09-17,7.643688201904297,20.325702667236328,21.556907653808594,26.246992111206055,138.34873962402344,,256.17535400390625
2018-09-18,7.733720302581787,20.709205627441406,21.814355850219727,26.41990089416504,140.2274169921875,,257.5653991699219
2018-09-19,7.760729789733887,20.768207550048828,21.985984802246094,26.501062393188477,141.7369842529297,,257.83990478515625
2018-09-20,7.841756820678711,21.132043838500977,22.346412658691406,26.508127212524414,141.33444213867188,,259.9292907714844
2018-09-21,7.868765830993652,21.22054100036621,22.234848022460938,26.68328857421875,142.7488250732422,,259.6918640136719
2018-09-24,7.796741485595703,21.073041915893555,22.07196044921875,27.074113845825195,145.7052459716797,,258.82916259765625
2018-09-25,7.760729789733887,21.014041900634766,21.6927490234375,27.248210906982422,146.4108123779297,,258.5889587402344
2018-09-26,7.760729789733887,20.955041885375977,21.485904693603516,26.985294342041016,143.8574981689453,,257.8153076171875
2018-09-27,7.751727104187012,20.610870361328125,21.425575256347656,26.985294342041016,145.1340789794922,,258.53564453125
2018-09-28,7.7427239418029785,20.394535064697266,21.373863220214844,26.910680770874023,145.43646240234375,,258.5622863769531
2018-10-01,7.724717140197754,20.394535064697266,21.4341983795166,27.283748626708984,146.94834899902344,,259.4606018066406
2018-10-02,7.7877397537231445,20.6600399017334,21.606565475463867,27.312175750732422,146.1755828857422,,259.30938720703125
2018-10-03,7.751727104187012,20.51253890991211,21.64103889465332,27.53245735168457,149.73672485351562,,259.4516296386719
2018-10-04,7.643688201904297,20.276538848876953,20.9774112701416,27.41875457763672,147.35150146484375,,257.4239501953125
2018-10-05,7.589670658111572,19.81436538696289,20.606822967529297,27.41521644592285,146.64593505859375,,255.98312377929688
2018-10-08,7.65269136428833,19.57836151123047,20.66715431213379,27.393890380859375,145.7388458251953,,255.98312377929688
2018-10-09,7.661696434020996,19.362028121948242,20.42583656311035,27.639049530029297,147.65380859375,,255.60955810546875
2018-10-10,7.427611351013184,18.84085464477539,19.753583908081055,26.77210235595703,140.96820068359375,,247.51611328125
2018-10-11,7.33758020401001,18.575349807739258,19.51226806640625,25.866090774536133,136.5672149658203,,242.06417846679688
2018-10-12,7.472628116607666,18.762184143066406,19.822538375854492,25.937152862548828,138.3141632080078,,245.42608642578125
2018-10-15,7.445619583129883,19.11618995666504,20.12417984008789,25.720409393310547,138.6837158203125,,244.04754638671875
2018-10-16,7.598670482635498,19.450529098510742,20.77056884765625,25.933591842651367,140.69943237304688,,249.3838348388672
2018-10-17,7.580667972564697,19.28335952758789,20.537872314453125,25.770153045654297,138.2469940185547,,249.42835998535156
2018-10-18,7.49963903427124,18.919523239135742,20.184513092041016,25.642242431640625,136.02964782714844,,245.82630920410156
2018-10-19,7.526646614074707,18.74251937866211,19.98628807067871,25.41484832763672,134.38340759277344,,245.6929168701172
2018-10-22,7.53564977645874,18.6048526763916,19.788055419921875,25.13416290283203,132.23333740234375,,244.5901336669922
2018-10-23,7.391599178314209,18.10334587097168,19.598453521728516,24.476850509643555,127.56351470947266,,243.3448944091797
2018-10-24,7.220540523529053,17.582172393798828,18.96930503845215,23.51042938232422,119.87002563476562,,235.97190856933594
2018-10-25,7.328578472137451,17.965679168701172,19.210622787475586,23.798219680786133,122.05377197265625,,240.20541381835938
2018-10-26,7.2745585441589355,17.562509536743164,19.081344604492188,23.62057113647461,120.67633056640625,,235.98077392578125
2018-10-29,7.121505260467529,17.405174255371094,19.072729110717773,23.179990768432617,116.2752685546875,,234.6734161376953
2018-10-30,7.220540523529053,17.8968448638916,19.676023483276367,23.716501235961914,118.7613525390625,,238.1508331298828
2018-10-31,7.301567554473877,18.18201446533203,20.00351905822754,23.8621768951416,121.18029022216797,,240.69459533691406
2018-11-01,7.508641242980957,18.811351776123047,20.46030616760254,24.0647029876709,123.56556701660156,,243.25595092773438
2018-11-02,7.508641242980957,19.1358585357666,20.520633697509766,24.004297256469727,121.54984283447266,,241.81520080566406
2018-11-05,7.6166791915893555,20.15853500366211,20.779191970825195,24.405784606933594,124.97663116455078,,243.1492462158203
2018-11-06,7.697707653045654,20.050365447998047,20.451684951782227,24.51948356628418,123.86793518066406,,244.68788146972656
2018-11-07,7.913784503936768,20.6600399017334,20.951557159423828,24.920978546142578,127.05952453613281,,249.92628479003906
2018-11-08,7.8597636222839355,20.08970069885254,20.615436553955078,24.380922317504883,122.322509765625,,249.4728546142578
2018-11-09,7.7877397537231445,19.85369873046875,20.2620792388916,24.338285446166992,122.25532531738281,,247.03587341308594
2018-11-12,7.760729789733887,19.657028198242188,19.891483306884766,23.83375358581543,118.02227783203125,,242.41995239257812
2018-11-13,7.760729789733887,19.519363403320312,19.788055419921875,23.286584854125977,115.73773956298828,,241.96640014648438
2018-11-14,7.7427239418029785,19.352191925048828,19.701881408691406,23.247499465942383,115.16663360595703,,240.3121337890625
2018-11-15,7.796741485595703,19.893033981323242,20.09832763671875,23.58859634399414,116.88004302978516,,242.82012939453125
2018-11-16,7.850760459899902,20.119197845458984,20.279315948486328,23.869277954101562,116.7455825805664,,243.4516143798828
2018-11-19,7.769731044769287,19.96186637878418,20.05523109436035,23.8621768951416,116.1072998046875,,239.33380126953125
2018-11-20,7.643688201904297,19.440692901611328,19.520891189575195,23.080507278442383,110.56396484375,,234.90464782714844
2018-11-21,7.7877397537231445,19.76519775390625,19.900096893310547,23.442916870117188,113.21807098388672,,235.7051239013672
2018-11-23,7.778736114501953,19.74553108215332,19.83976936340332,22.707443237304688,109.18656158447266,,234.130859375
2018-11-26,7.832755088806152,20.296201705932617,20.193132400512695,23.048532485961914,110.8999252319336,,237.91073608398438
2018-11-27,7.96780252456665,20.817373275756836,20.555105209350586,22.984575271606445,109.4889144897461,,238.71119689941406
2018-11-28,8.129860877990723,21.446712493896484,21.167016983032227,23.378963470458984,111.06793212890625,,244.2075958251953
2018-11-29,8.102849960327148,21.230377197265625,21.167016983032227,23.531747817993164,111.7734375,,243.67405700683594
2018-11-30,8.093844413757324,20.699373245239258,21.029123306274414,23.489107131958008,110.22804260253906,,245.1592254638672
2018-12-03,8.183879852294922,21.033706665039062,21.31353759765625,24.011404037475586,113.7891845703125,,248.4055633544922
2018-12-04,8.07583999633789,20.44370460510254,20.693004608154297,23.322113037109375,109.9256820678711,,240.3566131591797
2018-12-06,8.03982925415039,20.473201751708984,20.624052047729492,22.892200469970703,106.43168640136719,,239.99195861816406
2018-12-07,7.850760459899902,19.93236541748047,20.24483871459961,22.764286041259766,105.96135711669922,,234.4154815673828
2018-12-10,7.8597636222839355,19.76519775390625,20.27069664001465,22.408979415893555,102.53457641601562,,234.8601837158203
2018-12-11,7.8597636222839355,19.77503204345703,20.14141845703125,22.416088104248047,102.33299255371094,,234.91358947753906
2018-12-12,7.976806640625,19.95203399658203,20.468923568725586,22.504915237426758,102.90413665771484,,236.09640502929688
2018-12-13,7.877770900726318,20.01103401184082,20.27069664001465,22.575973510742188,102.26580810546875,,236.016357421875
2018-12-14,7.886776447296143,19.716028213500977,19.822538375854492,22.06078338623047,97.73036193847656,,231.65838623046875
2018-12-17,7.697707653045654,19.263690948486328,19.227859497070312,21.659297943115234,94.80751037597656,,227.11363220214844
2018-12-18,7.6566901206970215,19.096525192260742,19.158910751342773,21.14765739440918,92.08626556396484,,226.86459350585938
2018-12-19,7.56553840637207,18.722854614257812,18.788314819335938,20.89894676208496,90.84322357177734,,223.46710205078125
2018-12-20,7.48350191116333,18.388517379760742,18.253971099853516,20.31980323791504,87.41643524169922,,219.82955932617188
2018-12-21,7.319429874420166,18.1623477935791,17.805809020996094,20.122554779052734,85.38207244873047,,215.3253631591797
2018-12-24,7.301200866699219,17.834571838378906,17.429838180541992,19.3084659576416,81.23930358886719,,209.6357879638672
2018-12-26,7.519962310791016,18.527751922607422,18.443403244018555,20.509868621826172,89.76065063476562,,220.22760009765625
2018-12-27,7.48350191116333,18.34950828552246,18.469388961791992,20.617462158203125,90.09748077392578,,221.91842651367188
2018-12-28,7.501733303070068,18.389116287231445,18.625316619873047,20.459665298461914,88.81755828857422,,221.63211059570312
2018-12-31,7.529077529907227,18.369312286376953,18.530025482177734,20.567249298095703,89.35650634765625,,223.57337951660156
2019-01-02,7.583768844604492,18.606975555419922,18.76392936706543,20.972496032714844,91.91626739501953,,223.80593872070312
2019-01-03,7.519962310791016,18.408924102783203,18.2614803314209,20.76449966430664,91.27633666992188,,218.46531677246094
2019-01-04,7.747840881347656,19.26054573059082,19.249053955078125,21.470993041992188,96.4295425415039,,225.782958984375
2019-01-07,7.811645984649658,19.61703872680664,19.72551727294922,21.790170669555664,99.73031616210938,,227.5631866455078
2019-01-08,7.902798175811768,19.626941680908203,19.87278938293457,21.958724975585938,100.63971710205078,,229.7012176513672
2019-01-09,7.966602325439453,19.90421485900879,20.063373565673828,22.306589126586914,102.89634704589844,,230.77468872070312
2019-01-10,8.057754516601562,20.339929580688477,20.305932998657227,22.371145248413086,103.53630828857422,,231.5887908935547
2019-01-11,8.103331565856934,20.191387176513672,20.418546676635742,22.23845672607422,102.39114379882812,,231.67822265625
2019-01-14,8.066868782043457,20.151779174804688,20.219308853149414,22.184654235839844,102.45851135253906,,230.26483154296875
2019-01-15,8.021294593811035,20.16168212890625,20.236629486083984,22.263559341430664,103.6373519897461,,232.9038543701172
2019-01-16,8.048638343811035,20.06265640258789,20.513843536376953,22.234867095947266,103.83943176269531,,233.46743774414062
2019-01-17,8.167134284973145,20.40924644470215,20.73908233642578,22.439287185668945,104.44568634033203,,235.2386932373047
2019-01-18,8.158020973205566,20.260704040527344,20.704431533813477,22.894742965698242,106.46656799316406,,238.36972045898438
2019-01-22,8.057754516601562,20.013141632080078,20.3752384185791,22.396249771118164,102.02064514160156,,235.14920043945312
2019-01-23,8.158020973205566,20.39934539794922,20.34058380126953,22.16672706604004,100.37027740478516,,235.64120483398438
2019-01-24,8.34032154083252,21.043010711669922,20.877687454223633,22.285078048706055,100.94283294677734,,235.7664794921875
2019-01-25,8.395012855529785,21.548044204711914,21.258859634399414,22.568387985229492,102.8289794921875,,237.761474609375
2019-01-28,8.34943675994873,22.043174743652344,21.458105087280273,22.342456817626953,101.04388427734375,,235.95437622070312
2019-01-29,8.440587043762207,21.78570556640625,21.38013458251953,22.41059684753418,101.51542663574219,,235.64120483398438
2019-01-30,8.495280265808105,22.270933151245117,21.640026092529297,22.72618293762207,104.37834930419922,,239.3716583251953
2019-01-31,8.65023422241211,23.063140869140625,22.10782241821289,22.87322425842285,102.8626708984375,,241.4738311767578
2019-02-01,8.659351348876953,22.49869155883789,21.84793472290039,23.271299362182617,103.4015884399414,,241.59024047851562
2019-02-04,8.65023422241211,22.766063690185547,22.10782241821289,23.32509422302246,104.00784301757812,,243.28990173339844
2019-02-05,8.714042663574219,22.914602279663086,22.22044563293457,23.3609561920166,102.59323120117188,,244.3097686767578
2019-02-06,8.659351348876953,23.053237915039062,22.419689178466797,23.188814163208008,101.38070678710938,,243.9876708984375
2019-02-07,8.56820011138916,22.676937103271484,22.090503692626953,22.675975799560547,97.00212097167969,,241.66184997558594
2019-02-08,8.549970626831055,22.51849937438965,21.95189094543457,22.57198143005371,95.52017211914062,,241.9569854736328
2019-02-11,8.62289047241211,22.657135009765625,22.237768173217773,22.679563522338867,97.06948852539062,,242.09112548828125
2019-02-12,8.695810317993164,22.894800186157227,22.4456787109375,22.966466903686523,98.24834442138672,,245.2042999267578
2019-02-13,8.704927444458008,23.063140869140625,22.662250518798828,23.253366470336914,100.37027740478516,,246.00045776367188
2019-02-14,8.786961555480957,23.38992691040039,22.9654598236084,23.335851669311523,101.68383026123047,,245.45480346679688
2019-02-15,8.750500679016113,23.00372314453125,22.844179153442383,23.7124080657959,104.41203308105469,,248.12957763671875
2019-02-19,8.814309120178223,23.76622772216797,23.277324676513672,23.78413200378418,103.97417449951172,,248.55894470214844
2019-02-20,8.768733024597168,23.64739418029785,23.467906951904297,23.884552001953125,105.15301513671875,,249.05999755859375
2019-02-21,8.823423385620117,24.152427673339844,23.537208557128906,23.51517105102539,102.29011535644531,,248.17431640625
2019-02-22,8.9054594039917,24.91492462158203,24.429494857788086,23.58330535888672,103.16580200195312,,249.7130126953125
2019-02-25,8.941920280456543,24.964439392089844,24.429494857788086,23.622756958007812,102.99740600585938,,250.0529327392578
2019-02-26,8.960151672363281,24.726776123046875,24.42082977294922,23.54743766784668,101.44806671142578,,249.87399291992188
2019-02-27,8.896343231201172,24.57823944091797,24.438156127929688,23.637104034423828,101.61647033691406,,249.76669311523438
2019-02-28,8.841652870178223,24.677263259887695,24.368852615356445,23.400407791137695,100.30290222167969,,249.30145263671875
2019-03-01,8.832537651062012,24.80599594116211,24.61141586303711,23.83075523376465,102.42481994628906,,250.85813903808594
2019-03-04,8.85076904296875,24.726776123046875,24.334199905395508,23.87379264831543,103.13213348388672,,249.945556640625
2019-03-05,8.914572715759277,24.489112854003906,24.212919235229492,23.79489517211914,102.22272491455078,,249.60565185546875
2019-03-06,8.796075820922852,23.786029815673828,23.355287551879883,23.493640899658203,99.29246520996094,,248.09376525878906
2019-03-07,8.66846752166748,23.191877365112305,23.190696716308594,23.35378074645996,97.9452133178711,,246.01844787597656
2019-03-08,8.659351348876953,22.964115142822266,22.896156311035156,22.916261672973633,94.50973510742188,,245.52638244628906
2019-03-11,8.859884262084961,23.776126861572266,23.684476852416992,23.274885177612305,96.53060150146484,,249.0867919921875
2019-03-12,8.932806015014648,23.835542678833008,23.753786087036133,23.425506591796875,98.98931121826172,,250.02610778808594
2019-03-13,9.00572395324707,23.934568405151367,23.89238739013672,23.66220474243164,101.07756042480469,,251.68106079101562
2019-03-14,8.960151672363281,23.875154495239258,23.849075317382812,23.687305450439453,101.38070678710938,,251.52000427246094
2019-03-15,8.960151672363281,23.786029815673828,23.805763244628906,23.677907943725586,100.51299285888672,,252.7626953125
2019-03-18,9.051301956176758,24.271257400512695,24.056987762451172,24.006820678710938,102.94393157958984,,253.67921447753906
2019-03-19,9.00572395324707,24.419795989990234,24.212919235229492,23.94175910949707,101.93104553222656,,253.74209594726562
2019-03-20,9.06953239440918,24.52872657775879,24.2735595703125,24.151390075683594,104.76715087890625,,252.97828674316406
2019-03-21,8.960151672363281,23.944473266601562,23.944368362426758,24.321273803710938,106.32024383544922,,255.83558654785156
2019-03-22,8.786961555480957,23.043336868286133,23.043424606323242,23.663450241088867,101.49211883544922,,250.9117431640625
2019-03-25,8.768733024597168,22.894800186157227,22.870168685913086,23.674301147460938,101.55966186523438,,250.72303771972656
2019-03-26,8.832537651062012,22.84528350830078,22.80952262878418,24.0140438079834,103.65299224853516,,252.5919647216797
2019-03-27,8.750500679016113,22.785869598388672,22.792194366455078,23.844167709350586,103.38287353515625,,251.2711639404297
2019-03-28,8.859884262084961,22.914602279663086,23.043424606323242,23.934534072875977,103.9906005859375,,252.22366333007812
2019-03-29,8.896343231201172,22.93440818786621,23.208023071289062,23.898387908935547,103.78802490234375,,253.81399536132812
2019-04-01,8.97838020324707,23.370121002197266,23.537208557128906,24.212833404541016,105.23983764648438,,256.8240051269531
2019-04-02,9.014840126037598,23.508756637573242,23.615177154541016,24.04657554626465,104.15943145751953,,256.9497985839844
2019-04-03,9.023954391479492,23.835542678833008,23.93570327758789,23.81525993347168,101.82975769042969,,257.3541564941406
2019-04-04,9.096874237060547,24.0930118560791,24.100299835205078,24.0140438079834,103.68673706054688,,258.03704833984375
2019-04-05,9.206259727478027,24.558433532714844,24.438156127929688,24.43693733215332,107.40068054199219,,259.2860412597656
2019-04-08,9.1971435546875,24.726776123046875,24.533449172973633,24.54535675048828,108.1434555053711,,259.483642578125
2019-04-09,9.133338928222656,24.261356353759766,24.17826271057129,24.24536895751953,105.98261260986328,,258.1538391113281
2019-04-10,9.242718696594238,24.62775230407715,24.368852615356445,24.33572769165039,107.53573608398438,,259.0343933105469
2019-04-11,9.151566505432129,24.192035675048828,24.221580505371094,24.35379981994629,106.08393096923828,,258.9624328613281
2019-04-12,9.133338928222656,24.370283126831055,24.403505325317383,24.418859481811523,109.59527587890625,,260.71453857421875
2019-04-15,9.1971435546875,24.479211807250977,24.247570037841797,24.2742862701416,108.31227111816406,,260.54388427734375
2019-04-16,9.188027381896973,24.68716812133789,24.50745964050293,24.433317184448242,108.95378112792969,,260.71453857421875
2019-04-17,9.233602523803711,24.91492462158203,24.663394927978516,24.40079116821289,108.54862213134766,,260.0766906738281
2019-04-18,9.206259727478027,24.84560775756836,24.68071746826172,24.285133361816406,107.40068054199219,,260.5888366699219
2019-04-22,9.206259727478027,25.073368072509766,24.68071746826172,24.798372268676758,111.35095977783203,,260.8134765625
2019-04-23,9.288294792175293,25.36054229736328,24.87130355834961,24.75860595703125,111.21591186523438,,263.1585388183594
2019-04-24,9.242718696594238,25.330835342407227,24.87130355834961,24.324886322021484,108.98754119873047,,262.5745849609375
2019-04-25,9.206259727478027,25.251615524291992,24.585426330566406,24.24898338317871,107.33314514160156,,262.4128112792969
2019-04-26,9.224488258361816,25.301124572753906,24.758686065673828,23.934534072875977,105.61121368408203,,263.6348571777344
2019-04-29,9.224488258361816,25.122880935668945,24.74135971069336,23.912845611572266,105.4761962890625,,264.048095703125
2019-04-30,9.260948181152344,24.84560775756836,24.50745964050293,23.894775390625,104.4970703125,,264.1828918457031
2019-05-01,9.224488258361816,25.122880935668945,24.620075225830078,23.41767120361328,101.1207275390625,,262.1971130371094
2019-05-02,9.178911209106445,25.202102661132812,24.542110443115234,23.00924301147461,97.84569549560547,,261.6311340332031
2019-05-03,9.315638542175293,25.954696655273438,25.018573760986328,23.22249412536621,100.00656127929688,,264.1918640136719
2019-05-06,9.169797897338867,25.301124572753906,24.689382553100586,23.24418067932129,100.95191955566406,,263.10467529296875
2019-05-07,9.224488258361816,25.895280838012695,24.983922958374023,23.041772842407227,99.53385162353516,,258.7109069824219
2019-05-08,9.188027381896973,25.50908088684082,24.5161190032959,23.041772842407227,100.51299285888672,,258.3515319824219
2019-05-09,9.115105628967285,24.57823944091797,24.204252243041992,23.041772842407227,100.14158630371094,,257.5697021484375
2019-05-10,9.188027381896973,25.142684936523438,24.39484405517578,23.150211334228516,100.58052062988281,,258.8636169433594
2019-05-13,8.932806015014648,24.192035675048828,23.554534912109375,22.752622604370117,97.10291290283203,,252.3583526611328
2019-05-14,9.03307056427002,24.479211807250977,23.875059127807617,23.030935287475586,99.50010681152344,,254.640625
2019-05-15,9.051301956176758,24.974340438842773,24.195592880249023,23.150211334228516,100.85061645507812,,256.13214111328125
2019-05-16,9.124222755432129,25.598203659057617,24.498794555664062,23.276716232299805,101.89726257324219,,258.50421142578125
2019-05-17,9.00572395324707,25.00404930114746,23.97901725769043,23.041772842407227,99.56761169433594,,256.8329162597656
2019-05-20,8.97838020324707,24.746580123901367,23.60651397705078,23.052616119384766,98.72354125976562,,255.1348114013672
2019-05-21,9.096874237060547,25.50908088684082,24.238906860351562,23.320083618164062,100.85061645507812,,257.4350280761719
2019-05-22,9.151566505432129,25.677425384521484,24.17826271057129,22.95864486694336,97.00161743164062,,256.644287109375
2019-05-23,8.97838020324707,24.83570671081543,23.511219024658203,22.188779830932617,91.49822235107422,,253.50852966308594
2019-05-24,9.023954391479492,25.251615524291992,23.64116668701172,22.271907806396484,91.56575012207031,,254.08349609375
2019-05-28,9.151566505432129,25.538789749145508,23.88372802734375,22.04058265686035,90.18145751953125,,251.72036743164062
2019-05-29,9.078645706176758,25.37044906616211,23.623838424682617,21.89962387084961,90.65414428710938,,250.0311737060547
2019-05-30,9.151566505432129,25.7170352935791,23.701810836791992,21.621320724487305,88.32450103759766,,250.714111328125
2019-05-31,9.105992317199707,25.41995620727539,23.259994506835938,21.24180793762207,86.46749877929688,,247.3356475830078
2019-06-03,9.251832962036133,25.825963973999023,23.64116668701172,21.51288604736328,87.2778091430664,,246.70668029785156
2019-06-04,9.361214637756348,26.043819427490234,24.2735595703125,21.88516616821289,89.53996276855469,,252.0618438720703
2019-06-05,9.34298324584961,26.558757781982422,24.204252243041992,21.643001556396484,86.36620330810547,,254.24520874023438
2019-06-06,9.32475471496582,26.380510330200195,24.11762237548828,22.044198989868164,87.07525634765625,,255.89842224121094
2019-06-07,9.488825798034668,26.746906280517578,24.429494857788086,22.14540672302246,87.24405670166016,,258.4593200683594
2019-06-10,9.488825798034668,27.143009185791016,24.776002883911133,22.210464477539062,86.70386505126953,,259.6453552246094
2019-06-11,9.525285720825195,27.1826229095459,24.879961013793945,22.253833770751953,86.940185546875,,259.5825500488281
2019-06-12,9.470595359802246,26.64788055419922,24.50745964050293,21.93938636779785,83.93526458740234,,259.1242370605469
2019-06-13,9.57086181640625,27.390575408935547,25.00124740600586,22.19601058959961,85.89354705810547,,260.1933288574219
2019-06-14,9.497942924499512,27.034080505371094,24.689382553100586,22.051427841186523,84.27289581298828,,259.9058837890625
2019-06-17,9.450185775756836,26.548852920532227,24.568099975585938,22.235767364501953,85.72471618652344,,260.00469970703125
2019-06-18,9.615493774414062,27.539112091064453,25.356433868408203,22.54298973083496,87.9868392944336,,262.7272033691406
2019-06-19,9.643044471740723,27.766874313354492,25.547012329101562,22.517690658569336,87.54793548583984,,263.3203125
2019-06-20,9.780804634094238,27.846094131469727,25.73759651184082,23.016475677490234,90.21519470214844,,265.8361511230469
2019-06-21,9.744067192077637,27.727262496948242,25.46038246154785,23.182798385620117,90.49304962158203,,265.4497375488281
2019-06-24,9.744067192077637,27.806486129760742,25.388093948364258,22.974899291992188,89.23948669433594,,265.1247253417969
2019-06-25,9.643044471740723,27.043981552124023,24.90036392211914,22.79252815246582,88.05368041992188,,262.5245056152344
2019-06-26,9.661415100097656,27.25193977355957,25.161645889282227,23.142675399780273,90.93348693847656,,262.2624816894531
2019-06-27,9.744067192077637,27.86590003967285,25.788726806640625,22.971248626708984,90.6963119506836,,263.1925354003906
2019-06-28,9.771617889404297,27.9946346282959,25.875822067260742,23.237506866455078,92.32254791259766,,264.54693603515625
2019-07-01,9.845091819763184,28.529373168945312,26.21549415588379,23.259389877319336,92.15314483642578,,266.9485778808594
2019-07-02,9.872640609741211,28.78683853149414,26.2590389251709,22.887361526489258,88.90066528320312,,267.643798828125
2019-07-03,9.96448040008545,28.92547607421875,26.302589416503906,22.978540420532227,88.69743347167969,,269.7835388183594
2019-07-05,9.96448040008545,28.974990844726562,26.51161766052246,23.011369705200195,89.81543731689453,,269.4765319824219
2019-07-08,9.955297470092773,28.905670166015625,26.37226676940918,23.04419708251953,88.69743347167969,,267.9958801269531
2019-07-09,9.955297470092773,28.747230529785156,26.29387855529785,23.062435150146484,88.90066528320312,,268.3299560546875
2019-07-10,9.96448040008545,28.776935577392578,26.29387855529785,23.357866287231445,90.79793548583984,,269.61199951171875
2019-07-11,9.946112632751465,28.083757400512695,25.980337142944336,23.405290603637695,89.78155517578125,,270.2440490722656
2019-07-12,9.900195121765137,28.46995735168457,26.380970001220703,23.503767013549805,90.39141082763672,,271.4539794921875
2019-07-15,9.872640609741211,28.499666213989258,26.276456832885742,23.29221534729004,87.95205688476562,,271.5442199707031
2019-07-16,9.863457679748535,28.489763259887695,26.206785202026367,23.04419708251953,86.22417449951172,,270.6683349609375
2019-07-17,9.900195121765137,28.618497848510742,26.241626739501953,22.781583786010742,83.51377868652344,,268.8265075683594
2019-07-18,9.96448040008545,28.648202896118164,26.232912063598633,22.78523063659668,82.83618927001953,,269.81072998046875
2019-07-19,9.92774772644043,28.757131576538086,26.302589416503906,22.891008377075195,83.88644409179688,,268.3118896484375
2019-07-22,9.955297470092773,28.71752166748047,26.26774787902832,22.996780395507812,84.15750885009766,,268.9709777832031
2019-07-23,9.881826400756836,28.390735626220703,26.33742904663086,23.058792114257812,85.00450897216797,,270.8941650390625
2019-07-24,9.900195121765137,28.33131980895996,26.650964736938477,23.15726089477539,85.54658508300781,,272.1671447753906
2019-07-25,9.845091819763184,27.984731674194336,26.119688034057617,22.894651412963867,83.00560760498047,,270.8670349121094
2019-07-26,9.863457679748535,28.232295989990234,26.34613609313965,22.777935028076172,82.02307891845703,,272.6818542480469
2019-07-29,9.872640609741211,28.460054397583008,26.29387855529785,22.68674659729004,80.49847412109375,,272.1852722167969
2019-07-30,9.762434005737305,28.608592987060547,26.502906799316406,22.942068099975586,84.59793090820312,,271.51708984375
2019-07-31,9.854273796081543,29.222553253173828,26.51161766052246,22.869123458862305,84.80123138427734,,268.54669189453125
2019-08-01,9.872640609741211,30.07417869567871,26.485485076904297,22.351192474365234,79.5159683227539,,266.2082214355469
2019-08-02,9.891009330749512,30.08407974243164,26.232912063598633,22.03022575378418,78.60120391845703,,264.2037048339844
2019-08-05,9.532837867736816,28.36102867126465,25.12681007385254,21.373687744140625,75.34876251220703,,256.2582702636719
2019-08-06,9.661415100097656,29.06411361694336,25.536149978637695,21.348159790039062,74.23070526123047,,259.8518371582031
2019-08-07,9.90937614440918,30.737651824951172,26.09355926513672,21.187673568725586,74.06130981445312,,260.0053405761719
2019-08-08,10.09305477142334,31.272390365600586,26.703224182128906,21.79678726196289,76.2296142578125,,265.1066589355469
2019-08-09,10.047135353088379,30.509889602661133,26.26774787902832,21.55605697631836,75.5181655883789,,263.3008117675781
2019-08-12,9.96448040008545,30.0246639251709,25.832275390625,21.300745010375977,74.36624145507812,,260.0956726074219
2019-08-13,10.06550407409668,30.014760971069336,25.962919235229492,21.497705459594727,74.84056091308594,,264.1405029296875
2019-08-14,9.808355331420898,28.8066463470459,24.996166229248047,20.65515899658203,71.04601287841797,,256.3305358886719
2019-08-15,9.753253936767578,28.638301849365234,24.987462997436523,20.52749252319336,70.40228271484375,,257.0077209472656
2019-08-16,9.900195121765137,29.519630432128906,25.6058349609375,20.79740333557129,72.63835906982422,,260.7997741699219
2019-08-19,10.019583702087402,30.37125587463379,25.997756958007812,21.25697135925293,75.61979675292969,,263.9419250488281
2019-08-20,10.019583702087402,30.658428192138672,25.919368743896484,21.078248977661133,75.00994873046875,,261.9194030761719
2019-08-21,10.166524887084961,31.411029815673828,26.110973358154297,21.213205337524414,75.34876251220703,,264.05029296875
2019-08-22,10.056321144104004,30.68813705444336,25.719051361083984,21.118375778198242,74.43399810791016,,263.96893310546875
2019-08-23,9.817540168762207,29.757293701171875,24.987462997436523,20.410783767700195,70.9104995727539,,257.18829345703125
2019-08-26,10.010401725769043,30.460378646850586,25.361967086791992,20.49831771850586,70.80885314941406,,260.0323791503906
2019-08-27,9.936928749084473,30.054372787475586,25.057132720947266,20.37065887451172,69.79246520996094,,259.0121154785156
2019-08-28,9.946112632751465,30.202911376953125,25.2574520111084,20.662452697753906,71.9946517944336,,260.83599853515625
2019-08-29,10.010401725769043,30.242523193359375,25.46647834777832,20.965185165405273,74.43399810791016,,264.1676025390625
2019-08-30,9.982848167419434,30.252424240112305,25.527446746826172,20.965185165405273,73.07880401611328,,264.05029296875
2019-09-03,10.047135353088379,29.470117568969727,24.978748321533203,20.863056182861328,71.68973541259766,,262.50628662109375
2019-09-04,10.194077491760254,30.09398078918457,25.388093948364258,21.154850006103516,73.58699798583984,,265.4858703613281
2019-09-05,10.194077491760254,29.82661247253418,25.710344314575195,21.41745948791504,75.5181655883789,,268.89874267578125
2019-09-06,10.102238655090332,29.450315475463867,25.69292449951172,21.5305233001709,75.24710845947266,,269.1064147949219
2019-09-09,10.074687957763672,28.984893798828125,25.753894805908203,21.960918426513672,79.48210144042969,,269.24188232421875
2019-09-10,10.010401725769043,28.776935577392578,25.971628189086914,22.21988296508789,80.1935806274414,,269.1786804199219
2019-09-11,10.14815902709961,29.52953338623047,26.52903175354004,22.24176597595215,80.43072509765625,,271.0927429199219
2019-09-12,10.102238655090332,29.06411361694336,26.37226676940918,22.103166580200195,78.77062225341797,,272.03179931640625
2019-09-13,10.12060546875,29.301776885986328,26.685802459716797,22.278242111206055,79.3465576171875,,271.8511962890625
2019-09-16,10.175708770751953,29.88602638244629,26.947084426879883,23.025959014892578,87.91815185546875,,271.01153564453125
2019-09-17,10.285916328430176,30.88619041442871,27.217079162597656,22.70499038696289,83.24275970458984,,271.69775390625
2019-09-18,10.285916328430176,30.856483459472656,27.138694763183594,22.595565795898438,81.955322265625,,271.8601989746094
2019-09-19,10.460410118103027,31.747716903686523,27.399978637695312,22.53721046447754,80.3290786743164,,271.8421936035156
2019-09-20,10.451227188110352,31.817031860351562,27.27804946899414,22.555612564086914,80.88325500488281,,270.55780029296875
2019-09-23,10.414491653442383,31.98537826538086,27.430387496948242,22.562969207763672,80.61127471923828,,270.4942932128906
2019-09-24,10.31346607208252,30.826772689819336,26.50233268737793,22.205942153930664,78.36735534667969,,268.37176513671875
2019-09-25,10.258362770080566,31.02482795715332,26.694942474365234,22.242746353149414,78.4693374633789,,269.95916748046875
2019-09-26,10.166524887084961,29.915735244750977,26.125844955444336,21.95197105407715,76.93940734863281,,269.3967590332031
2019-09-27,9.946112632751465,28.92547607421875,25.574264526367188,21.948287963867188,76.53141784667969,,267.9454345703125
2019-09-30,10.010401725769043,29.08391761779785,25.539243698120117,21.790016174316406,76.02141571044922,,269.1881103515625
2019-10-01,9.973665237426758,28.578886032104492,24.961393356323242,21.28575897216797,73.26751708984375,,265.98626708984375
2019-10-02,9.808355331420898,28.31151580810547,24.68998146057129,20.763086318969727,71.22760009765625,,261.2876892089844
2019-10-03,9.918562889099121,28.707618713378906,24.760021209716797,20.98761749267578,72.3155517578125,,263.42828369140625
2019-10-04,10.14815902709961,29.311677932739258,25.127744674682617,21.1201229095459,72.21357727050781,,266.9930114746094
2019-10-07,10.09305477142334,28.994794845581055,25.066457748413086,20.932405471801758,71.32960510253906,,265.8409729003906
2019-10-08,10.010401725769043,29.00469970703125,24.8913516998291,20.575368881225586,69.2896499633789,,261.7139587402344
2019-10-09,10.083870887756348,28.866060256958008,24.926366806030273,20.763086318969727,69.83363342285156,,264.1993408203125
2019-10-10,10.09305477142334,29.262163162231445,25.276586532592773,21.0244197845459,70.5476303100586,,265.98626708984375
2019-10-11,10.1389741897583,29.499826431274414,25.477956771850586,21.30784034729004,72.28154754638672,,268.7436218261719
2019-10-14,10.102238655090332,29.509729385375977,25.28533363342285,21.29679298400879,71.32960510253906,,268.44439697265625
2019-10-15,9.99203109741211,29.2126522064209,25.390403747558594,21.385135650634766,71.39759826660156,,271.1020812988281
2019-10-16,9.946112632751465,28.826452255249023,25.154008865356445,21.086992263793945,70.88761138916016,,270.66668701171875
2019-10-17,10.010401725769043,28.776935577392578,25.451690673828125,21.10171890258789,71.22760009765625,,271.46478271484375
2019-10-18,10.056321144104004,28.71752166748047,25.565507888793945,20.99129295349121,69.90161895751953,,270.2766418457031
2019-10-21,10.175708770751953,29.37109375,25.810657501220703,21.36673355102539,70.41160583496094,,272.10888671875
2019-10-22,10.028768539428711,28.46995735168457,25.425424575805664,21.642780303955078,71.56755828857422,,271.2198791503906
2019-10-23,10.001215934753418,28.78683853149414,25.521730422973633,21.823144912719727,72.96151733398438,,272.0090637207031
2019-10-24,10.010401725769043,28.974990844726562,25.898210525512695,21.731122970581055,72.72354888916016,,272.4534912109375
2019-10-25,9.946112632751465,28.737327575683594,25.906965255737305,21.907804489135742,74.25348663330078,,273.5693359375
2019-10-28,9.99203109741211,28.836353302001953,26.064565658569336,21.782655715942383,73.74349975585938,,275.1112060546875
2019-10-29,9.96448040008545,28.905670166015625,25.985767364501953,21.870986938476562,74.96746063232422,,275.0295715332031
2019-10-30,9.78998851776123,27.796579360961914,25.583019256591797,21.425622940063477,72.17955780029297,,275.87322998046875
2019-10-31,9.78998851776123,27.816387176513672,25.407909393310547,21.333602905273438,71.8055648803711,,275.13848876953125
2019-11-01,9.826722145080566,27.905508041381836,25.863191604614258,21.81946563720703,74.28746795654297,,277.687255859375
2019-11-04,9.771617889404297,27.499502182006836,26.07331085205078,22.529848098754883,77.89136505126953,,278.8028869628906
2019-11-05,9.762434005737305,27.925315856933594,26.484817504882812,22.559288024902344,77.99337005615234,,278.49456787109375
2019-11-06,9.7073335647583,27.687652587890625,26.26593017578125,22.099201202392578,75.61344146728516,,278.5580749511719
2019-11-07,9.688965797424316,27.52920913696289,26.37099838256836,22.430463790893555,77.14340209960938,,279.53765869140625
2019-11-08,9.725700378417969,27.568822860717773,26.449798583984375,22.338438034057617,77.65338134765625,,280.2270812988281
2019-11-11,9.826722145080566,27.786678314208984,26.624906539916992,22.213300704956055,75.91941833496094,,279.6919860839844
2019-11-12,9.744067192077637,27.65794563293457,26.791257858276367,22.099201202392578,75.6474380493164,,280.28143310546875
2019-11-13,9.734885215759277,27.152912139892578,26.283445358276367,22.003501892089844,74.4574966430664,,280.3721618652344
2019-11-14,9.817540168762207,27.440086364746094,26.624906539916992,21.944612503051758,73.74349975585938,,280.7803649902344
2019-11-15,9.872640609741211,27.578723907470703,27.045154571533203,22.11392593383789,74.66146087646484,,282.8121032714844
2019-11-18,9.799171447753906,27.281644821166992,26.940088272094727,21.84522819519043,72.34954071044922,,283.0207214355469
2019-11-19,9.817540168762207,27.50940704345703,26.843786239624023,21.52132225036621,70.0036392211914,,282.9390869140625
2019-11-20,9.725700378417969,27.242036819458008,26.572370529174805,21.738489151000977,70.37762451171875,,281.88690185546875
2019-11-21,9.744067192077637,27.06378936767578,26.36224365234375,22.095518112182617,71.39759826660156,,281.4334716796875
2019-11-22,9.734885215759277,27.152912139892578,26.484817504882812,22.021902084350586,71.56755828857422,,282.0592346191406
2019-11-25,9.918562889099121,27.51930809020996,26.983867645263672,22.043991088867188,72.17955780029297,,284.2452697753906
2019-11-26,9.955297470092773,27.578723907470703,27.062665939331055,21.841548919677734,70.37762451171875,,284.8892822265625
2019-11-27,10.083870887756348,28.004535675048828,27.474164962768555,21.896757125854492,70.88761138916016,,286.1592712402344
2019-11-29,10.111422538757324,27.717361450195312,27.272790908813477,21.67591667175293,69.2216567993164,,285.09796142578125
2019-12-02,10.111422538757324,27.608430862426758,27.11520004272461,21.67591667175293,69.25567626953125,,282.67608642578125
2019-12-03,10.184893608093262,27.984731674194336,26.922582626342773,21.352008819580078,68.13367462158203,,280.7803649902344
2019-12-04,10.24917984008789,28.232295989990234,27.11520004272461,21.67223358154297,70.2416000366211,,282.5128479003906
2019-12-05,10.212444305419922,28.11346435546875,26.99262237548828,21.569168090820312,69.66362762451172,,283.0207214355469
2019-12-06,10.304285049438477,28.489763259887695,27.316570281982422,21.981422424316406,72.17955780029297,,285.60589599609375
2019-12-09,10.258362770080566,28.380834579467773,27.1064395904541,21.95565414428711,72.65555572509766,,284.7078552246094
2019-12-10,10.184893608093262,28.25210189819336,27.018890380859375,21.999820709228516,73.16552734375,,284.39031982421875
2019-12-11,10.331833839416504,28.71752166748047,27.412879943847656,21.9630126953125,72.72354888916016,,285.1977844238281
2019-12-12,10.405306816101074,29.28196907043457,27.981971740722656,22.367891311645508,75.47745513916016,,287.6559143066406
2019-12-13,10.451227188110352,29.410703659057617,28.13081932067871,22.198577880859375,73.98148345947266,,287.8282470703125
2019-12-16,10.6658353805542,30.034564971923828,28.52480697631836,22.496719360351562,76.08943176269531,,289.8055725097656
2019-12-17,10.712089538574219,30.143495559692383,29.023860931396484,22.511444091796875,78.0953598022461,,289.86907958984375
2019-12-18,10.693587303161621,30.103885650634766,29.12891960144043,22.596094131469727,78.57134246826172,,289.8872985839844
2019-12-19,10.712089538574219,30.311840057373047,29.06764030456543,22.588741302490234,79.55731201171875,,291.0754699707031
2019-12-20,10.758341789245605,30.38115692138672,29.330293655395508,22.805416107177734,79.2841567993164,,292.35162353515625
2019-12-23,10.83234691619873,30.48147201538086,29.6163330078125,23.039573669433594,80.99140167236328,,292.79833984375
2019-12-24,10.86009693145752,30.570859909057617,29.713144302368164,23.028423309326172,80.92311096191406,,292.807373046875
2019-12-26,10.92485237121582,30.908550262451172,29.915576934814453,23.02098274230957,81.23041534423828,,294.3659973144531
2019-12-27,10.88785171508789,30.66025161743164,29.5283203125,22.924348831176758,79.86463165283203,,294.2931213378906
2019-12-30,10.83234691619873,30.491403579711914,29.871564865112305,22.852006912231445,79.7621841430664,,292.6706237792969
2019-12-31,10.869349479675293,30.59072494506836,30.126813888549805,22.982152938842773,80.92311096191406,,293.381591796875
2020-01-02,11.035859107971191,31.722978591918945,30.672483444213867,23.188852310180664,80.78651428222656,,296.12530517578125
2020-01-03,10.980354309082031,31.514406204223633,30.593280792236328,23.11995506286621,82.04987335205078,,293.8829345703125
2020-01-06,10.952604293823242,31.23630714416504,30.822114944458008,23.29985809326172,82.59619903564453,,295.0041809082031
2020-01-07,10.92485237121582,31.514406204223633,30.87491798400879,23.238616943359375,83.5864028930664,,294.1745910644531
2020-01-08,11.01735782623291,31.85209083557129,31.09494972229004,22.855838775634766,80.41094970703125,,295.7424621582031
2020-01-09,11.035859107971191,32.31890106201172,31.367794036865234,23.02425765991211,80.03533935546875,,297.747802734375
2020-01-10,11.054359436035156,32.199710845947266,31.376588821411133,22.89410972595215,79.2841567993164,,296.8910217285156
2020-01-13,11.220867156982422,32.914825439453125,32.28312301635742,22.901765823364258,78.15740203857422,,298.93280029296875
2020-01-14,11.313371658325195,33.21278381347656,32.69679641723633,22.905595779418945,79.01099395751953,,298.47698974609375
2020-01-15,11.331873893737793,32.9346923828125,32.820011138916016,22.737173080444336,78.08909606933594,,299.15155029296875
2020-01-16,11.424378395080566,33.19292068481445,33.172054290771484,22.77545166015625,77.64521789550781,,301.6400451660156
2020-01-17,11.553884506225586,33.441219329833984,33.462493896484375,22.62999153137207,76.38185119628906,,302.5788879394531
2020-01-21,11.498381614685059,33.43128967285156,33.629722595214844,22.224246978759766,73.8551254272461,,301.9863586425781
2020-01-22,11.461380958557129,33.12339782714844,33.03123092651367,22.009891510009766,72.21617889404297,,302.0228576660156
2020-01-23,11.489130973815918,33.23264694213867,33.10163879394531,21.925676345825195,71.0211181640625,,302.36920166015625
2020-01-24,11.498381614685059,33.15319061279297,32.890419006347656,21.67304039001465,69.79191589355469,,299.68017578125
2020-01-27,11.230118751525879,31.703113555908203,31.64063262939453,21.07207679748535,67.26519775390625,,294.8765563964844
2020-01-28,11.452131271362305,32.52747344970703,32.39753723144531,21.167770385742188,68.18709564208984,,297.966552734375
2020-01-29,11.507633209228516,32.845298767089844,32.247920989990234,20.945755004882812,66.7530288696289,,297.72052001953125
2020-01-30,11.387375831604004,32.86516571044922,32.247920989990234,21.114179611206055,67.02616882324219,,298.6866760253906
2020-01-31,11.211617469787598,31.931550979614258,31.649436950683594,20.455801010131836,65.42137145996094,,293.2631530761719
2020-02-03,11.359624862670898,32.368560791015625,32.51195526123047,20.187856674194336,64.2945785522461,,295.4416198730469
2020-02-04,11.74814510345459,33.967620849609375,34.09618377685547,20.260581970214844,64.53362274169922,,299.94451904296875
2020-02-05,11.896153450012207,34.533748626708984,34.20179748535156,21.022315979003906,68.0505142211914,,303.4083251953125
2020-02-06,11.933155059814453,34.9012336730957,34.34263229370117,20.80795669555664,66.78717803955078,,304.4292297363281
2020-02-07,11.803650856018066,34.553611755371094,33.7353401184082,20.662500381469727,65.59208679199219,,302.80670166015625
2020-02-10,11.840649604797363,34.950897216796875,34.31622314453125,20.559146881103516,63.95314407348633,,305.0672607421875
2020-02-11,12.145918846130371,36.34138488769531,35.16115188598633,20.788818359375,64.2604751586914,,305.595947265625
2020-02-12,12.414182662963867,38.079490661621094,36.44613265991211,21.068252563476562,65.11406707763672,,307.5649108886719
2020-02-13,12.349430084228516,37.41404342651367,36.19969940185547,21.003173828125,64.70433044433594,,307.23675537109375
2020-02-14,12.340180397033691,37.255130767822266,36.217308044433594,20.892169952392578,64.12389373779297,,307.7289123535156
2020-02-18,12.386431694030762,37.443843841552734,36.58695983886719,20.719919204711914,63.44097137451172,,306.9358825683594
2020-02-19,13.080219268798828,40.46318817138672,38.94569778442383,20.995515823364258,65.31893920898438,,308.4034423828125
2020-02-20,13.172724723815918,41.57557678222656,39.38576126098633,20.972551345825195,65.55795288085938,,307.136474609375
2020-02-21,13.052469253540039,40.49298095703125,38.259193420410156,20.72374153137207,64.19218444824219,,303.97344970703125
2020-02-24,12.589941024780273,38.9733772277832,36.657371520996094,19.76679229736328,60.26552963256836,,293.8920593261719
2020-02-25,12.247673988342285,37.563026428222656,35.698020935058594,18.894054412841797,57.09004592895508,,284.9865417480469
2020-02-26,12.081167221069336,37.64248275756836,35.328369140625,18.323707580566406,54.187747955322266,,283.938232421875
2020-02-27,11.61863899230957,36.242061614990234,33.084041595458984,17.343791961669922,50.63669204711914,,271.1861267089844
2020-02-28,11.61863899230957,36.222198486328125,33.110443115234375,17.32847785949707,52.5146598815918,,270.0467224121094
2020-03-02,11.738895416259766,36.73866653442383,34.00818634033203,18.028966903686523,52.48051071166992,,281.74139404296875
2020-03-03,11.831400871276855,36.87771224975586,33.88496017456055,17.477766036987305,50.73912811279297,,273.674560546875
2020-03-04,12.284677505493164,38.258270263671875,34.905914306640625,17.891170501708984,50.875709533691406,,285.177978515625
2020-03-05,12.155167579650879,38.06956481933594,34.4482421875,17.236616134643555,48.75872802734375,,275.6981201171875
2020-03-06,11.785148620605469,36.62941360473633,33.0400390625,16.26818084716797,44.08089065551758,,271.1405029296875
2020-03-09,10.453075408935547,31.71304702758789,29.18506622314453,12.9915771484375,27.827991485595703,,249.96597290039062
2020-03-10,10.693587303161621,32.87509536743164,30.373241424560547,13.607855796813965,33.905757904052734,,262.9003601074219
2020-03-11,10.036802291870117,30.75956916809082,28.12891960144043,12.888224601745605,31.82292938232422,,250.0844268798828
2020-03-12,8.750982284545898,26.369600296020508,24.3443660736084,11.280548095703125,28.13528823852539,,226.1570587158203
2020-03-13,9.213507652282715,26.985389709472656,25.110074996948242,12.321707725524902,32.30094909667969,,245.49037170410156
2020-03-16,8.121947288513184,22.64508056640625,21.47514533996582,10.645130157470703,29.569360733032227,,218.6278839111328
2020-03-17,8.760232925415039,24.333528518676758,23.059375762939453,10.717857360839844,29.125484466552734,,230.43206787109375
2020-03-18,7.862931251525879,22.098819732666016,20.1285457611084,9.179079055786133,26.53048324584961,,218.7646484375
2020-03-19,8.047944068908691,22.84372329711914,21.299116134643555,9.803013801574707,28.271867752075195,,219.22950744628906
2020-03-20,8.038691520690918,22.595422744750977,21.140695571899414,9.89870834350586,28.1694393157959,,209.781982421875
2020-03-23,7.70567512512207,22.069021224975586,20.678993225097656,9.224024772644043,26.045066833496094,,204.4182586669922
2020-03-24,8.584471702575684,25.04863929748535,23.66851806640625,10.703317642211914,29.257526397705078,,222.939208984375
2020-03-25,9.009995460510254,26.22062110900879,24.70335578918457,11.208152770996094,29.60294532775879,,226.27662658691406
2020-03-26,9.34301471710205,26.9754581451416,25.543601989746094,11.893004417419434,29.810209274291992,,239.48895263671875
2020-03-27,8.778733253479004,24.800334930419922,23.64198112487793,11.086834907531738,27.737651824951172,,232.35556030273438
2020-03-30,8.852736473083496,24.96918296813965,23.739282608032227,11.200326919555664,27.64266014099121,,239.9014892578125
2020-03-31,8.834235191345215,25.058570861816406,23.712745666503906,11.372518539428711,28.411235809326172,,236.32566833496094
2020-04-01,8.501218795776367,23.68794822692871,22.03223991394043,10.808979034423828,26.805004119873047,,225.6898651123047
2020-04-02,8.575222969055176,24.353395462036133,22.29758644104004,11.79908561706543,29.06753921508789,,230.89773559570312
2020-04-03,8.510467529296875,23.658151626586914,21.775745391845703,11.673850059509277,30.164270401000977,,227.56028747558594
2020-04-06,9.083998680114746,25.54524040222168,23.527000427246094,12.292182922363281,31.718679428100586,,242.84466552734375
2020-04-07,9.259758949279785,26.230552673339844,24.04884147644043,12.554384231567383,32.70314025878906,,243.0922393798828
2020-04-08,9.52802562713623,27.30321502685547,25.278261184692383,13.391863822937012,35.66516876220703,,251.25250244140625
2020-04-09,9.72228717803955,27.779953002929688,25.85317039489746,13.270546913146973,35.83787155151367,,255.07582092285156
2020-04-13,9.64828109741211,27.422399520874023,25.578983306884766,13.227497100830078,36.18330764770508,,252.74691772460938
2020-04-14,9.805540084838867,28.872478485107422,26.42807960510254,13.16488265991211,35.75151824951172,,260.2012023925781
2020-04-15,9.491022109985352,27.79981803894043,25.39324188232422,12.54655647277832,34.80160903930664,,254.67242431640625
2020-04-16,9.472522735595703,27.58131217956543,25.198659896850586,12.010411262512207,33.22127914428711,,255.9010009765625
2020-04-17,9.731535911560059,28.70363426208496,26.22464370727539,13.286200523376465,36.580535888671875,,262.8143615722656
2020-04-20,9.602027893066406,28.445398330688477,25.58783531188965,12.871373176574707,37.14185333251953,,258.1839904785156
2020-04-21,9.269011497497559,27.402536392211914,24.712203979492188,12.644392967224121,37.642723083496094,,250.3447723388672
2020-04-22,9.500272750854492,28.256694793701172,25.747032165527344,13.094438552856445,38.70491027832031,,255.9010009765625
2020-04-23,9.537275314331055,28.743362426757812,26.189271926879883,13.517094612121582,40.22477722167969,,255.88267517089844
2020-04-24,9.42626953125,28.177236557006836,26.136198043823242,13.54840087890625,40.58747863769531,,259.44927978515625
2020-04-27,9.629780769348145,28.66390609741211,27.224105834960938,13.841912269592285,41.4769401550293,,263.1902160644531
2020-04-28,9.824041366577148,29.190303802490234,27.604427337646484,14.15890121459961,41.86554718017578,,261.9798889160156
2020-04-29,10.231061935424805,30.97807502746582,29.29377555847168,15.207709312438965,46.39926528930664,,268.8382263183594
2020-04-30,9.953548431396484,29.915346145629883,28.25893783569336,14.871152877807617,46.943302154541016,,266.3351135253906
2020-05-01,9.61128044128418,28.60431480407715,26.631507873535156,14.029756546020508,43.18680191040039,,259.2843017578125
2020-05-04,9.666781425476074,29.061187744140625,27.011831283569336,14.51502513885498,45.414798736572266,,259.99945068359375
2020-05-05,9.75928783416748,29.180370330810547,27.073745727539062,14.526764869689941,44.689414978027344,,262.4017333984375
2020-05-06,9.861042976379395,30.382150650024414,27.68403434753418,14.147160530090332,43.1004524230957,,260.6229248046875
2020-05-07,9.972049713134766,30.66025161743164,28.04666519165039,14.51502513885498,43.7394905090332,,263.7678527832031
2020-05-08,10.295815467834473,31.991140365600586,29.320314407348633,15.176400184631348,46.278350830078125,,268.1322326660156
2020-05-11,10.342068672180176,32.00107955932617,29.116878509521484,14.910282135009766,45.27661895751953,,268.18719482421875
2020-05-12,10.258813858032227,31.583927154541016,28.241252899169922,14.648083686828613,44.37852478027344,,262.8418273925781
2020-05-13,9.972049713134766,30.908550262451172,26.932231903076172,13.982795715332031,41.425132751464844,,258.1932373046875
2020-05-14,10.046052932739258,30.680112838745117,27.135658264160156,14.139335632324219,41.13151168823242,,261.2831115722656
2020-05-15,9.981297492980957,30.680112838745117,27.224105834960938,14.084547996520996,41.39921569824219,,262.4842224121094
2020-05-18,10.54557991027832,32.656593322753906,29.22301483154297,15.235102653503418,45.717037200927734,,270.4793701171875
2020-05-19,10.499327659606934,33.32204055786133,29.461824417114258,14.808537483215332,44.361244201660156,,267.7012634277344
2020-05-20,10.67508602142334,33.58027267456055,29.80677032470703,15.399467468261719,45.88975143432617,,272.24896240234375
2020-05-21,10.610334396362305,33.043941497802734,29.541425704956055,15.152920722961426,45.53569030761719,,270.36944580078125
2020-05-22,10.480826377868652,32.47781753540039,29.143417358398438,15.058996200561523,45.62205123901367,,270.8828125
2020-05-26,10.869349479675293,33.52067947387695,30.638172149658203,15.477739334106445,47.47871398925781,,274.22021484375
2020-05-27,10.96185302734375,33.42136001586914,31.26614761352539,15.677322387695312,47.642784118652344,,278.3004150390625
2020-05-28,10.823095321655273,32.825435638427734,30.549726486206055,15.239014625549316,45.57886505126953,,277.78692626953125
2020-05-29,11.026604652404785,33.530609130859375,30.815067291259766,15.16857624053955,44.801666259765625,,279.0247497558594
2020-06-01,11.230118751525879,34.63307189941406,31.752609252929688,15.434687614440918,46.10564041137695,,280.152587890625
2020-06-02,11.322622299194336,34.434425354003906,31.947200775146484,15.865174293518066,47.711883544921875,,282.47222900390625
2020-06-03,11.452131271362305,34.89130783081055,33.07932662963867,16.330873489379883,48.64452362060547,,286.2314147949219
2020-06-04,11.442879676818848,34.33510971069336,33.49501419067383,16.33478546142578,49.22311782836914,,285.4795227050781
2020-06-05,11.646391868591309,35.318382263183594,34.52101516723633,17.54795265197754,55.0262565612793,,292.7962951660156
2020-06-08,11.98865795135498,36.15267562866211,35.449710845947266,18.33847427368164,62.02108383178711,,296.3354187011719
2020-06-09,11.775897026062012,35.37797546386719,34.95440673828125,17.649707794189453,57.521942138671875,,294.1257019042969
2020-06-10,11.711143493652344,34.98069381713867,35.095916748046875,16.780920028686523,53.32503128051758,,292.4845886230469
2020-06-11,10.92485237121582,32.845298767089844,31.81452751159668,15.199881553649902,48.273193359375,,275.6231384277344
2020-06-12,11.174614906311035,33.82857131958008,33.0085563659668,15.583401679992676,50.11256790161133,,278.9238586425781
2020-06-15,11.39109992980957,34.553611755371094,33.69845199584961,15.630359649658203,50.57027053833008,,281.5278625488281
2020-06-16,11.558344841003418,35.2289924621582,34.59177017211914,16.080411911010742,51.977867126464844,,286.94659423828125
2020-06-17,11.32606315612793,33.77891159057617,33.663082122802734,15.5325288772583,49.54262924194336,,285.7545471191406
2020-06-18,11.409684181213379,34.70259094238281,34.14954376220703,15.724291801452637,49.784427642822266,,285.8646240234375
2020-06-19,11.418976783752441,34.92109680175781,34.25566864013672,15.485567092895508,48.428627014160156,,284.23101806640625
2020-06-22,11.52117919921875,35.11974334716797,34.07414245605469,15.557302474975586,48.04741287231445,,286.0543518066406
2020-06-23,11.66054916381836,35.765323638916016,34.59659194946289,15.573163032531738,47.891109466552734,,287.37127685546875
2020-06-24,11.474722862243652,35.765323638916016,34.03871536254883,14.709087371826172,44.45232391357422,,280.040771484375
2020-06-25,11.465432167053223,35.6660041809082,34.18040084838867,14.990507125854492,45.372798919677734,,283.04302978515625
2020-06-26,11.158819198608398,34.65293502807617,33.26832962036133,14.471268653869629,43.19317626953125,,276.3202819824219
2020-06-29,11.52117919921875,35.785186767578125,35.00392150878906,14.665484428405762,44.096290588378906,,280.38153076171875
2020-06-30,11.632674217224121,35.85470962524414,35.97798156738281,15.002395629882812,45.312015533447266,,283.9730529785156
2020-07-01,11.781336784362793,36.53009033203125,36.26133346557617,14.637741088867188,43.99208450317383,,285.96234130859375
2020-07-02,11.948576927185059,37.08628463745117,37.341651916503906,14.800251960754395,45.1209716796875,,287.5369873046875
2020-07-06,12.413142204284668,38.9733772277832,39.032958984375,14.843851089477539,45.21649932861328,,291.975830078125
2020-07-07,12.366684913635254,39.43025207519531,39.08607864379883,14.372178077697754,43.64473342895508,,288.9643859863281
2020-07-08,12.775501251220703,41.29747772216797,40.21067810058594,14.360285758972168,43.68815231323242,,291.1746520996094
2020-07-09,12.617549896240234,41.108768463134766,40.02472686767578,13.650793075561523,41.40430450439453,,289.5169982910156
2020-07-10,12.598967552185059,41.088905334472656,40.44090270996094,14.086795806884766,42.90659713745117,,292.4732666015625
2020-07-13,12.450304985046387,40.74128341674805,39.56425857543945,14.01148509979248,41.96875762939453,,289.9406433105469
2020-07-14,12.803375244140625,42.7177619934082,41.22014617919922,14.502976417541504,43.75762939453125,,293.69793701171875
2020-07-15,13.091405868530273,43.53219223022461,42.752071380615234,14.816107749938965,45.06018829345703,,296.3961181640625
2020-07-16,12.989202499389648,42.588645935058594,41.98168182373047,14.748723983764648,44.947296142578125,,295.4200744628906
2020-07-17,13.202900886535645,43.59178161621094,42.14992141723633,14.542610168457031,43.948673248291016,,296.2764587402344
2020-07-20,13.444474220275879,45.33982849121094,43.265655517578125,14.300832748413086,43.58395004272461,,298.67083740234375
2020-07-21,13.509512901306152,45.21070861816406,43.00886917114258,15.16490650177002,46.61458969116211,,299.30633544921875
2020-07-22,13.621007919311523,45.419281005859375,43.363067626953125,14.978614807128906,46.11961364746094,,301.010009765625
2020-07-23,13.658172607421875,45.83642578125,43.16824722290039,14.950870513916016,46.1369743347168,,297.4183654785156
2020-07-24,13.407307624816895,44.62471389770508,42.247337341308594,14.867631912231445,45.83304214477539,,295.5028991699219
2020-07-27,13.67675495147705,45.995338439941406,43.08856201171875,14.883487701416016,44.9994010925293,,297.6578674316406
2020-07-28,13.332980155944824,44.455867767333984,41.83999252319336,14.629813194274902,44.34811782836914,,295.7699890136719
2020-07-29,13.407307624816895,44.62471389770508,41.946266174316406,14.935011863708496,45.815673828125,,299.4076232910156
2020-07-30,13.472347259521484,44.743900299072266,41.822296142578125,14.348397254943848,44.643367767333984,,298.3393249511719
2020-07-31,13.379433631896973,44.70417022705078,41.202430725097656,14.281010627746582,44.6086311340332,14.057074546813965,300.6968688964844
2020-08-03,13.704629898071289,45.73710632324219,43.24795150756836,14.332540512084961,45.10359191894531,14.116427421569824,302.7873229980469
2020-08-04,14.122737884521484,48.726654052734375,44.56734848022461,14.681342124938965,45.95461654663086,14.281365394592285,303.9569091796875
2020-08-05,14.485095024108887,50.4250373840332,45.718502044677734,14.835921287536621,46.92721176147461,14.375221252441406,305.8448791503906
2020-08-06,14.54084300994873,49.77945327758789,45.47941207885742,14.717018127441406,46.197757720947266,14.18681812286377,307.88922119140625
2020-08-07,14.754544258117676,50.852115631103516,46.17011642456055,14.736830711364746,47.00535202026367,14.078468322753906,308.1102294921875
2020-08-10,14.810290336608887,50.93157196044922,46.95820999145508,15.19265079498291,48.74211883544922,14.144030570983887,309.03118896484375
2020-08-11,14.568716049194336,49.342437744140625,45.78049087524414,15.14112663269043,47.943206787109375,14.0094575881958,306.4801940917969
2020-08-12,14.819581031799316,50.76272201538086,46.81653594970703,15.291744232177734,48.794219970703125,13.905937194824219,310.7532653808594
2020-08-13,15.07044506072998,52.05389404296875,47.56919860839844,14.99446964263916,47.68268585205078,13.888687133789062,310.1914978027344
2020-08-14,14.958951950073242,51.20966720581055,47.02904510498047,15.137157440185547,48.76816940307617,13.885234832763672,310.20074462890625
2020-08-17,15.13548469543457,51.99429702758789,47.82600021362305,15.049957275390625,48.49028396606445,14.085369110107422,311.1861877441406
2020-08-18,15.191231727600098,52.00423049926758,48.1624870300293,14.859703063964844,47.54375076293945,14.212352752685547,311.85833740234375
2020-08-19,15.246983528137207,52.361785888671875,48.348445892333984,14.689269065856934,47.21376419067383,14.11297607421875,310.5599670410156
2020-08-20,15.144773483276367,51.65660858154297,47.31239700317383,14.372178077697754,45.624629974365234,13.926642417907715,311.52685546875
2020-08-21,15.13548469543457,52.08368682861328,47.5072135925293,14.281010627746582,44.929927825927734,13.850728034973145,312.6319274902344
2020-08-24,15.321310043334961,53.1364860534668,48.348445892333984,14.673412322998047,46.29329299926758,14.482190132141113,315.7999267578125
2020-08-25,15.674381256103516,54.73554611206055,49.40219497680664,14.467306137084961,46.51039123535156,14.963894844055176,316.9049377441406
2020-08-26,15.674381256103516,54.54683303833008,49.68556213378906,14.162102699279785,45.01676940917969,14.879009246826172,320.0821533203125
2020-08-27,15.627923011779785,54.68588638305664,49.60585403442383,14.189850807189941,45.42491149902344,14.785843849182129,320.7819519042969
2020-08-28,15.980993270874023,56.473655700683594,50.46480178833008,14.443521499633789,46.032772064208984,15.208197593688965,322.8540344238281
2020-08-31,15.92524242401123,56.40412902832031,50.287696838378906,14.130396842956543,44.6867790222168,15.090185165405273,321.6845397949219
2020-09-01,16.18539810180664,57.119232177734375,51.766483306884766,14.03526782989502,44.53048324584961,14.665072441101074,324.7142639160156
2020-09-02,16.120361328125,56.59284210205078,51.323734283447266,13.967887878417969,43.35816955566406,14.823800086975098,329.4109802246094
2020-09-03,15.116903305053711,52.232666015625,47.89684295654297,13.864829063415527,42.98476028442383,14.968725204467773,318.0744934082031
2020-09-04,14.958951950073242,51.15007019042969,47.4540901184082,13.821229934692383,42.94133758544922,14.569145202636719,315.47760009765625
2020-09-08,14.875329971313477,50.97129440307617,46.47117233276367,13.317846298217773,40.47515106201172,14.2682523727417,306.8577575683594
2020-09-09,15.395642280578613,52.848453521728516,48.49897766113281,13.409008979797363,40.900657653808594,14.301376342773438,312.9173889160156
2020-09-10,15.051863670349121,51.577152252197266,47.17958068847656,12.917520523071289,38.599456787109375,14.689225196838379,307.4841003417969
2020-09-11,15.042572021484375,52.361785888671875,47.51607131958008,12.92940902709961,38.73838806152344,14.799646377563477,307.64056396484375
2020-09-14,15.460681915283203,54.62629318237305,49.64128494262695,13.028501510620117,39.45046615600586,15.700254440307617,311.69256591796875
2020-09-15,15.7579984664917,56.09623718261719,50.50022506713867,12.933372497558594,39.27677536010742,15.299983978271484,313.2673645019531
2020-09-16,15.850909233093262,56.27501678466797,51.049232482910156,13.45261001586914,41.20458984375,15.525650978088379,312.0240783691406
2020-09-17,15.553590774536133,54.43758773803711,50.013187408447266,13.472428321838379,41.282745361328125,14.95492172241211,309.2798767089844
2020-09-18,15.535009384155273,54.84479904174805,50.74815368652344,13.32181167602539,41.265380859375,14.906614303588867,305.7191467285156
2020-09-21,15.404930114746094,54.81500244140625,50.154869079589844,12.880247116088867,39.670501708984375,14.205450057983398,302.31658935546875
2020-09-22,15.488553047180176,55.073238372802734,50.039756774902344,12.747297286987305,39.34661865234375,14.716832160949707,305.3955078125
2020-09-23,15.349184036254883,55.90753173828125,48.29531478881836,12.171170234680176,37.28955841064453,14.240647315979004,298.3130798339844
2020-09-24,15.274855613708496,55.39106369018555,48.10935974121094,12.167139053344727,37.55216979980469,14.216493606567383,299.1081848144531
2020-09-25,15.60933780670166,57.248355865478516,49.99547576904297,12.15908432006836,37.10573959350586,14.078468322753906,303.9439697265625
2020-09-28,16.31547737121582,60.1286506652832,52.8468017578125,12.44512939453125,38.30496597290039,14.59743881225586,308.9922180175781
2020-09-29,16.705711364746094,62.09519958496094,53.741153717041016,12.102678298950195,37.15827560424805,14.35451602935791,307.30950927734375
2020-09-30,17.179567337036133,64.34977722167969,53.82085418701172,12.06641674041748,36.825626373291016,14.347614288330078,309.6394958496094
2020-10-01,17.737045288085938,66.7235336303711,55.29964828491211,11.695768356323242,35.600154876708984,14.271013259887695,311.6274108886719
2020-10-02,17.72774887084961,66.13754272460938,55.37934494018555,11.808571815490723,36.431732177734375,14.337264060974121,308.668701171875
2020-10-05,18.53609848022461,70.07063293457031,58.42547607421875,12.163110733032227,38.068634033203125,14.413176536560059,314.1422424316406
2020-10-06,18.666168212890625,70.83541107177734,58.16868591308594,11.9818115234375,37.167022705078125,14.3200101852417,309.6764221191406
2020-10-07,19.595298767089844,74.66917419433594,61.374183654785156,12.151025772094727,38.217430114746094,14.302069664001465,315.0669250488281
2020-10-08,19.57671356201172,74.49039459228516,60.966854095458984,12.606287956237793,39.871829986572266,14.205450057983398,317.859130859375
2020-10-09,19.88332176208496,75.14591217041016,62.489933013916016,12.404841423034668,39.25908660888672,14.11297607421875,320.69781494140625
2020-10-12,19.474510192871094,72.6231689453125,61.7106819152832,12.4370756149292,39.34661865234375,14.085369110107422,325.85699462890625
2020-10-13,19.409473419189453,73.53692626953125,61.70182800292969,12.243688583374023,38.410011291503906,13.850728034973145,323.7304382324219
2020-10-14,19.641752243041992,74.61951446533203,62.69359588623047,12.296065330505371,38.59382629394531,13.985301971435547,321.6962585449219
2020-10-15,19.493093490600586,73.0601806640625,61.923187255859375,12.44512939453125,39.40789794921875,13.740309715270996,321.29864501953125
2020-10-16,19.409473419189453,73.0105209350586,61.32106399536133,12.163110733032227,38.1298942565918,13.69890308380127,321.1045227050781
2020-10-19,19.26081085205078,74.12290954589844,61.790382385253906,11.905265808105469,37.35084533691406,13.81622314453125,316.22265625
2020-10-20,19.651044845581055,77.20185089111328,62.773277282714844,12.04627513885498,38.14741134643555,13.51257038116455,317.4893798828125
2020-10-21,18.796247482299805,70.736083984375,59.44379425048828,11.816632270812988,37.2370491027832,13.381447792053223,316.88836669921875
2020-10-22,18.7312068939209,70.59703826904297,59.63860321044922,12.304121017456055,39.189064025878906,13.395248413085938,318.6265869140625
2020-10-23,18.786956787109375,70.63676452636719,59.948516845703125,12.243688583374023,39.32036590576172,13.985301971435547,319.70831298828125
2020-10-26,18.3967227935791,69.1568832397461,58.15096664428711,11.804543495178223,37.2370491027832,13.41250228881836,313.8002014160156
2020-10-27,18.257354736328125,67.8061294555664,57.40713882446289,11.651448249816895,36.7818717956543,13.490484237670898,312.7184143066406
2020-10-28,17.97861671447754,68.59075164794922,56.16743087768555,11.163955688476562,34.70731735229492,13.084693908691406,302.0300598144531
2020-10-29,18.350271224975586,70.29906463623047,57.78791046142578,11.506407737731934,35.59140396118164,13.20201587677002,305.09967041015625
2020-10-30,18.173730850219727,68.30272674560547,56.070030212402344,11.570868492126465,35.52137756347656,13.340039253234863,301.9190368652344
2020-11-02,18.498926162719727,70.51758575439453,58.35463333129883,11.965697288513184,36.895668029785156,13.20822525024414,305.3031311035156
2020-11-03,18.721921920776367,68.6900863647461,60.063655853271484,11.89720630645752,36.58930206298828,13.664396286010742,310.6935119628906
2020-11-04,18.480344772338867,67.27972412109375,58.62027359008789,11.913322448730469,36.45800018310547,13.905937194824219,317.6373291015625
2020-11-05,19.7811279296875,74.94727325439453,64.26093292236328,11.913322448730469,36.65931701660156,14.092270851135254,323.8320617675781
2020-11-06,19.929784774780273,75.03665924072266,64.80108642578125,11.655477523803711,35.53012466430664,14.085369110107422,323.75811767578125
2020-11-09,19.966947555541992,73.65611267089844,64.91619873046875,13.3193941116333,41.28112030029297,14.373149871826172,327.826416015625
2020-11-10,19.669626235961914,71.0141830444336,63.99525833129883,13.750481605529785,42.57663345336914,14.389715194702148,327.3455810546875
2020-11-11,20.301435470581055,74.32156372070312,66.37728118896484,13.609468460083008,42.26151657104492,14.279293060302734,329.7773742675781
2020-11-12,20.069150924682617,73.17936706542969,65.9079818725586,13.170327186584473,40.5633430480957,14.230297088623047,326.5781555175781
2020-11-13,20.162065505981445,73.13963317871094,66.9085693359375,13.649759292602539,42.76921081542969,14.285506248474121,331.09942626953125
2020-11-16,20.264266967773438,73.75542449951172,69.7599105834961,14.548195838928223,45.18514633178711,14.492542266845703,335.2323303222656
2020-11-17,20.301435470581055,74.79829406738281,70.84021759033203,14.697261810302734,45.92044448852539,14.53256893157959,333.42938232421875
2020-11-18,20.00411605834961,74.2023696899414,71.0881576538086,14.27020263671875,44.93130111694336,14.63056468963623,329.4167175292969
2020-11-19,20.292144775390625,75.69216918945312,73.68267059326172,14.503878593444824,46.016727447509766,14.29240608215332,330.8035888671875
2020-11-20,20.524423599243164,77.48988342285156,74.90467834472656,14.427330017089844,45.5703125,14.392473220825195,328.538330078125
2020-11-23,20.914657592773438,80.1318130493164,81.63448333740234,15.446625709533691,49.631893157958984,14.740984916687012,330.5077209472656
2020-11-24,21.202688217163086,82.4658432006836,81.6256332397461,16.240314483642578,52.187889099121094,14.96251392364502,335.8334045410156
2020-11-25,21.565048217773438,83.67754364013672,82.52885437011719,15.861602783203125,51.40009307861328,14.94802188873291,335.315673828125
2020-11-27,21.918115615844727,84.83959197998047,84.29984283447266,15.676274299621582,50.66478729248047,15.239253044128418,336.24951171875
2020-11-30,21.86236572265625,84.00531005859375,81.3599853515625,14.810070991516113,47.320980072021484,15.465611457824707,334.7608642578125
2020-12-01,21.657957077026367,82.83332824707031,79.58011627197266,14.878558158874512,47.0933952331543,15.565682411193848,338.42230224609375
2020-12-02,21.462841033935547,81.56202697753906,77.91539001464844,15.362021446228027,48.61649703979492,15.772026062011719,339.1342468261719
2020-12-03,21.314186096191406,80.439697265625,77.26011657714844,15.523177146911621,49.237998962402344,15.693351745605469,339.0417785644531
2020-12-04,21.379220962524414,80.86677551269531,78.80974578857422,16.369239807128906,53.3958625793457,16.07982063293457,341.9635925292969
2020-12-07,21.472135543823242,81.99903869628906,79.46501159667969,15.986496925354004,51.61892318725586,15.776166915893555,341.2608642578125
2020-12-08,22.048192977905273,83.6576919555664,82.69709777832031,16.22420310974121,52.40673065185547,15.886588096618652,342.2593994140625
2020-12-09,21.509296417236328,79.66500091552734,79.16394805908203,16.26045799255371,52.783119201660156,15.769266128540039,339.189697265625
2020-12-10,21.834495544433594,81.45277404785156,79.97860717773438,16.760032653808594,55.75927734375,16.393823623657227,339.0787353515625
2020-12-11,21.955280303955078,83.2306137084961,79.03111267089844,16.566648483276367,54.691375732421875,16.25372886657715,338.68115234375
2020-12-14,22.271583557128906,85.45539093017578,78.90715026855469,15.986496925354004,52.47675323486328,16.42487907409668,337.1648254394531
2020-12-15,23.31353187561035,92.34823608398438,83.57373809814453,16.30074691772461,53.59718704223633,16.903823852539062,341.72314453125
2020-12-16,23.31353187561035,91.49407958984375,83.66229248046875,16.22016716003418,52.87940979003906,16.792713165283203,342.2593994140625
2020-12-17,23.778684616088867,92.36808776855469,85.23849487304688,16.143617630004883,52.87940979003906,16.86448860168457,344.17333984375
2020-12-18,24.104291915893555,95.34771728515625,87.0980453491211,15.873686790466309,52.187889099121094,16.59395980834961,342.7990417480469
2020-12-21,24.522932052612305,98.99826049804688,89.30743408203125,15.567480087280273,51.282596588134766,16.46283721923828,341.5733947753906
2020-12-22,25.41602897644043,102.52751922607422,95.64783477783203,15.306183815002441,50.40280532836914,16.355871200561523,340.9977111816406
2020-12-23,25.82536506652832,103.39244079589844,96.46479797363281,15.645055770874023,52.67265319824219,16.79754638671875,341.30413818359375
2020-12-24,25.77884864807129,102.19945526123047,95.52350616455078,15.563396453857422,51.9072380065918,16.968006134033203,342.63189697265625
2020-12-28,25.98351287841797,102.0403823852539,93.10810089111328,15.465412139892578,50.95707321166992,17.46006202697754,345.575439453125
2020-12-29,25.732332229614258,98.69007110595703,89.73367309570312,15.36334228515625,50.490779876708984,17.25302505493164,344.9161682128906
2020-12-30,26.331754684448242,101.7520751953125,92.81507873535156,15.604227066040039,52.18877410888672,17.066692352294922,345.4081726074219
2020-12-31,26.285215377807617,102.15968322753906,91.81159973144531,15.473579406738281,51.46735763549805,16.9976806640625,347.1632080078125
2021-01-04,26.69476318359375,104.3468246459961,92.18458557128906,15.498071670532227,51.93362045288086,17.52907371520996,342.4369201660156
2021-01-05,27.262537002563477,105.4503402709961,94.67988586425781,16.192138671875,55.26800537109375,17.372417449951172,344.7954406738281
2021-01-06,29.226478576660156,114.59659576416016,100.5318832397461,16.6861515045166,57.41469192504883,17.625694274902344,346.8568115234375
2021-01-07,31.097341537475586,120.83992004394531,108.25759887695312,16.931121826171875,58.532012939453125,18.079099655151367,352.01019287109375
2021-01-08,30.86464500427246,118.43405151367188,108.52400207519531,16.910703659057617,57.62583923339844,18.05356788635254,354.0158996582031
2021-01-11,29.822181701660156,114.93460845947266,109.03016662597656,17.176084518432617,58.83991622924805,17.903810501098633,351.6295471191406
2021-01-12,30.1851806640625,114.9544906616211,113.3991928100586,17.7762451171875,62.130332946777344,18.04666519165039,351.70367431640625
2021-01-13,30.334104537963867,113.79132843017578,112.02278900146484,17.63742446899414,61.00419998168945,17.46006202697754,352.65087890625
2021-01-14,30.064178466796875,114.55683898925781,111.97838592529297,18.160018920898438,63.08927536010742,17.60153579711914,351.41595458984375
2021-01-15,28.444623947143555,106.26555633544922,105.70012664794922,17.453702926635742,60.942626953125,16.56290626525879,348.85308837890625
2021-01-19,29.226478576660156,113.33402252197266,111.88069915771484,17.804821014404297,62.02474594116211,17.35654640197754,351.5924377441406
2021-01-20,29.114788055419922,114.10945892333984,111.5254898071289,17.870145797729492,61.68162155151367,17.180564880371094,356.4578857421875
2021-01-21,30.399267196655273,120.72061157226562,115.45050811767578,17.265897750854492,59.605350494384766,17.546327590942383,356.7828674316406
2021-01-22,30.622650146484375,120.40248107910156,116.5960464477539,17.176084518432617,59.8692741394043,17.795459747314453,355.5201110839844
2021-01-25,30.231721878051758,118.3048095703125,112.8752670288086,17.000520706176758,59.68452835083008,17.34343147277832,356.92218017578125
2021-01-26,29.93387222290039,116.9129867553711,116.40068817138672,16.637157440185547,58.118507385253906,17.28063201904297,356.3650817871094
2021-01-27,28.05369758605957,109.85446166992188,110.88611602783203,16.412607192993164,58.804744720458984,17.16676139831543,347.6553649902344
2021-01-28,28.686628341674805,111.52465057373047,109.75833892822266,16.6044979095459,58.72555160522461,17.598085403442383,350.64520263671875
2021-01-29,27.737228393554688,108.05503845214844,106.1086196899414,16.053325653076172,56.58768844604492,17.25302505493164,343.62548828125
2021-02-01,28.360855102539062,109.85446166992188,109.98035430908203,16.16764259338379,57.71380615234375,16.970075607299805,349.34527587890625
2021-02-02,28.668012619018555,115.21297454833984,111.88957214355469,16.343204498291016,58.021728515625,17.943145751953125,354.28509521484375
2021-02-03,29.179943084716797,115.87905883789062,114.61579895019531,17.041351318359375,61.19774627685547,18.7781925201416,354.56365966796875
2021-02-04,28.807626724243164,114.36795043945312,115.48601531982422,17.229154586791992,61.408905029296875,18.80579948425293,358.5935363769531
2021-02-05,29.02170753479004,116.00830841064453,115.32618713378906,17.376134872436523,61.593666076660156,19.061830520629883,360.0049743652344
2021-02-08,29.31024932861328,118.29486846923828,118.52301788330078,18.10286521911621,65.55268859863281,19.15085792541504,362.60491943359375
2021-02-09,29.049631118774414,121.22763061523438,120.76969909667969,17.91097068786621,64.4177474975586,19.092199325561523,362.3634033203125
2021-02-10,28.658708572387695,119.01065826416016,118.4520034790039,18.25392723083496,65.89579772949219,19.568382263183594,362.2055358886719
2021-02-11,28.807626724243164,120.64108276367188,117.29757690429688,17.97221565246582,64.67289733886719,19.11635398864746,362.7905578613281
2021-02-12,28.221242904663086,120.61125946044922,117.99020385742188,18.237594604492188,66.53802490234375,19.775419235229492,364.58270263671875
2021-02-16,27.90477180480957,117.75801849365234,114.5536117553711,18.694856643676758,68.77268981933594,19.3716983795166,364.2669677734375
2021-02-17,27.439380645751953,115.02407836914062,110.3710708618164,18.972482681274414,69.54692840576172,18.888612747192383,364.3504943847656
2021-02-18,26.015287399291992,107.65737915039062,103.8974609375,18.543798446655273,66.4940414428711,19.123252868652344,362.7998046875
2021-02-19,26.51791000366211,109.99364471435547,106.7923812866211,18.854084014892578,68.21843719482422,18.764392852783203,362.1592712402344
2021-02-22,24.758737564086914,100.36026000976562,100.64733123779297,19.507322311401367,70.32109069824219,18.96521759033203,359.3735656738281
2021-02-23,24.414350509643555,99.9725341796875,96.39375305175781,19.82986068725586,71.83434295654297,19.286121368408203,359.8100280761719
2021-02-24,24.935588836669922,102.73628997802734,101.41991424560547,20.532087326049805,74.658447265625,19.544225692749023,363.77490234375
2021-02-25,23.734878540039062,97.07953643798828,94.72428894042969,20.136066436767578,72.45018005371094,19.137054443359375,355.0093688964844
2021-02-26,24.060653686523438,100.72809600830078,95.9586181640625,19.658384323120117,70.8313980102539,18.77129364013672,353.1800842285156
2021-03-01,24.972822189331055,106.44450378417969,100.94039916992188,20.168724060058594,72.8284912109375,18.726436614990234,361.7413330078125
2021-03-02,24.172346115112305,100.40995788574219,96.9443130493164,20.05849266052246,72.25663757324219,18.985231399536133,358.91851806640625
2021-03-03,22.590023040771484,93.94793701171875,90.96798706054688,20.35245132446289,73.72587585449219,18.791994094848633,354.16436767578125
2021-03-04,21.687164306640625,88.61924743652344,85.16928100585938,20.838294982910156,76.18045806884766,19.00593376159668,349.78179931640625
2021-03-05,21.3800048828125,86.96894836425781,83.49093627929688,21.618101119995117,79.1805191040039,19.185365676879883,356.2164611816406
2021-03-08,20.72846221923828,80.6759262084961,80.95122528076172,21.658926010131836,78.01921081542969,19.081844329833984,354.44293212890625
2021-03-09,22.45970916748047,91.01517486572266,88.69469451904297,21.279232025146484,75.92533874511719,19.633941650390625,359.5035705566406
2021-03-10,22.450403213500977,89.81224060058594,89.97342681884766,21.818153381347656,78.64386749267578,19.998329162597656,361.7413330078125
2021-03-11,23.874496459960938,98.19298553466797,96.41152954101562,21.826322555541992,80.15708923339844,20.227445602416992,365.4090576171875
2021-03-12,23.688339233398438,96.73158264160156,96.01190948486328,21.871227264404297,79.5676498413086,20.406877517700195,365.90118408203125
2021-03-15,23.558029174804688,95.80701446533203,96.24279022216797,21.6221866607666,79.057373046875,20.241249084472656,368.0833435058594
2021-03-16,23.01818084716797,93.80875396728516,92.55754089355469,21.00568962097168,76.63795471191406,19.882387161254883,367.6189270019531
2021-03-17,22.385250091552734,92.55611419677734,92.88610076904297,21.16900062561035,76.9810791015625,20.531099319458008,368.8724670410156
2021-03-18,21.165925979614258,86.46192932128906,87.256103515625,20.217721939086914,71.79033660888672,20.12392807006836,363.50555419921875
2021-03-19,21.724395751953125,89.05667877197266,89.83135223388672,20.2218017578125,73.68186950683594,19.97900390625,362.8329772949219
2021-03-22,22.24563217163086,90.93563842773438,89.98519897460938,20.027881622314453,72.65779876708984,20.524200439453125,365.7301025390625
2021-03-23,21.826784133911133,88.07245635986328,85.43211364746094,19.734928131103516,69.17642974853516,19.786460876464844,362.85162353515625
2021-03-24,20.849464416503906,84.00635528564453,80.47888946533203,20.23005485534668,70.21025848388672,19.854782104492188,361.007080078125
2021-03-25,20.95185089111328,84.69232177734375,81.83058166503906,20.304323196411133,71.40309143066406,19.27507972717285,363.0378723144531
2021-03-26,21.370698928833008,87.50579071044922,83.36011505126953,20.807706832885742,73.62089538574219,19.620141983032227,368.8882751464844
2021-03-29,20.8587703704834,83.7379379272461,79.19833374023438,20.56014060974121,71.4649429321289,19.709854125976562,368.701904296875
2021-03-30,21.864013671875,88.74848937988281,83.81364440917969,20.382720947265625,71.35008239746094,19.68915367126465,367.7237548828125
2021-03-31,22.61794090270996,91.23387908935547,87.49522399902344,20.24243927001953,71.87139892578125,19.799571990966797,369.2142639160156
2021-04-01,22.506250381469727,90.15025329589844,88.260009765625,20.758195877075195,75.60016632080078,19.806474685668945,373.2014465332031
2021-04-05,22.161861419677734,87.64498138427734,86.1524429321289,20.263063430786133,71.95092010498047,19.79267120361328,378.55810546875
2021-04-06,22.161861419677734,88.74848937988281,87.99321746826172,20.20942497253418,72.45458221435547,20.406877517700195,378.33447265625
2021-04-07,21.538238525390625,85.97479248046875,83.98261260986328,20.279573440551758,72.28668975830078,20.25505256652832,378.7723083496094
2021-04-08,21.817476272583008,86.39234161376953,85.14756774902344,20.0154972076416,70.73158264160156,20.192941665649414,380.5703125
2021-04-09,21.845401763916016,85.95490264892578,83.83142852783203,19.883468627929688,69.3531723022461,20.22054672241211,383.3370361328125
2021-04-12,21.40793228149414,84.21513366699219,81.1903076171875,19.7266788482666,67.67433166503906,20.544902801513672,383.4767761230469
2021-04-13,21.845401763916016,85.20928192138672,81.3148193359375,19.7473087310791,67.85989379882812,20.372373580932617,384.6133728027344
2021-04-14,21.770936965942383,84.51337432861328,80.66565704345703,20.29606819152832,70.72274780273438,20.412399291992188,383.2998352050781
2021-04-15,21.4544677734375,82.75371551513672,77.49984741210938,20.131031036376953,69.63591003417969,20.60701560974121,387.4173583984375
2021-04-16,22.17116928100586,84.99057006835938,78.17571258544922,19.970115661621094,68.48725128173828,20.627716064453125,388.7124328613281
2021-04-19,21.631319046020508,82.2665786743164,75.73908996582031,19.949480056762695,68.46956634521484,20.517297744750977,386.80255126953125
2021-04-20,21.435855865478516,81.80927276611328,74.09393310546875,19.42134666442871,65.38582611083984,20.95207405090332,383.9706115722656
2021-04-21,21.854703903198242,84.60284423828125,77.61544799804688,19.668912887573242,66.6847152709961,21.39375114440918,387.6037902832031
2021-04-22,22.385250091552734,87.5853271484375,78.46027374267578,19.437849044799805,66.1280517578125,21.504173278808594,384.0636291503906
2021-04-23,22.80409812927246,90.40873718261719,81.00355529785156,19.61527442932129,67.04698181152344,21.787120819091797,388.2279052734375
2021-04-26,22.915794372558594,91.34324645996094,83.36900329589844,19.7473087310791,68.72581481933594,21.994157791137695,389.038330078125
2021-04-27,22.841331481933594,90.29937744140625,82.58646392822266,19.98661994934082,70.03353881835938,21.932048797607422,388.9544982910156
2021-04-28,22.375944137573242,87.60520935058594,81.90171813964844,20.67566680908203,73.0289077758789,22.1735897064209,388.8427734375
2021-04-29,22.03155517578125,85.79584503173828,80.17655181884766,20.906728744506836,72.97587585449219,22.139081954956055,391.32080078125
2021-04-30,21.631319046020508,82.66424560546875,78.15792083740234,20.37859344482422,70.86410522460938,22.353017807006836,388.7495422363281
2021-05-03,21.32416534423828,81.62037658691406,76.40604400634766,20.939739227294922,73.28515625,22.642873764038086,389.58795166015625
2021-05-04,20.449230194091797,76.7490005493164,73.9961166381836,20.95211410522461,73.17913055419922,22.359920501708984,387.18450927734375
2021-05-05,20.421306610107422,75.77472686767578,72.9556655883789,21.6287899017334,75.1230239868164,22.51865005493164,387.3056335449219
2021-05-06,20.151378631591797,74.01506042480469,70.98149108886719,21.74019432067871,74.69005584716797,22.70498275756836,390.3985290527344
2021-05-07,20.514381408691406,74.71097564697266,71.93302154541016,22.12804412841797,76.56327056884766,23.415807723999023,393.23980712890625
2021-05-10,19.900068283081055,71.67879486083984,67.86016082763672,22.136295318603516,75.6090087890625,23.719459533691406,389.34576416015625
2021-05-11,19.94660758972168,72.5635986328125,68.67829895019531,21.5669002532959,74.69889831542969,24.07832145690918,385.8709716796875
2021-05-12,19.276445388793945,68.736083984375,64.87222290039062,21.670053482055664,74.4161376953125,24.59591293334961,377.6730651855469
2021-05-13,19.350910186767578,68.69631958007812,63.84955978393555,21.405982971191406,72.0923080444336,24.430286407470703,382.2098388671875
2021-05-14,20.104841232299805,72.11622619628906,66.97978973388672,22.07027816772461,76.30703735351562,25.493072509765625,388.0789489746094
2021-05-17,19.918682098388672,70.90335845947266,67.184326171875,22.5819091796875,79.25823211669922,25.120407104492188,387.0913391113281
2021-05-18,20.290996551513672,71.9372787475586,68.96284484863281,22.057899475097656,78.03004455566406,24.181842803955078,383.7562561035156
2021-05-19,20.449230194091797,74.62149810791016,69.27410125732422,21.509136199951172,76.39539337158203,22.77399253845215,382.7502136230469
2021-05-20,20.970468521118164,77.70339965820312,70.30564880371094,21.476125717163086,76.05963134765625,24.036916732788086,386.86773681640625
2021-05-21,21.017004013061523,78.05135345458984,70.64356231689453,21.521509170532227,76.52793884277344,23.56763458251953,386.5510559082031
2021-05-24,21.054235458374023,77.34549713134766,70.47460174560547,21.736064910888672,77.42919158935547,23.947200775146484,390.4916076660156
2021-05-25,20.998390197753906,76.99754333496094,69.73652648925781,21.294580459594727,75.37040710449219,24.285358428955078,389.625244140625
2021-05-26,21.24970054626465,78.84667205810547,72.83118438720703,21.484376907348633,77.46453857421875,24.119731903076172,390.3985290527344
2021-05-27,21.231082916259766,78.85662078857422,74.4051742553711,21.500879287719727,78.67505645751953,23.59523582458496,390.60345458984375
2021-05-28,21.33346939086914,78.64784240722656,73.88939666748047,21.54214096069336,78.70156860351562,23.740161895751953,391.3022155761719
2021-06-01,21.28693199157715,78.30982208251953,75.24999237060547,22.371479034423828,83.79106903076172,23.753963470458984,390.9574279785156
2021-06-02,20.942543029785156,77.21625518798828,76.486083984375,22.788211822509766,85.13414001464844,23.664249420166016,391.5722961425781
2021-06-03,20.560922622680664,75.11857604980469,75.90803527832031,22.8501033782959,85.22246551513672,23.188066482543945,390.1189270019531
2021-06-04,20.756385803222656,76.39110565185547,76.82398223876953,23.002763748168945,85.19596862792969,23.22257423400879,393.6869812011719
2021-06-07,20.86807632446289,76.11273956298828,78.50470733642578,22.903738021850586,86.01770782470703,23.988605499267578,393.3050231933594
2021-06-08,20.95185089111328,76.5103988647461,80.132080078125,23.10179328918457,86.85713195800781,24.071422576904297,393.3888244628906
2021-06-09,20.8215389251709,76.1624526977539,79.42955017089844,22.957372665405273,86.37999725341797,24.471691131591797,392.802001953125
2021-06-10,20.909521102905273,78.26012420654297,78.44245910644531,22.92849349975586,85.45220947265625,24.306062698364258,394.6278991699219
2021-06-11,21.08735466003418,79.35369873046875,79.52735900878906,22.8501033782959,86.02656555175781,24.085224151611328,395.2799377441406
2021-06-14,21.340065002441406,80.3080825805664,79.26950073242188,22.751073837280273,85.08110046386719,24.202545166015625,396.1650085449219
2021-06-15,21.096715927124023,78.30982208251953,77.02851867675781,23.184309005737305,86.56555938720703,23.912696838378906,395.4383239746094
2021-06-16,21.209030151367188,79.49288177490234,78.3624496459961,23.060531616210938,86.1060791015625,23.553831100463867,393.23046875
2021-06-17,21.330707550048828,82.61453247070312,78.87821197509766,22.276580810546875,82.19176483154297,23.188066482543945,393.10009765625
2021-06-18,20.975040435791016,81.98822021484375,78.0511703491211,21.616411209106445,80.41575622558594,23.684955596923828,387.79705810546875
2021-06-21,21.190311431884766,81.52095794677734,77.29845428466797,22.537593841552734,84.59165954589844,23.9541015625,393.3486633300781
2021-06-22,21.40558433532715,81.93850708007812,77.84249114990234,22.687644958496094,85.06175994873047,24.464792251586914,395.4516296386719
2021-06-23,21.368144989013672,83.61863708496094,79.9383773803711,22.750167846679688,86.06404876708984,24.87196159362793,394.9749755859375
2021-06-24,21.50853729248047,84.44378662109375,80.17028045654297,22.946075439453125,87.43888092041016,24.996183395385742,397.3115539550781
2021-06-25,21.574058532714844,85.07010650634766,80.78565979003906,23.066951751708984,88.47664642333984,24.996183395385742,398.72283935546875
2021-06-28,22.14499855041504,90.4186782836914,84.27287292480469,22.287498474121094,84.61827850341797,25.099700927734375,399.526611328125
2021-06-29,22.285390853881836,91.24382781982422,84.2282943725586,22.179119110107422,84.16590881347656,25.113502502441406,399.74163818359375
2021-06-30,21.957801818847656,88.80813598632812,83.11344909667969,22.4542236328125,85.7624740600586,25.52757453918457,400.0780029296875
2021-07-01,22.032684326171875,87.80403900146484,82.25724792480469,22.846038818359375,87.7936782836914,25.989957809448242,402.2931213378906
2021-07-02,21.985883712768555,87.66485595703125,80.66972351074219,22.796018600463867,86.20598602294922,25.976154327392578,405.3680725097656
2021-07-06,22.135635375976562,88.66895294189453,80.15242767333984,22.054073333740234,82.6935043334961,24.237049102783203,404.6297302246094
2021-07-07,22.060760498046875,88.65901947021484,78.1546401977539,21.69561004638672,80.77762603759766,24.602813720703125,406.0596923828125
2021-07-08,21.67701530456543,86.47187042236328,77.28955078125,21.570560455322266,81.2300033569336,24.49239730834961,402.7510681152344
2021-07-09,21.733171463012695,87.6946792602539,78.181396484375,22.02906608581543,83.27892303466797,24.934072494506836,407.0503234863281
2021-07-12,21.985883712768555,89.15609741210938,79.47461700439453,21.9957218170166,82.67577362060547,24.064517974853516,408.5084228515625
2021-07-13,21.72381019592285,88.03269958496094,77.34304809570312,21.828989028930664,81.6291275024414,24.423381805419922,407.1157531738281
2021-07-14,21.190311431884766,83.3700942993164,73.6685562133789,21.178747177124023,77.59336853027344,24.430286407470703,407.72332763671875
2021-07-15,20.76912498474121,81.74961853027344,73.53472900390625,20.88279914855957,76.03226470947266,24.51309585571289,406.3306884765625
2021-07-16,20.684892654418945,80.1589584350586,71.74209594726562,20.290916442871094,73.0165023803711,24.582109451293945,403.14361572265625
2021-07-19,20.535131454467773,80.62621307373047,70.72535705566406,19.57398223876953,70.0362548828125,24.105928421020508,397.1899719238281
2021-07-20,20.741046905517578,82.44552612304688,73.23151397705078,19.836580276489258,71.7215347290039,23.809173583984375,402.8819580078125
2021-07-21,21.39622688293457,85.90519714355469,76.57603454589844,20.528505325317383,75.171875,24.023113250732422,406.143798828125
2021-07-22,21.40558433532715,85.12975311279297,74.85472106933594,20.299253463745117,73.64627838134766,23.367496490478516,406.9942626953125
2021-07-23,21.115434646606445,82.9724349975586,72.73206329345703,20.224225997924805,72.89232635498047,23.684955596923828,411.18145751953125
2021-07-26,20.946958541870117,81.78937530517578,72.33071899414062,20.72441291809082,75.1275405883789,24.464792251586914,412.19091796875
2021-07-27,20.79720115661621,80.04960632324219,70.40428924560547,20.532672882080078,72.80362701416016,24.347469329833984,410.3122253417969
2021-07-28,21.368144989013672,83.38004302978516,73.83798217773438,20.720245361328125,74.42684173583984,24.671825408935547,410.1440124511719
2021-07-29,21.31198501586914,83.81745910644531,74.40876770019531,20.920316696166992,74.32040405273438,24.83055305480957,411.8450927734375
2021-07-30,21.255826950073242,85.16951751708984,74.62283325195312,20.58686065673828,73.44226837158203,24.485490798950195,409.844970703125
2021-08-02,21.274547576904297,84.9508056640625,74.18582153320312,20.43263816833496,71.978759765625,24.94097137451172,408.98504638671875
2021-08-03,21.686372756958008,87.98298645019531,74.33743286132812,20.78276252746582,73.46002960205078,25.023786544799805,412.3123474121094
2021-08-04,21.639575958251953,87.8835678100586,73.1334228515625,20.220050811767578,70.16043853759766,25.35504722595215,410.2841796875
2021-08-05,21.48046112060547,86.53152465820312,73.92717742919922,20.449312210083008,72.04083251953125,25.63109588623047,412.8824768066406
2021-08-06,21.452381134033203,85.73619079589844,73.60611724853516,20.63688087463379,72.8479995727539,25.707008361816406,413.56475830078125
2021-08-09,21.789329528808594,87.57537841796875,75.78227996826172,20.345104217529297,71.64168548583984,25.68630599975586,413.2283020019531
2021-08-10,21.76125144958496,87.04847717285156,77.2806167602539,20.703569412231445,73.61965942382812,25.796722412109375,413.74237060546875
2021-08-11,21.630218505859375,85.36835479736328,75.90711975097656,20.866134643554688,73.88577270507812,26.190092086791992,414.7703857421875
2021-08-12,21.358781814575195,85.07010650634766,75.33634185791016,20.845291137695312,73.66401672363281,25.52757453918457,416.0135192871094
2021-08-13,21.15287208557129,82.33616638183594,72.6161117553711,20.599365234375,71.16273498535156,25.299835205078125,416.77056884765625
2021-08-16,20.984394073486328,80.10926055908203,70.17240142822266,20.220050811767578,69.07830810546875,26.383325576782227,417.7519226074219
2021-08-17,20.759765625,78.03146362304688,67.72868347167969,20.011642456054688,68.5993423461914,25.8519344329834,415.0133972167969
2021-08-18,20.89080238342285,78.7074966430664,68.03189849853516,19.594825744628906,66.67457580566406,25.727710723876953,410.4711608886719
2021-08-19,20.89080238342285,77.55427551269531,65.55250549316406,19.086301803588867,64.64338684082031,24.623519897460938,411.10662841796875
2021-08-20,21.22774887084961,79.1846923828125,66.87248229980469,19.12798500061035,64.9006118774414,24.68562889099121,414.3778381347656
2021-08-23,21.499177932739258,81.60049438476562,69.6818618774414,19.84491539001465,68.18246459960938,25.05829620361328,418.0229187011719
2021-08-24,21.630218505859375,81.87885284423828,71.09994506835938,20.174209594726562,70.22251892089844,25.56898307800293,418.6865234375
2021-08-25,21.705095291137695,82.96248626708984,71.29615783691406,20.328432083129883,71.4820327758789,25.603487014770508,419.5650634765625
2021-08-26,21.452381134033203,82.51512145996094,70.70752716064453,20.019983291625977,70.26685333251953,25.95545196533203,417.08837890625
2021-08-27,21.639575958251953,83.61863708496094,72.22370147705078,20.553516387939453,73.9744644165039,27.170063018798828,420.8175048828125
2021-08-30,21.85485076904297,85.6069564819336,72.62505340576172,20.311752319335938,72.75041198730469,27.549631118774414,422.6680603027344
2021-08-31,21.83612823486328,85.12975311279297,72.92827606201172,20.174209594726562,73.30921936035156,27.494421005249023,422.04193115234375
2021-09-01,22.004602432250977,85.52741241455078,73.11558532714844,19.87826156616211,72.7593002319336,27.28738784790039,422.2661437988281
2021-09-02,22.266674041748047,86.50169372558594,74.44445037841797,20.38261604309082,75.1807632446289,27.715261459350586,423.5653076171875
2021-09-03,22.088838577270508,85.53736114501953,73.52581787109375,20.26590919494629,74.9678726196289,27.956802368164062,423.4624938964844
2021-09-07,21.91100311279297,84.72215270996094,73.75772857666016,20.1450252532959,74.75502014160156,28.08792495727539,421.9483642578125
2021-09-08,21.48982048034668,83.25079345703125,71.53697967529297,19.886594772338867,73.8946304321289,28.170738220214844,421.43438720703125
2021-09-09,21.461742401123047,83.88705444335938,72.1612777709961,19.928281784057617,74.81710052490234,28.0189151763916,419.6304931640625
2021-09-10,21.124792098999023,82.84319305419922,71.12670135498047,19.919940948486328,74.21392822265625,27.55653190612793,416.3219909667969
2021-09-13,21.54598045349121,84.50343322753906,72.08992767333984,20.490995407104492,77.27404022216797,27.57033348083496,417.3873596191406
2021-09-14,21.414939880371094,83.80753326416016,71.260498046875,20.195049285888672,75.34040832519531,27.12175750732422,415.1348876953125
2021-09-15,21.115434646606445,83.65840148925781,71.81343841552734,20.94949722290039,79.76646423339844,27.370203018188477,418.60247802734375
2021-09-16,20.975040435791016,82.70401000976562,70.8769760131836,20.711912155151367,78.72870635986328,27.232173919677734,417.9388427734375
2021-09-17,21.077993392944336,84.72215270996094,72.26828002929688,20.557682037353516,78.01022338867188,27.32189178466797,413.86767578125
2021-09-20,20.516416549682617,80.3975601196289,68.51350402832031,19.929914474487305,75.15625,27.52202796936035,406.9667663574219
2021-09-21,20.759765625,81.30224609375,69.16458129882812,19.976320266723633,75.32546997070312,27.418508529663086,406.5823974609375
2021-09-22,21.049917221069336,82.76365661621094,70.10104370117188,20.59227752685547,78.1126480102539,27.55653190612793,410.5484313964844
2021-09-23,21.237110137939453,82.58470916748047,71.19805145263672,21.31369972229004,81.51428985595703,27.563432693481445,415.5366516113281
2021-09-24,20.825286865234375,80.06948852539062,70.07428741455078,21.474018096923828,81.96842193603516,28.833251953125,416.22113037109375
2021-09-27,20.993759155273438,81.58061218261719,71.75991821289062,22.23763084411621,87.87226867675781,29.274930953979492,415.03033447265625
2021-09-28,20.535131454467773,79.23439025878906,69.2448501586914,22.313570022583008,86.68792724609375,28.384679794311523,406.66668701171875
2021-09-29,20.319862365722656,77.9022216796875,68.39759063720703,22.313570022583008,86.40296936035156,28.439884185791016,407.3511657714844
2021-09-30,20.263702392578125,79.4829330444336,68.88809967041016,21.97606086730957,86.12694549560547,28.357072830200195,402.37237548828125
2021-10-01,20.37601661682129,80.5864486694336,69.1199951171875,22.714365005493164,88.37094116210938,29.06789779663086,407.1542663574219
2021-10-04,19.842519760131836,76.84841918945312,65.85574340820312,23.085628509521484,90.61492919921875,29.3232421875,401.90362548828125
2021-10-05,19.879955291748047,77.25601959228516,65.75764465332031,23.220630645751953,91.15813446044922,29.654502868652344,406.08544921875
2021-10-06,19.9267578125,77.23614501953125,65.27601623535156,22.975934982299805,89.12784576416016,27.970603942871094,407.7730712890625
2021-10-07,20.132665634155273,78.93614959716797,66.8011245727539,23.15312957763672,91.53214263916016,28.032716751098633,411.2985534667969
2021-10-08,19.97355079650879,78.07123565673828,66.5425033569336,23.866113662719727,93.82957458496094,26.98373031616211,410.5484313964844
2021-10-11,20.048431396484375,80.91452026367188,67.53245544433594,23.777517318725586,93.50897979736328,27.494421005249023,407.5761413574219
2021-10-12,20.806562423706055,85.36835479736328,69.88700103759766,23.79861068725586,93.21513366699219,27.666954040527344,406.5729675292969
2021-10-13,21.48046112060547,87.51573181152344,71.38533782958984,23.777517318725586,92.82333374023438,27.69455909729004,408.03558349609375
2021-10-14,21.39622688293457,86.9590072631836,71.11778259277344,24.06862449645996,94.22135925292969,28.63312339782715,414.8990173339844
2021-10-15,21.461742401123047,86.64087677001953,70.95726013183594,24.186750411987305,93.68707275390625,27.64624786376953,418.0588073730469
2021-10-18,21.54598045349121,87.46602630615234,71.34074401855469,24.20362663269043,94.17684936523438,27.266681671142578,419.2964782714844
2021-10-19,22.070119857788086,90.97541046142578,73.07991027832031,24.47784996032715,94.93376159667969,26.673179626464844,422.5313415527344
2021-10-20,22.201156616210938,89.62335205078125,73.05314636230469,24.67613983154297,96.1358871459961,27.604841232299805,424.19085693359375
2021-10-21,22.229236602783203,89.63330078125,73.18692779541016,24.22049903869629,94.06108093261719,27.998207092285156,425.29730224609375
2021-10-22,22.05139923095703,87.92334747314453,71.6707534790039,24.448318481445312,95.79751586914062,28.58481216430664,424.8566589355469
2021-10-25,22.378990173339844,90.4683837890625,74.80122375488281,24.80691909790039,98.56690216064453,28.612417221069336,427.13507080078125
2021-10-26,22.229236602783203,89.1660385131836,74.23933410644531,24.950361251831055,98.41551208496094,28.702133178710938,427.51953125
2021-10-27,22.893770217895508,93.6397476196289,74.22149658203125,24.233158111572266,94.23919677734375,28.564109802246094,425.62554931640625
2021-10-28,23.689342498779297,97.427490234375,78.16355895996094,24.4061279296875,95.3077621459961,28.329465866088867,429.7322692871094
2021-10-29,23.65191078186035,98.52105712890625,79.18029022216797,24.24580955505371,94.71114349365234,28.191442489624023,430.604248046875
2021-11-01,24.138612747192383,99.94271087646484,82.56939697265625,24.663480758666992,97.57847595214844,27.901592254638672,431.3450012207031
2021-11-02,23.679983139038086,96.73158264160156,81.78456115722656,24.43144416809082,96.54551696777344,28.88846778869629,433.0889587402344
2021-11-03,23.137121200561523,96.58245849609375,82.40886688232422,24.22893524169922,95.6461410522461,28.936771392822266,435.7331237792969
2021-11-04,23.01544761657715,96.79122924804688,82.30183410644531,24.262685775756836,95.07623291015625,28.81255340576172,437.78643798828125
2021-11-05,22.725299835205078,95.20057678222656,81.60619354248047,24.5791072845459,97.69422912597656,28.757339477539062,439.3053894042969
2021-11-08,23.137121200561523,96.0356674194336,85.2271728515625,24.802701950073242,99.261474609375,29.295637130737305,439.68048095703125
2021-11-09,23.01544761657715,95.27017211914062,82.71211242675781,24.903953552246094,99.06554412841797,29.33704376220703,438.2271728515625
2021-11-10,22.687856674194336,92.64559173583984,80.2148666381836,24.24580955505371,94.42618560791016,30.213497161865234,434.7016906738281
2021-11-11,23.286882400512695,98.04387664794922,84.27287292480469,24.3386287689209,95.8687744140625,30.565460205078125,434.8423767089844
2021-11-12,23.474071502685547,99.02808380126953,85.17366027832031,24.279563903808594,95.65504455566406,30.53095817565918,438.1239929199219
2021-11-15,23.193283081054688,97.427490234375,84.14799499511719,24.48206329345703,96.30508422851562,31.614444732666016,438.2740173339844
2021-11-16,23.137121200561523,96.94036102294922,84.21936798095703,24.520036697387695,95.77971649169922,31.773176193237305,440.0086669921875
2021-11-17,22.996726989746094,96.572509765625,82.72993469238281,24.144559860229492,92.37808227539062,31.469518661499023,438.9397277832031
2021-11-18,22.678499221801758,94.4549560546875,79.54597473144531,24.00111961364746,92.57398223876953,32.29076385498047,440.43060302734375
2021-11-19,23.109045028686523,97.54679107666016,81.01753997802734,23.064531326293945,87.95240783691406,32.49089813232422,439.64300537109375
2021-11-22,22.57554054260254,95.468994140625,80.0097427368164,23.473752975463867,89.34156036376953,32.31147003173828,438.4053649902344
2021-11-23,22.313472747802734,92.91401672363281,78.7611083984375,24.1951847076416,92.9390869140625,32.063018798828125,438.98663330078125
2021-11-24,22.378990173339844,93.15260314941406,79.27841186523438,24.43144416809082,94.15902709960938,31.95260238647461,440.1586608886719
2021-11-26,22.088838577270508,90.14031219482422,76.8614273071289,23.448448181152344,87.97914123535156,32.345970153808594,430.34173583984375
2021-11-29,22.332189559936523,91.79061889648438,78.0030288696289,23.583457946777344,89.07440948486328,32.88426971435547,435.62054443359375
2021-11-30,21.985883712768555,88.96720123291016,76.1568603515625,23.03078269958496,86.72354888916016,33.00849151611328,427.1444091796875
2021-12-01,21.302629470825195,85.89525604248047,72.44667053222656,22.78608512878418,83.28630065917969,33.443267822265625,422.4000549316406
2021-12-02,21.209030151367188,85.82566833496094,72.38423919677734,23.448448181152344,85.98445892333984,33.38115310668945,428.8697204589844
2021-12-03,20.54449462890625,81.6800308227539,68.0943374633789,23.262815475463867,84.7110595703125,33.06370162963867,425.1379089355469
2021-12-06,20.787843704223633,82.81336975097656,68.6740493774414,23.6087646484375,87.311279296875,34.52675247192383,430.1729431152344
2021-12-07,21.461742401123047,85.82566833496094,71.31398010253906,24.161439895629883,90.81974029541016,35.78277587890625,439.07098388671875
2021-12-08,21.527259826660156,86.44204711914062,72.4020767211914,24.15721893310547,90.98892211914062,37.777225494384766,440.233642578125
2021-12-09,20.909521102905273,83.32038116455078,69.80674743652344,23.971586227416992,89.35935974121094,34.73379135131836,437.261474609375
2021-12-10,20.76912498474121,83.15138244628906,69.20917510986328,24.148778915405273,90.43684387207031,35.596439361572266,441.3775634765625
2021-12-13,20.659992218017578,83.30050659179688,68.12108612060547,23.477981567382812,86.36737060546875,34.58196258544922,437.46771240234375
2021-12-14,20.039060592651367,80.08937072753906,65.7844009399414,23.380943298339844,84.83573913574219,34.01606369018555,434.4578552246094
2021-12-15,20.377748489379883,80.95429229736328,66.70301818847656,23.26703643798828,85.17414855957031,34.59577178955078,441.2463073730469
2021-12-16,19.92616844177246,78.30982208251953,64.2771224975586,23.414697647094727,84.36378479003906,35.83798599243164,437.355224609375
2021-12-17,19.963796615600586,78.57825469970703,65.00846862792969,22.937969207763672,83.35755157470703,32.41498947143555,432.7004699707031
2021-12-20,19.22997283935547,73.3291015625,61.89271545410156,22.653778076171875,81.41329956054688,34.24380111694336,428.0993957519531
2021-12-21,19.869720458984375,77.48468017578125,64.54383087158203,23.299074172973633,85.25345611572266,33.91944885253906,435.7019958496094
2021-12-22,19.982616424560547,77.35543823242188,64.51687622070312,23.448650360107422,85.74580383300781,33.8159294128418,440.0584411621094
2021-12-23,19.982616424560547,77.4548568725586,64.8763656616211,23.461469650268555,85.42355346679688,32.994686126708984,442.7965087890625
2021-12-27,19.954387664794922,76.7291259765625,64.60675048828125,23.974287033081055,88.8788070678711,33.62959671020508,449.06304931640625
2021-12-28,19.75682258605957,75.55601501464844,63.58225631713867,23.957191467285156,88.10897827148438,34.299015045166016,448.69610595703125
2021-12-29,19.69096565246582,75.01917266845703,62.315101623535156,23.803346633911133,87.75091552734375,34.94266128540039,449.2700500488281
2021-12-30,19.965837478637695,77.2261962890625,64.44499206542969,23.658048629760742,86.10388946533203,34.81087875366211,448.02801513671875
2021-12-31,19.928186416625977,76.52034759521484,64.18435668945312,23.717876434326172,85.81741333007812,35.30332565307617,446.8989562988281
2022-01-03,20.088212966918945,78.03146362304688,65.56835174560547,24.452919006347656,89.89031982421875,36.39224624633789,449.48638916015625
2022-01-04,19.777572631835938,75.8741455078125,65.22686004638672,25.299070358276367,93.74837493896484,36.829200744628906,449.3358459472656
2022-01-05,18.855056762695312,70.79399108886719,61.27261734008789,25.294795989990234,90.88392639160156,37.37019348144531,440.7076721191406
2022-01-06,18.591480255126953,70.21737670898438,60.37392807006836,25.85889434814453,93.64991760253906,36.71128845214844,440.293701171875
2022-01-07,18.506757736206055,70.33668518066406,59.726863861083984,26.213598251342773,93.7215347290039,36.343692779541016,438.55303955078125
2022-01-10,18.422040939331055,70.28697204589844,58.33391571044922,26.132402420043945,93.13970184326172,34.90104293823242,438.0072021484375
2022-01-11,18.582067489624023,71.48991394042969,59.98749923706055,27.021289825439453,97.25735473632812,34.97039794921875,441.9967041015625
2022-01-12,18.629135131835938,71.80803680419922,59.99647903442383,27.072568893432617,98.2778091430664,34.713775634765625,443.1916809082031
2022-01-13,18.422040939331055,70.21737670898438,57.947471618652344,26.935815811157227,96.36221313476562,35.15766525268555,437.08514404296875
2022-01-14,18.309080123901367,70.0384292602539,57.73177719116211,27.56829833984375,99.35198974609375,35.48365020751953,437.2639465332031
2022-01-18,17.800756454467773,67.03607940673828,55.08064651489258,27.679407119750977,97.67807006835938,35.240901947021484,429.5201721191406
2022-01-19,17.75368881225586,66.54894256591797,53.33718490600586,27.478553771972656,96.60389709472656,34.56813049316406,425.0602111816406
2022-01-20,17.866647720336914,66.59864807128906,52.627227783203125,27.226417541503906,93.36347198486328,35.657047271728516,420.35565185546875
2022-01-21,17.22653579711914,63.36763381958008,50.056976318359375,26.687952041625977,90.00668334960938,35.199283599853516,412.1037292480469
2022-01-24,17.29243278503418,64.04366302490234,50.19178009033203,26.86743927001953,91.62689208984375,34.37392044067383,413.8538513183594
2022-01-25,16.774696350097656,62.005638122558594,48.987525939941406,27.91017723083496,95.10899353027344,35.50445556640625,408.80108642578125
2022-01-26,16.8311710357666,62.12493896484375,48.26858901977539,27.863162994384766,93.87370300292969,35.58769226074219,407.77557373046875
2022-01-27,16.567598342895508,59.788665771484375,45.77023696899414,28.16658592224121,93.91845703125,35.698665618896484,405.7619934082031
2022-01-28,16.718212127685547,60.15650177001953,46.408302307128906,28.046926498413086,94.90311431884766,35.85818862915039,415.8392333984375
2022-01-31,17.65013885498047,65.09747314453125,50.75795364379883,28.170860290527344,95.42230987548828,36.14949417114258,423.3289489746094
2022-02-01,17.621898651123047,64.82904815673828,51.422996520996094,29.175125122070312,99.45044708251953,36.19804000854492,426.18927001953125
2022-02-02,17.546592712402344,63.62611770629883,49.679527282714844,29.269140243530273,100.11286926269531,38.00135803222656,430.329345703125
2022-02-03,17.10416030883789,61.08106994628906,47.414833068847656,28.991371154785156,98.65377044677734,38.11233139038086,420.2143859863281
2022-02-04,17.264190673828125,63.0395622253418,48.834754943847656,29.444366455078125,100.18446350097656,38.833656311035156,422.1903991699219
2022-02-07,17.160640716552734,62.52260208129883,48.68198776245117,29.820425033569336,99.55786895751953,38.4244384765625,420.8354797363281
2022-02-08,17.19829750061035,63.427284240722656,49.97609329223633,29.179401397705078,96.44275665283203,38.3897590637207,424.2980651855469
2022-02-09,17.819583892822266,66.43958282470703,52.51040267944336,29.422988891601562,98.42102813720703,36.967918395996094,430.50811767578125
2022-02-10,17.367740631103516,64.66998291015625,51.4948844909668,29.239225387573242,98.52842712402344,36.69048309326172,422.7738037109375
2022-02-11,16.9158935546875,62.214412689208984,49.715476989746094,30.089656829833984,102.0016098022461,36.99565887451172,414.4372253417969
2022-02-14,16.784107208251953,61.36937713623047,49.60763931274414,29.380250930786133,99.60261535644531,36.371437072753906,413.0823059082031
2022-02-15,17.631311416625977,65.16706848144531,53.24732208251953,29.072561264038086,98.59111785888672,36.0246467590332,419.7440185546875
2022-02-16,17.64072608947754,65.27642059326172,53.30125045776367,29.30760955810547,98.0450668334961,35.92754364013672,420.2143859863281
2022-02-17,17.395978927612305,63.58634948730469,50.95566177368164,29.26059913635254,98.1524887084961,35.01895523071289,411.23809814453125
2022-02-18,17.075923919677734,62.114994049072266,49.52675247192383,29.081113815307617,97.07830810546875,35.89286422729492,408.5752868652344
2022-02-22,16.652320861816406,59.79861068725586,47.29800796508789,28.611026763916016,95.12691497802734,35.92754364013672,404.1905517578125
2022-02-23,16.53936004638672,59.31147003173828,46.37235641479492,28.90589141845703,96.78292846679688,37.24535369873047,397.0208740234375
2022-02-24,17.800756454467773,64.42144775390625,50.11090087890625,28.67940330505371,98.42999267578125,35.476722717285156,402.99560546875
2022-02-25,18.299663543701172,66.03197479248047,51.02756118774414,29.435808181762695,99.42359161376953,35.90673828125,411.8872985839844
2022-02-28,19.495168685913086,71.05247497558594,53.34617614746094,30.162309646606445,104.65122985839844,33.98551559448242,410.83343505859375
2022-03-01,19.306901931762695,72.41446685791016,53.28327178955078,30.465715408325195,106.75481414794922,29.539655685424805,404.57635498046875
2022-03-02,18.996257781982422,69.93901062011719,52.753055572509766,31.16230583190918,108.76890563964844,29.185928344726562,412.01904296875
2022-03-03,18.422040939331055,67.93082427978516,51.44096374511719,31.24776840209961,107.6589126586914,28.090065002441406,409.96783447265625
2022-03-04,18.280839920043945,67.56298065185547,49.69750213623047,32.149471282958984,111.90189361572266,27.68085289001465,406.6369934082031
2022-03-07,18.732681274414062,69.58111572265625,50.686065673828125,32.623836517333984,112.54639434814453,24.691516876220703,394.6497497558594
2022-03-08,20.02231788635254,76.06303405761719,54.820037841796875,33.136661529541016,113.63845825195312,27.701663970947266,391.6575622558594
2022-03-09,20.078800201416016,76.3712158203125,55.97035598754883,32.12383270263672,112.62696075439453,29.90031623840332,402.1583251953125
2022-03-10,19.796398162841797,74.56185913085938,55.15254211425781,33.10673904418945,114.87376403808594,30.559219360351562,400.34228515625
2022-03-11,19.495168685913086,73.1998519897461,53.22934341430664,32.8417854309082,113.07451629638672,31.093280792236328,395.251953125
2022-03-14,18.789161682128906,68.69631958007812,49.58966827392578,31.858890533447266,108.2855224609375,31.301355361938477,392.36322021484375
2022-03-15,19.09039306640625,70.91329193115234,51.48590087890625,30.69221305847168,106.40571594238281,31.627338409423828,400.991455078125
2022-03-16,19.598712921142578,75.16828918457031,54.94585037231445,30.551191329956055,106.64739990234375,32.098968505859375,409.8831481933594
2022-03-17,19.843463897705078,74.74080657958984,57.0847282409668,31.602474212646484,112.23311614990234,32.528995513916016,415.01116943359375
2022-03-18,19.90935707092285,75.59577941894531,58.49566650390625,31.572559356689453,112.0630111694336,32.147525787353516,419.5567321777344
2022-03-21,19.768156051635742,75.13846588134766,58.13833236694336,32.84529495239258,115.85600280761719,31.80073356628418,419.43402099609375
2022-03-22,20.04114532470703,76.3016357421875,59.23017501831055,32.60369110107422,115.18204498291016,32.30010986328125,424.3420104980469
2022-03-23,19.730504989624023,75.74490356445312,58.472206115722656,33.1645622253418,117.58130645751953,31.287485122680664,418.877197265625
2022-03-24,20.04114532470703,76.7987060546875,59.726478576660156,33.24652862548828,118.89322662353516,31.90477180480957,425.19140625
2022-03-25,19.80581283569336,74.91975402832031,58.75193405151367,33.97566223144531,124.54542541503906,31.994935989379883,427.26788330078125
2022-03-28,19.89052963256836,75.52619171142578,58.24662399291992,33.13436508178711,121.42729187011719,32.75094223022461,430.3070983886719
2022-03-29,20.182348251342773,76.60981750488281,60.20471954345703,33.048072814941406,121.57106018066406,33.763572692871094,435.63031005859375
2022-03-30,20.135276794433594,75.33729553222656,59.11287307739258,33.43205642700195,122.65837097167969,32.99369812011719,432.94036865234375
2022-03-31,20.257652282714844,75.01917266845703,58.77900314331055,32.97904586791992,120.90612030029297,32.36252975463867,426.27685546875
2022-04-01,20.370615005493164,75.76477813720703,58.65267562866211,33.24652862548828,124.43758392333984,32.785614013671875,427.4850158691406
2022-04-04,20.78480339050293,78.94609832763672,61.702613830566406,33.2896842956543,124.78800201416016,33.02837371826172,431.1470947265625
2022-04-05,20.728321075439453,76.89812469482422,59.266273498535156,32.767635345458984,121.9215087890625,32.69545364379883,425.70111083984375
2022-04-06,20.483577728271484,74.89986419677734,56.631412506103516,32.9617805480957,121.79570007324219,32.41108322143555,421.44439697265625
2022-04-07,20.238826751708984,74.11448669433594,55.94562911987305,33.393218994140625,122.90999603271484,33.18789291381836,423.56805419921875
2022-04-08,19.984663009643555,72.28523254394531,54.0777702331543,34.31218338012695,125.70459747314453,33.40290451049805,422.4353942871094
2022-04-11,19.777572631835938,71.798095703125,53.41002655029297,33.281044006347656,123.1346206665039,32.674644470214844,415.2150573730469
2022-04-12,19.55164909362793,71.29106903076172,52.697174072265625,33.833290100097656,124.8419418334961,32.86885070800781,413.6766052246094
2022-04-13,19.796398162841797,72.57353210449219,54.167999267578125,34.33806610107422,128.13079833984375,32.757877349853516,418.4146728515625
2022-04-14,19.561063766479492,71.61914825439453,52.57986068725586,34.45024871826172,128.43634033203125,33.09772872924805,413.2046813964844
2022-04-18,19.41986083984375,71.24137115478516,51.86701583862305,34.955020904541016,130.87152099609375,32.74400329589844,413.37451171875
2022-04-19,19.824636459350586,72.83202362060547,53.10322570800781,34.67026901245117,128.84071350097656,32.88965606689453,420.0475158691406
2022-04-20,19.47633934020996,69.42205810546875,51.46095657348633,34.804012298583984,130.6020050048828,34.734580993652344,419.7360534667969
2022-04-21,18.52558708190918,64.63021850585938,48.60953140258789,33.69954299926758,124.92281341552734,34.769264221191406,413.4595031738281
2022-04-22,18.21494483947754,64.1231918334961,47.76132583618164,32.8754997253418,119.74689483642578,35.116050720214844,402.1145324707031
2022-04-25,18.21494483947754,63.596290588378906,48.55540084838867,31.788267135620117,117.4375228881836,33.33354568481445,404.4457702636719
2022-04-26,17.716032028198242,61.99570083618164,46.1461181640625,31.831418991088867,116.13457489013672,32.75094223022461,392.7327575683594
2022-04-27,17.93254280090332,63.785186767578125,46.281471252441406,32.2973747253418,117.83293914794922,32.28623962402344,393.8370361328125
2022-04-28,18.00784683227539,64.37173461914062,47.174800872802734,33.276729583740234,121.5980453491211,32.702392578125,403.7850646972656
2022-04-29,17.73486328125,63.854774475097656,45.974674224853516,32.42249298095703,118.4439468383789,32.87578582763672,388.8629455566406
2022-05-02,17.76310157775879,64.60039520263672,47.012367248535156,32.94020080566406,118.61469268798828,32.480445861816406,391.20367431640625
2022-05-03,18.04550552368164,66.69806671142578,47.986915588378906,33.863487243652344,124.18595886230469,34.06180953979492,392.9969482421875
2022-05-04,18.798574447631836,70.13785552978516,50.51349639892578,35.26996994018555,129.2091522216797,34.256011962890625,404.9648742675781
2022-05-05,18.064329147338867,67.0460205078125,47.986915588378906,34.73930740356445,125.84839630126953,34.151973724365234,390.5713195800781
2022-05-06,17.480697631835938,64.39160919189453,46.53413009643555,35.77475357055664,127.4927978515625,34.887168884277344,388.2400207519531
2022-05-09,16.435810089111328,59.56000900268555,42.03141403198242,32.815101623535156,114.33738708496094,33.43064498901367,375.8096618652344
2022-05-10,16.426401138305664,59.967613220214844,41.282466888427734,33.112789154052734,114.89450073242188,33.93696594238281,376.677978515625
2022-05-11,15.946314811706543,57.452396392822266,38.07009506225586,33.557167053222656,115.442626953125,33.902286529541016,370.6940002441406
2022-05-12,15.833353996276855,57.253562927246094,39.450687408447266,33.69954299926758,115.19103240966797,33.2780647277832,370.3070373535156
2022-05-13,16.605247497558594,61.349491119384766,42.8525505065918,34.851478576660156,120.07939910888672,33.541622161865234,379.16021728515625
2022-05-16,16.47346305847168,60.385162353515625,42.22992706298828,35.77043533325195,122.82010650634766,34.19358825683594,377.621826171875
2022-05-17,17.170055389404297,63.616172790527344,45.04525375366211,36.18461990356445,126.39654541015625,34.50570297241211,385.3896789550781
2022-05-18,17.09474754333496,63.4670524597168,44.197044372558594,35.25702667236328,122.23603820800781,32.94514083862305,369.85394287109375
2022-05-19,17.75368881225586,66.33023071289062,45.73104476928711,35.127586364746094,122.18209838867188,32.785614013671875,367.5887756347656
2022-05-20,17.847820281982422,66.79747772216797,44.93696975708008,35.278594970703125,122.90999603271484,32.13365173339844,367.7491760253906
2022-05-23,18.064329147338867,67.37409210205078,45.51447677612305,36.21049880981445,127.95110321044922,32.092037200927734,374.6298522949219
2022-05-24,17.800756454467773,65.92261505126953,43.70075607299805,36.348567962646484,127.53773498535156,32.84803771972656,371.7699890136719
2022-05-25,18.054914474487305,67.01619720458984,44.666263580322266,37.09926223754883,132.66873168945312,33.000633239746094,375.0545349121094
2022-05-26,18.506757736206055,69.31269836425781,46.56120681762695,37.509124755859375,135.6969757080078,34.09648895263672,382.5487060546875
2022-05-27,18.958600997924805,70.86357879638672,49.07875442504883,38.19511795043945,141.1155242919922,33.96470642089844,391.9398498535156
2022-05-31,18.713855743408203,70.68463134765625,48.23054885864258,37.62130355834961,138.9499053955078,34.103424072265625,389.7406921386719
2022-06-01,18.497346878051758,69.80977630615234,46.7326545715332,38.233943939208984,143.48780822753906,34.56813049316406,386.58831787109375
2022-06-02,19.25042152404785,73.63728332519531,49.59309768676758,38.11314392089844,143.52378845214844,34.83169174194336,393.9502868652344
2022-06-03,19.09980583190918,73.2197494506836,48.36589431762695,38.617923736572266,145.2310791015625,34.845558166503906,387.4850158691406
2022-06-06,19.47633934020996,76.34140014648438,49.21410369873047,38.57478332519531,146.49810791015625,33.59017562866211,388.66473388671875
2022-06-07,19.645782470703125,77.10689544677734,49.53894805908203,39.726715087890625,151.9975128173828,33.22951126098633,392.3929748535156
2022-06-08,19.40103530883789,76.06303405761719,49.25922775268555,39.8129997253418,150.69454956054688,33.291934967041016,388.126708984375
2022-06-09,18.870277404785156,74.19400787353516,47.68012237548828,38.93286895751953,148.69969177246094,33.04917907714844,378.8960266113281
2022-06-10,18.529077529907227,73.01097106933594,46.010765075683594,38.272769927978516,146.18360900878906,33.25032043457031,367.90966796875
2022-06-13,17.46756362915039,68.42790222167969,43.023990631103516,36.275211334228516,137.0718536376953,32.369468688964844,353.9407958984375
2022-06-14,17.268531799316406,67.74192810058594,41.96824264526367,36.3442497253418,136.03846740722656,32.64690017700195,352.8742370605469
2022-06-15,17.68555450439453,69.77996063232422,43.57442092895508,35.54178237915039,134.025634765625,33.395973205566406,357.90496826171875
2022-06-16,17.031587600708008,65.82320404052734,40.75007247924805,33.539913177490234,125.51588439941406,32.73706817626953,346.059814453125
2022-06-17,17.64764404296875,69.72029876708984,43.09618377685547,31.706298828125,116.37718200683594,32.30704879760742,346.8057556152344
2022-06-21,18.0836181640625,71.0325927734375,44.273414611816406,33.348880767822266,121.15634155273438,33.069984436035156,355.53607177734375
2022-06-22,17.969886779785156,70.694580078125,43.910072326660156,32.01387023925781,113.89763641357422,32.15446090698242,354.8915100097656
2022-06-23,18.31108856201172,72.60336303710938,45.76311492919922,30.82720947265625,108.96208190917969,32.41108322143555,358.3703308105469
2022-06-24,18.396387100219727,73.33903503417969,45.28169631958008,31.23294448852539,110.27281188964844,32.46657180786133,369.7643127441406
2022-06-27,18.65229034423828,74.60162353515625,45.42702865600586,32.14911651611328,115.31685638427734,32.577545166015625,368.3518981933594
2022-06-28,18.149965286254883,71.78814697265625,43.31963348388672,33.01730728149414,118.3541030883789,33.38209915161133,360.8255310058594
2022-06-29,17.75189781188965,68.9150390625,41.3757438659668,31.869905471801758,112.10782623291016,33.47920227050781,360.5315856933594
2022-06-30,18.055185317993164,70.97294616699219,41.521080017089844,31.198040008544922,108.00389862060547,34.145042419433594,357.6025085449219
2022-07-01,18.31108856201172,71.57938385009766,41.21224594116211,31.66484832763672,109.30558776855469,33.54855728149414,361.384765625
2022-07-05,18.045711517333984,71.20159912109375,41.67551040649414,30.408384323120117,103.33047485351562,32.203006744384766,362.0672607421875
2022-07-06,17.969886779785156,70.64486694335938,41.21224594116211,29.88920783996582,101.5858383178711,32.272369384765625,363.29010009765625
2022-07-07,18.70915412902832,74.58173370361328,43.973655700683594,30.966812133789062,107.3620834350586,32.5151252746582,368.73114013671875
2022-07-08,18.94610023498535,76.23204040527344,44.845680236816406,30.95372772216797,107.05475616455078,32.18913650512695,368.42779541015625
2022-07-11,18.434301376342773,72.62324523925781,42.166015625,30.657054901123047,105.77115631103516,32.071231842041016,364.218994140625
2022-07-12,18.10257911682129,70.19750213623047,42.27503204345703,30.059371948242188,103.26720428466797,32.23768615722656,360.9961242675781
2022-07-13,18.206830978393555,70.70452117919922,42.384033203125,30.011369705200195,104.1259536743164,31.65507698059082,359.1002502441406
2022-07-14,18.131010055541992,70.72440338134766,42.60203170776367,29.444211959838867,102.31805419921875,31.48168182373047,358.2281799316406
2022-07-15,17.827720642089844,69.3027572631836,42.57477951049805,29.924114227294922,104.84910583496094,31.752180099487305,365.0721740722656
2022-07-18,18.187875747680664,70.95306396484375,43.346893310546875,30.60906982421875,107.87734985351562,31.58572006225586,362.05780029296875
2022-07-19,18.519601821899414,72.18582153320312,44.65492248535156,31.551420211791992,112.11686706542969,31.835411071777344,371.8403015136719
2022-07-20,18.623855590820312,72.92149353027344,46.30813980102539,31.856807708740234,115.30781555175781,30.302595138549805,374.21002197265625
2022-07-21,18.58594512939453,72.69284057617188,46.71691131591797,31.298376083374023,112.0535888671875,30.371950149536133,378.0207824707031
2022-07-22,18.481689453125,71.61914825439453,44.58225631713867,31.040985107421875,109.61293029785156,29.622886657714844,374.5134582519531
2022-07-25,18.718631744384766,72.78231048583984,45.07276916503906,32.17966842651367,115.6151351928711,29.78240966796875,374.96844482421875
2022-07-26,18.424821853637695,72.20569610595703,43.737483978271484,31.887351989746094,114.80159759521484,29.484167098999023,370.5321350097656
2022-07-27,19.29677963256836,76.63964080810547,45.817626953125,32.60720443725586,119.31231689453125,29.886442184448242,380.1535949707031
2022-07-28,20.652099609375,82.39581298828125,49.4510612487793,32.790443420410156,119.86372375488281,30.39969825744629,384.92156982421875
2022-07-29,21.125993728637695,85.07010650634766,50.80451965332031,34.21270751953125,123.85918426513672,30.54534912109375,390.5332336425781
2022-08-01,20.860612869262695,82.86307525634766,50.03241729736328,33.50593948364258,121.1925277709961,31.218120574951172,389.3768005371094
2022-08-02,21.125993728637695,83.67827606201172,51.54937744140625,33.427406311035156,121.78005981445312,31.56491470336914,386.8079528808594
2022-08-03,20.68053436279297,81.29230499267578,52.07621765136719,32.46760177612305,118.7156982421875,32.26543426513672,392.86517333984375
2022-08-04,21.078601837158203,82.9724349975586,53.138999938964844,31.26348114013672,113.18352508544922,32.47350311279297,392.5997009277344
2022-08-05,21.239723205566406,84.27477264404297,53.447845458984375,31.88300132751465,116.66373443603516,32.57061004638672,391.9361572265625
2022-08-08,21.334505081176758,84.87127685546875,54.32895278930664,32.04877471923828,117.10665893554688,32.535926818847656,391.4811706542969
2022-08-09,21.410324096679688,85.34846496582031,52.83924102783203,32.611572265625,118.49874114990234,33.194828033447266,389.92657470703125
2022-08-10,22.377059936523438,89.60346221923828,56.27284240722656,32.84716033935547,120.4964828491211,33.82598876953125,398.1166076660156
2022-08-11,22.064294815063477,87.41632080078125,56.03666305541992,33.977108001708984,125.62187194824219,34.19358825683594,398.1166076660156
2022-08-12,22.320194244384766,88.55960083007812,58.87983322143555,34.23451614379883,126.77890014648438,34.42940139770508,404.8563232421875
2022-08-15,22.29176139831543,88.37071228027344,58.41655731201172,33.5670166015625,123.54281616210938,34.40166091918945,406.5246276855469
2022-08-16,22.007427215576172,87.1379623413086,56.990440368652344,33.48848342895508,123.52471160888672,34.75539016723633,407.32098388671875
2022-08-17,21.92212677001953,86.12390899658203,54.982967376708984,33.7677001953125,125.28741455078125,35.7888298034668,404.4297180175781
2022-08-18,21.969512939453125,87.1578369140625,55.78232192993164,34.675148010253906,130.7563018798828,35.761085510253906,405.6051940917969
2022-08-19,21.362937927246094,84.3244857788086,52.657569885253906,34.66643142700195,128.93031311035156,35.823509216308594,400.1546630859375
2022-08-22,21.031213760375977,82.84319305419922,51.48578643798828,34.60098648071289,129.66253662109375,34.16584396362305,391.82244873046875
2022-08-23,21.069124221801758,83.42974090576172,51.9763069152832,35.848731994628906,132.55516052246094,33.60404586791992,390.8744812011719
2022-08-24,21.486146926879883,85.14964294433594,54.38344955444336,36.289371490478516,135.16757202148438,32.910465240478516,392.1258239746094
2022-08-25,21.931602478027344,86.97888946533203,55.346309661865234,36.56858825683594,135.9630584716797,32.50124740600586,397.66162109375
2022-08-26,21.42928123474121,85.21923065185547,53.266178131103516,36.14103698730469,134.69749450683594,32.806427001953125,384.201171875
2022-08-29,21.192338943481445,84.21513366699219,52.357810974121094,36.686370849609375,136.34271240234375,31.786863327026367,381.6607360839844
2022-08-30,20.983823776245117,83.14143371582031,51.503944396972656,35.442996978759766,129.5359649658203,30.441312789916992,377.4709167480469
2022-08-31,21.021739959716797,83.83734893798828,52.23064422607422,35.120155334472656,130.84674072265625,30.358083724975586,374.59869384765625
2022-09-01,20.652099609375,82.30634307861328,50.34125518798828,34.25633239746094,125.75743865966797,30.177751541137695,375.7742004394531
2022-09-02,20.32038116455078,80.36773681640625,49.43289566040039,34.88456726074219,128.722412109375,29.706117630004883,371.8118896484375
2022-09-06,20.53837013244629,81.86891174316406,49.51464080810547,34.56172561645508,126.82410430908203,27.562946319580078,370.408935546875
2022-09-07,21.533536911010742,86.90929412841797,51.776466369628906,34.16035842895508,124.5100326538086,27.528268814086914,377.0633544921875
2022-09-08,21.675704956054688,87.23736572265625,52.19430923461914,34.308677673339844,125.98345947265625,26.772262573242188,379.52789306640625
2022-09-09,21.732568740844727,87.27713775634766,53.111751556396484,35.163780212402344,129.45462036132812,26.758394241333008,385.4239807128906
2022-09-12,21.88421630859375,87.68473815917969,53.765769958496094,35.80946350097656,131.2534637451172,28.506216049194336,389.5664367675781
2022-09-13,21.306068420410156,86.15373992919922,52.39414596557617,34.90637969970703,127.66478729248047,27.49358558654785,372.6270446777344
2022-09-14,21.637794494628906,87.8338623046875,53.92927169799805,35.892356872558594,132.16648864746094,28.187171936035156,374.0489807128906
2022-09-15,21.031213760375977,84.51337432861328,53.0572395324707,34.96746063232422,127.50211334228516,28.284271240234375,369.80224609375
2022-09-16,20.95539093017578,84.48355865478516,52.06713104248047,34.221431732177734,124.03997039794922,28.464601516723633,366.98114013671875
2022-09-19,20.89852523803711,83.7975845336914,52.21076965332031,34.24171447753906,123.99894714355469,27.639240264892578,369.82696533203125
2022-09-20,20.27298927307129,81.18294525146484,50.32616424560547,34.00355529785156,122.22129821777344,27.562946319580078,365.5820007324219
2022-09-21,20.168737411499023,80.75546264648438,49.9602165222168,33.505191802978516,119.65962219238281,26.800004959106445,359.2047424316406
2022-09-22,19.53372573852539,78.01158142089844,47.92009735107422,33.3861083984375,117.60846710205078,26.938722610473633,356.18756103515625
2022-09-23,18.97453498840332,75.25775909423828,45.76103591918945,31.08392906188965,108.12759399414062,25.31574058532715,350.21966552734375
2022-09-26,18.51012420654297,73.9156494140625,45.166378021240234,30.320938110351562,104.68165588378906,25.89834976196289,346.75506591796875
2022-09-27,18.633333206176758,75.47647857666016,45.90742492675781,30.660537719726562,107.39828491210938,25.551559448242188,345.8699035644531
2022-09-28,18.927143096923828,76.87824249267578,47.233951568603516,32.018917083740234,114.44513702392578,25.29493522644043,352.67535400390625
2022-09-29,18.10257911682129,72.84195709228516,44.388755798339844,32.018917083740234,113.70673370361328,25.565431594848633,345.3083190917969
2022-09-30,18.093101501464844,73.17996978759766,44.07769775390625,31.76311492919922,113.69760131835938,25.80124855041504,339.9686279296875
2022-10-03,18.65229034423828,74.92970275878906,45.25786590576172,33.55811309814453,121.02703857421875,26.120296478271484,348.94427490234375
2022-10-04,19.23990821838379,77.9022216796875,47.8469123840332,35.00029373168945,127.37191772460938,26.48789405822754,359.7568664550781
2022-10-05,18.472211837768555,74.8203353881836,46.291656494140625,35.72357940673828,129.7057342529297,26.2520751953125,358.91925048828125
2022-10-06,17.979366302490234,72.71271514892578,45.047454833984375,36.358673095703125,131.59274291992188,26.74452018737793,355.2166748046875
2022-10-07,17.46756362915039,70.63493347167969,42.677978515625,36.07640838623047,129.97918701171875,26.66128921508789,345.3083190917969
2022-10-10,17.391740798950195,69.68053436279297,41.62589645385742,35.335472106933594,127.63631439208984,26.148040771484375,342.6717834472656
2022-10-11,17.2116641998291,68.7162094116211,41.32398986816406,35.0532112121582,125.9406967163086,26.085617065429688,340.50164794921875
2022-10-12,16.77568817138672,66.49922943115234,40.39084243774414,35.335472106933594,127.36284637451172,26.141101837158203,339.37847900390625
2022-10-13,16.965242385864258,67.17525482177734,41.16846466064453,36.77764892578125,132.03030395507812,26.94565773010254,348.33502197265625
2022-10-14,16.624042510986328,65.61443328857422,39.43023681640625,35.406036376953125,125.4666748046875,26.44628143310547,340.3969421386719
2022-10-17,16.927331924438477,66.22087097167969,40.592105865478516,35.84706497192383,128.456787109375,26.480958938598633,349.1441345214844
2022-10-18,17.363309860229492,68.06005859375,41.11357879638672,36.16020202636719,129.7239532470703,26.598865509033203,353.2464294433594
2022-10-19,16.85150909423828,65.7138442993164,40.1895751953125,37.227500915527344,133.04225158691406,26.10642433166504,350.7431945800781
2022-10-20,16.709341049194336,64.98812103271484,39.00026321411133,37.262786865234375,131.59274291992188,25.995450973510742,347.8020324707031
2022-10-21,17.003154754638672,66.16122436523438,39.75044631958008,38.338897705078125,134.5464324951172,26.84855842590332,356.2541809082031
2022-10-24,16.87046241760254,64.48109436035156,39.00026321411133,38.51972198486328,134.58287048339844,27.708599090576172,360.6134338378906
2022-10-25,17.37278938293457,67.59280395507812,41.55270004272461,38.559417724609375,135.70419311523438,28.991724014282227,366.3719482421875
2022-10-26,17.827720642089844,70.41621398925781,41.671634674072266,39.08424758911133,137.8191375732422,29.005598068237305,363.61163330078125
2022-10-27,17.913021087646484,71.1717758178711,41.36973190307617,39.225379943847656,136.6978302001953,30.094518661499023,361.6699523925781
2022-10-28,17.88458824157715,70.4659194946289,41.40633010864258,39.36209487915039,136.0779571533203,30.462116241455078,370.2743225097656
2022-10-31,17.90354347229004,70.86357879638672,42.2022590637207,39.69287872314453,137.9193878173828,30.094518661499023,367.5997314453125
2022-11-01,17.931976318359375,71.33084106445312,42.0101318359375,40.07657241821289,139.66062927246094,29.269161224365234,365.9912109375
2022-11-02,17.65711784362793,69.52147674560547,40.04319763183594,39.11071014404297,135.9867706298828,28.85994529724121,356.80621337890625
2022-11-03,18.02675437927246,72.09634399414062,40.62871170043945,39.83400344848633,139.08628845214844,28.52702522277832,353.1322326660156
2022-11-04,18.159442901611328,71.9372787475586,41.1776237487793,40.31913375854492,141.7755889892578,29.026405334472656,358.2148742675781
2022-11-07,17.969886779785156,70.99283599853516,40.555519104003906,41.01155471801758,146.06932067871094,29.38013458251953,361.6414489746094
2022-11-08,18.405866622924805,73.45833587646484,41.067832946777344,41.051246643066406,145.12123107910156,29.054147720336914,363.5926208496094
2022-11-09,18.320568084716797,74.15424346923828,39.384498596191406,39.0445556640625,135.5765380859375,28.103939056396484,356.10186767578125
2022-11-10,19.581111907958984,81.00399780273438,43.3549690246582,39.91338348388672,140.6542510986328,28.589447021484375,375.671142578125
2022-11-11,19.382080078125,79.01568603515625,44.5076904296875,41.07329559326172,145.07565307617188,29.525781631469727,379.3070373535156
2022-11-14,19.21147918701172,78.78702545166016,43.78495788574219,41.06006622314453,142.96070861816406,29.2275447845459,376.0804443359375
2022-11-15,19.562156677246094,81.34201049804688,44.73640441894531,41.49229049682617,146.4248504638672,29.678373336791992,379.2879943847656
2022-11-16,19.35364532470703,81.06365203857422,43.26348114013672,40.6454963684082,142.19493103027344,28.97785186767578,376.3945007324219
2022-11-17,19.448423385620117,82.13734436035156,42.86094665527344,40.73370361328125,141.8940887451172,28.610258102416992,375.24285888671875
2022-11-18,19.41999053955078,81.03382873535156,42.35778045654297,40.4117546081543,140.3260955810547,28.44379425048828,376.946533203125
2022-11-21,19.277822494506836,80.3379135131836,41.55270004272461,39.8648681640625,137.65504455566406,28.721229553222656,375.57598876953125
2022-11-22,19.524246215820312,81.0139389038086,41.93694305419922,41.11298751831055,143.24330139160156,28.714296340942383,380.630126953125
2022-11-23,19.732755661010742,81.86891174316406,42.8426628112793,40.66755294799805,140.9733428955078,29.269161224365234,383.02862548828125
2022-11-25,19.71380043029785,82.00809478759766,42.8701057434082,40.517601013183594,140.98245239257812,30.011289596557617,382.9429626464844
2022-11-28,19.35364532470703,79.98995208740234,40.839115142822266,39.40620040893555,135.80447387695312,29.39400291442871,376.83233642578125
2022-11-29,19.249387741088867,79.02561950683594,40.82997512817383,40.00159454345703,137.40892028808594,30.129196166992188,376.18511962890625
2022-11-30,20.05500030517578,83.48939514160156,43.15370178222656,40.20005416870117,138.6760711669922,31.4053897857666,388.0351867675781
2022-12-01,19.865447998046875,81.02388000488281,42.101627349853516,40.067745208740234,135.91383361816406,31.807666778564453,387.7496643066406
2022-12-02,20.159257888793945,83.27068328857422,43.1994514465332,39.82958984375,134.77432250976562,32.57061004638672,387.3023376464844
2022-12-05,19.903356552124023,81.42154693603516,41.927799224853516,38.64762496948242,128.52061462402344,32.26543426513672,380.3350524902344
2022-12-06,19.48633575439453,78.62796020507812,39.9974479675293,37.62883758544922,124.96525573730469,32.45269775390625,374.85260009765625
2022-12-07,19.41051483154297,78.00164031982422,39.51258087158203,37.54063034057617,123.88043212890625,32.5151252746582,374.2148742675781
2022-12-08,19.562156677246094,78.62796020507812,39.89681625366211,37.37303924560547,121.06351470947266,32.702392578125,377.1464538574219
2022-12-09,19.505290985107422,78.16071319580078,39.3753547668457,36.46451187133789,118.7935791015625,32.50818634033203,374.3290710449219
2022-12-12,19.685367584228516,78.99580383300781,39.56747055053711,37.42155075073242,123.29698181152344,33.111602783203125,379.725830078125
2022-12-13,19.91892433166504,80.6759262084961,40.26275634765625,38.131614685058594,125.51220703125,33.12547302246094,382.600341796875
2022-12-14,20.146787643432617,82.24669647216797,40.48231887817383,37.89786911010742,124.85585021972656,32.522056579589844,380.1541748046875
2022-12-15,19.72904396057129,79.771240234375,39.56747055053711,37.668540954589844,125.37548065185547,32.244625091552734,370.8549499511719
2022-12-16,19.37775230407715,77.97181701660156,38.954524993896484,37.205448150634766,123.21495819091797,31.856216430664062,366.4765625
2022-12-19,19.168880462646484,76.94783782958984,37.20521545410156,37.20099639892578,121.22272491455078,31.849281311035156,363.36895751953125
2022-12-20,19.140399932861328,76.36128234863281,36.78738784790039,37.762413024902344,122.49882507324219,32.45963668823242,363.8661804199219
2022-12-21,19.415733337402344,77.96187591552734,37.372352600097656,38.479801177978516,125.61112976074219,32.15446090698242,369.3069763183594
2022-12-22,19.08343505859375,75.41683197021484,36.02601623535156,37.593109130859375,121.65421295166016,32.5151252746582,364.038330078125
2022-12-23,18.978994369506836,74.42267608642578,35.691749572753906,38.79169845581055,126.34558868408203,32.5914192199707,366.1324462890625
2022-12-27,18.760629653930664,72.653076171875,34.15043258666992,39.206077575683594,127.17181396484375,32.41802215576172,364.6885681152344
2022-12-28,18.570743560791016,71.4103775024414,33.72331619262695,38.32829666137695,121.52568817138672,31.687482833862305,360.15625
2022-12-29,18.86506462097168,72.653076171875,35.1439323425293,38.729312896728516,124.14218139648438,31.459453582763672,366.6391906738281
2022-12-30,18.84607696533203,72.5138931274414,35.5896110534668,38.974388122558594,124.74813079833984,30.800708770751953,365.6733703613281
2023-01-03,18.637203216552734,71.74838256835938,34.70753479003906,37.60646438598633,117.77073669433594,30.750032424926758,364.134033203125
2023-01-04,18.789112091064453,72.87178802490234,35.8774528503418,37.602020263671875,118.18388366699219,29.27207374572754,366.94512939453125
2023-01-05,18.399845123291016,70.4957504272461,35.04180145263672,38.28820037841797,118.35832214355469,29.51699447631836,362.7570495605469
2023-01-06,18.87455940246582,73.43846130371094,35.914588928222656,39.01448059082031,120.78202056884766,29.491655349731445,371.07586669921875
2023-01-09,19.035961151123047,74.27355194091797,37.00094223022461,38.8763542175293,122.01226043701172,30.403772354125977,370.8654479980469
2023-01-10,19.32078742980957,76.5899429321289,38.2080078125,39.15260696411133,122.4253921508789,30.378435134887695,373.46630859375
2023-01-11,19.880952835083008,79.74141693115234,39.77717971801758,39.272911071777344,123.38019561767578,29.981494903564453,378.1898498535156
2023-01-12,20.175270080566406,81.20283508300781,40.937801361083984,40.021480560302734,127.02495574951172,30.479778289794922,379.5667724609375
2023-01-13,20.146787643432617,81.26248168945312,41.24421310424805,40.079402923583984,127.69515228271484,30.361543655395508,381.0392761230469
2023-01-17,20.279705047607422,81.80927276611328,41.39276885986328,40.164058685302734,128.30105590820312,30.336206436157227,380.34124755859375
2023-01-18,20.042354583740234,81.31219482421875,41.337066650390625,39.428863525390625,125.79474639892578,31.31588363647461,374.33648681640625
2023-01-19,19.36825942993164,77.50456237792969,39.5357666015625,39.91899108886719,128.24600219726562,31.46790313720703,371.6112976074219
2023-01-20,19.558143615722656,79.0057373046875,40.714969635009766,40.3155517578125,130.09133911132812,31.636808395385742,378.53411865234375
2023-01-23,19.90943145751953,81.13323974609375,42.655540466308594,40.3690299987793,131.96421813964844,31.484792709350586,383.0760192871094
2023-01-24,19.757524490356445,80.20867156982422,42.06129455566406,40.213077545166016,130.54119873046875,30.927391052246094,382.664794921875
2023-01-25,19.59612274169922,78.73731231689453,41.745601654052734,40.217525482177734,130.4034881591797,31.501680374145508,382.80828857421875
2023-01-26,19.586626052856445,79.01568603515625,41.448486328125,41.487422943115234,133.5341033935547,32.751617431640625,387.01544189453125
2023-01-27,19.49168586730957,79.68177032470703,42.971229553222656,40.649742126464844,131.71636962890625,32.53203201293945,387.9046325683594
2023-01-30,19.140399932861328,77.76304626464844,41.21635818481445,39.71849060058594,127.45646667480469,32.52358627319336,383.0377197265625
2023-01-31,19.69106101989746,80.32797241210938,42.7576789855957,40.07049560546875,129.42115783691406,33.401920318603516,388.6697082519531
2023-02-01,19.89044189453125,82.14727783203125,43.64903259277344,39.281822204589844,126.41901397705078,34.39848709106445,392.8003234863281
2023-02-02,19.767017364501953,81.22270965576172,44.763248443603516,38.38622283935547,124.45436096191406,33.6468391418457,398.5183410644531
2023-02-03,19.254331588745117,79.26422882080078,43.6397590637207,38.30156326293945,123.89431762695312,33.67217254638672,394.28240966796875
2023-02-06,19.19736099243164,78.69755554199219,42.841243743896484,38.127784729003906,121.4247055053711,32.80229187011719,391.872802734375
2023-02-07,19.187868118286133,78.45895385742188,42.80410385131836,39.36648178100586,126.32725524902344,32.5995979309082,396.99798583984375
2023-02-08,19.035961151123047,77.564208984375,42.10771942138672,39.01448059082031,124.79402923583984,32.44757843017578,392.6568908691406
2023-02-09,18.713153839111328,75.95367431640625,41.00279998779297,38.680301666259766,122.84773254394531,32.72627639770508,389.2528991699219
2023-02-10,18.684675216674805,75.43671417236328,40.306419372558594,40.195255279541016,129.2650604248047,32.99653625488281,390.1612548828125
2023-02-13,18.86506462097168,76.62970733642578,40.5571174621582,40.092769622802734,128.3653564453125,32.886741638183594,394.7414245605469
2023-02-14,18.732145309448242,76.08291625976562,41.17921829223633,40.106136322021484,129.10903930664062,32.641822814941406,394.5597229003906
2023-02-15,19.130903244018555,78.57825469970703,43.184791564941406,39.42441177368164,126.98822784423828,33.25834655761719,395.84100341796875
2023-02-16,18.61821746826172,75.78467559814453,41.72703552246094,39.03676223754883,125.31733703613281,33.967769622802734,390.39080810546875
2023-02-17,18.627710342407227,75.25775909423828,41.262779235839844,37.646575927734375,119.91905975341797,33.72284698486328,389.41552734375
2023-02-21,18.33338737487793,73.65716552734375,39.41505432128906,37.45942687988281,118.1287841796875,34.56739807128906,381.60345458984375
2023-02-22,18.257431030273438,73.65716552734375,39.572906494140625,37.209903717041016,118.00025939941406,33.477928161621094,381.0775451660156
2023-02-23,18.31439781188965,74.21389770507812,40.1392936706543,37.77132797241211,121.54402923583984,33.697513580322266,383.1046447753906
2023-02-24,17.972606658935547,72.16592407226562,38.83010482788086,37.72231674194336,123.20579528808594,33.73973846435547,379.0121765136719
2023-02-27,18.27642250061035,73.78640747070312,39.73074722290039,37.83370590209961,123.9126968383789,34.55895233154297,380.30303955078125
2023-02-28,18.228952407836914,73.85600280761719,39.86074447631836,37.29011535644531,122.07652282714844,34.2464714050293,378.8974914550781
2023-03-01,18.494789123535156,76.10279846191406,39.350059509277344,38.025306701660156,124.8490982055664,34.00999450683594,377.4440612792969
2023-03-02,18.399845123291016,75.80455780029297,39.145790100097656,38.35948181152344,126.5567398071289,33.26679229736328,380.3795471191406
2023-03-03,18.77961540222168,77.74315643310547,40.58497619628906,38.88081359863281,129.5772247314453,33.233009338378906,386.47998046875
2023-03-06,18.941020965576172,79.25428009033203,40.06501007080078,38.89863204956055,127.05250549316406,33.233009338378906,386.7477111816406
2023-03-07,18.74163818359375,78.31977081298828,39.0807991027832,38.22136306762695,124.9317398071289,33.61305236816406,380.8193664550781
2023-03-08,18.760629653930664,77.89228057861328,39.0900764465332,37.829254150390625,123.00377655029297,34.20423889160156,381.44091796875
2023-03-09,18.475801467895508,76.57005310058594,37.89231491088867,37.294559478759766,119.9832992553711,34.618072509765625,374.4033508300781
2023-03-10,18.200469970703125,74.62149810791016,36.62025451660156,36.81780242919922,117.5503921508789,35.09946823120117,369.0009460449219
2023-03-13,18.29541015625,74.69109344482422,36.388126373291016,36.06923294067383,113.96991729736328,33.95087814331055,368.4750061035156
2023-03-14,18.494789123535156,75.17823028564453,36.40670394897461,36.425689697265625,114.7043685913086,33.401920318603516,374.5659484863281
2023-03-15,18.058053970336914,72.80220031738281,35.032508850097656,34.46962356567383,107.44239044189453,32.135093688964844,372.2232971191406
2023-03-16,18.00108528137207,71.82791900634766,35.459625244140625,34.843910217285156,110.39859771728516,31.75504493713379,378.75396728515625
2023-03-17,17.393457412719727,69.0045166015625,34.16899490356445,34.29585266113281,108.02079010009766,31.839502334594727,374.32537841796875
2023-03-20,17.64980125427246,70.09808349609375,34.123878479003906,34.98244094848633,110.53280639648438,31.890172958374023,377.9247131347656
2023-03-21,18.048561096191406,73.64723205566406,35.80657196044922,36.19354248046875,114.38323211669922,32.77695083618164,382.8870544433594
2023-03-22,17.76373291015625,72.06651306152344,34.659706115722656,35.42366409301758,111.310302734375,32.5995979309082,376.3602294921875
2023-03-23,17.896652221679688,73.15015411376953,34.866512298583984,34.93290710449219,109.66276550292969,33.545494079589844,377.3775939941406
2023-03-24,17.82069969177246,72.55365753173828,34.612701416015625,35.06798553466797,110.81048583984375,32.09286880493164,379.85400390625
2023-03-27,17.83968734741211,72.49400329589844,34.73490905761719,35.81536102294922,113.92044067382812,32.27867126464844,380.5642395019531
2023-03-28,17.83968734741211,72.1361083984375,34.80072021484375,36.3691291809082,115.41063690185547,32.67560577392578,379.7100524902344
2023-03-29,18.19097137451172,73.76652526855469,36.032188415527344,36.873390197753906,116.7249526977539,32.86140823364258,385.22900390625
2023-03-30,18.494789123535156,75.3074722290039,36.718421936035156,37.03546905517578,116.62312316894531,33.249900817871094,387.484619140625
2023-03-31,18.77961540222168,77.1764907836914,37.98749542236328,37.29209518432617,118.09479522705078,33.48637771606445,392.9461364746094
2023-04-03,18.570743560791016,75.91390991210938,36.96284103393555,38.98044204711914,123.91669464111328,34.58428955078125,394.4434814453125
2023-04-04,18.475801467895508,75.38700866699219,36.23899841308594,38.273582458496094,121.06591796875,34.254913330078125,392.2550048828125
2023-04-05,18.2099609375,73.25951385498047,34.91352081298828,38.8498649597168,122.23213195800781,34.609622955322266,391.2279968261719
2023-04-06,18.24793815612793,73.24956512451172,34.83831787109375,38.26008224487305,120.51057434082031,34.49138641357422,392.7541809082031
2023-04-10,18.428329467773438,74.75074005126953,35.42115020751953,38.566226959228516,123.10218811035156,34.40693283081055,393.1572570800781
2023-04-11,18.48529624938965,75.27764892578125,36.154388427734375,38.93091583251953,124.80525970458984,34.651851654052734,393.2628173828125
2023-04-12,18.43782615661621,74.2039566040039,35.345943450927734,38.95792770385742,123.787109375,34.66029739379883,391.6598815917969
2023-04-13,18.789112091064453,76.54022979736328,35.94757843017578,39.2010498046875,124.5275650024414,34.4660530090332,396.8622131347656
2023-04-14,18.599224090576172,75.88408660888672,35.3553466796875,39.27308654785156,124.41651916503906,34.31403732299805,395.8927917480469
2023-04-17,18.903039932250977,77.9022216796875,35.93818283081055,38.809349060058594,122.18585968017578,33.97621536254883,397.3133544921875
2023-04-18,18.8935489654541,77.9419937133789,35.28014373779297,38.962425231933594,121.76934814453125,34.668739318847656,397.5724792480469
2023-04-19,18.77961540222168,77.32561492919922,34.82891082763672,38.827354431152344,120.39949798583984,34.4660530090332,397.5052795410156
2023-04-20,18.760629653930664,77.1764907836914,34.2930908203125,38.48519515991211,118.49281311035156,33.731292724609375,395.33612060546875
2023-04-21,18.798606872558594,77.2659683227539,34.18028259277344,38.26008224487305,117.46540069580078,33.435707092285156,395.64324951171875
2023-04-24,18.798606872558594,77.2261962890625,34.678504943847656,38.84537124633789,119.62201690673828,33.148555755615234,396.0560302734375
2023-04-25,18.428329467773438,75.17823028564453,33.50344467163086,38.116004943847656,115.71604919433594,32.456024169921875,389.7690734863281
2023-04-26,17.668790817260742,71.0325927734375,32.422386169433594,37.60725021362305,113.69829559326172,32.43069076538086,388.1181335449219
2023-04-27,17.982101440429688,72.32499694824219,33.089820861816406,37.7423210144043,114.57760620117188,32.751617431640625,395.84478759765625
2023-04-28,17.76373291015625,71.5694351196289,33.306034088134766,38.327606201171875,117.65052795410156,32.89519500732422,399.2234191894531
2023-05-01,17.583341598510742,70.71446228027344,32.54458999633789,37.8953971862793,116.8267593383789,32.396907806396484,398.8203125
2023-05-02,17.260540008544922,68.40802001953125,31.989961624145508,36.24757766723633,111.43987274169922,32.97964096069336,394.3379211425781
2023-05-03,17.241548538208008,68.30860137939453,32.365989685058594,35.563232421875,109.2647705078125,32.26177978515625,391.6311340332031
2023-05-04,17.355480194091797,67.87116241455078,31.989961624145508,35.167030334472656,107.62650299072266,31.90706443786621,388.85723876953125
2023-05-05,17.687774658203125,69.79983520507812,33.4094352722168,36.12151336669922,111.3750991821289,32.10976028442383,396.0560302734375
2023-05-08,17.64030647277832,69.54135131835938,33.65385437011719,36.12151336669922,111.6805419921875,32.11820602416992,396.1614990234375
2023-05-09,17.535869598388672,68.84544372558594,33.44704055786133,36.13501739501953,111.06964111328125,32.46446990966797,394.42425537109375
2023-05-10,17.64030647277832,69.48170471191406,33.89827346801758,35.725311279296875,110.43098449707031,33.004981994628906,396.26715087890625
2023-05-11,17.56435203552246,69.40216827392578,33.87946701049805,35.297603607177734,109.14444732666016,32.684051513671875,395.5760192871094
2023-05-12,18.105525970458984,71.51972961425781,33.73845672607422,35.351627349853516,110.16258239746094,32.658714294433594,395.05767822265625
2023-05-15,18.26692771911621,72.26535034179688,34.45289611816406,35.53171157836914,112.24512481689453,32.23644256591797,396.4206848144531
2023-05-16,17.88715934753418,70.57527923583984,33.55984878540039,34.658287048339844,109.04263305664062,32.48980712890625,393.77154541015625
2023-05-17,17.991594314575195,71.24137115478516,34.70670700073242,35.32461166381836,111.43061828613281,32.422245025634766,398.55157470703125
2023-05-18,17.7827205657959,70.35655975341797,34.368289947509766,35.58124542236328,113.6705322265625,32.71783447265625,402.3908996582031
2023-05-19,17.687774658203125,69.70042419433594,33.75725555419922,35.85588073730469,113.88340759277344,32.71783447265625,401.805419921875
2023-05-22,17.877662658691406,70.92323303222656,35.11093521118164,35.707298278808594,115.86416625976562,32.227996826171875,401.9685363769531
2023-05-23,17.706768035888672,70.72440338134766,35.14853286743164,36.089996337890625,116.16033935546875,31.6452579498291,397.45733642578125
2023-05-24,17.630813598632812,70.4062728881836,34.377689361572266,36.24757766723633,116.77122497558594,31.43412208557129,394.57781982421875
2023-05-25,17.6118221282959,70.20745086669922,33.851261138916016,35.603755950927734,113.6242446899414,31.020288467407227,397.9948425292969
2023-05-26,17.56435203552246,70.35655975341797,34.26488494873047,35.46418762207031,113.23550415039062,30.969614028930664,403.149169921875
2023-05-30,17.602333068847656,70.39633178710938,34.88531494140625,35.0994987487793,110.99560546875,30.49666976928711,403.302734375
2023-05-31,17.412445068359375,69.57118225097656,34.39649200439453,34.48269271850586,109.3017807006836,30.488224029541016,401.0663757324219
2023-06-01,17.72575569152832,71.06242370605469,34.97932434082031,34.910404205322266,110.11629486083984,30.302425384521484,404.876953125
2023-06-02,17.82069969177246,71.64896392822266,35.60915756225586,35.972930908203125,114.64237976074219,30.07439613342285,410.7318420410156
2023-06-05,17.754240036010742,71.39048767089844,35.42115020751953,35.734317779541016,113.04113006591797,30.994956970214844,409.94476318359375
2023-06-06,17.76373291015625,70.82381439208984,36.54921340942383,36.022457122802734,115.23475646972656,30.589570999145508,410.8374328613281
2023-06-07,17.711164474487305,70.6051025390625,36.97223663330078,36.97693634033203,119.47393035888672,31.206092834472656,409.41680908203125
2023-06-08,17.758953094482422,70.4062728881836,36.4740104675293,36.81935501098633,118.8537826538086,31.408782958984375,411.89324951171875
2023-06-09,17.68248748779297,69.97879028320312,36.135589599609375,36.616764068603516,117.817138671875,32.008419036865234,412.63232421875
2023-06-12,17.8736515045166,71.1220703125,37.02865219116211,36.26557922363281,115.84563446044922,32.72627639770508,416.3756103515625
2023-06-13,17.892765045166016,71.88756561279297,38.410518646240234,36.436668395996094,117.04890441894531,33.35124969482422,419.1206970214844
2023-06-14,17.7493953704834,71.20159912109375,37.59266662597656,36.06298065185547,115.41986083984375,34.212684631347656,419.6198425292969
2023-06-15,18.0361385345459,72.7723617553711,38.137901306152344,36.45918273925781,117.72457122802734,34.609622955322266,424.8221435546875
2023-06-16,17.930999755859375,72.3647689819336,37.470458984375,36.405155181884766,118.23363494873047,34.20423889160156,423.3751525878906
2023-06-20,17.558231353759766,70.08814239501953,36.78824996948242,35.59033203125,115.36602020263672,34.736305236816406,421.1785888671875
2023-06-21,17.4626522064209,69.23316955566406,36.248924255371094,35.87193298339844,116.53990173339844,34.16201400756836,419.0205383300781
2023-06-22,17.281047821044922,68.52731323242188,35.643348693847656,35.3904914855957,114.33190155029297,34.069114685058594,420.5331115722656
2023-06-23,16.994306564331055,67.64251708984375,34.763389587402344,35.136146545410156,113.36299896240234,32.9712028503418,417.3538818359375
2023-06-26,17.03253746032715,68.0103530883789,34.66876983642578,35.76747131347656,115.1144790649414,32.5995979309082,415.6487121582031
2023-06-27,17.185468673706055,68.79573059082031,35.539268493652344,35.84922409057617,115.73869323730469,33.32590866088867,420.2055969238281
2023-06-28,17.233259201049805,69.22322082519531,36.58955001831055,36.21257400512695,117.05230712890625,33.160240173339844,420.4175109863281
2023-06-29,17.15679359436035,68.51737213134766,37.37489700317383,36.630428314208984,119.31623077392578,32.92230987548828,422.0745849609375
2023-06-30,17.58690643310547,71.00276184082031,37.96154022216797,36.866607666015625,120.02427673339844,33.41579055786133,427.0553283691406
2023-07-03,17.58690643310547,71.00276184082031,38.45357131958008,36.95290756225586,120.19195556640625,33.15142822265625,427.5466613769531
2023-07-05,17.309722900390625,69.38229370117188,38.62387466430664,36.74851989746094,119.6236572265625,32.490516662597656,426.91082763671875
2023-07-06,16.9178409576416,66.96649169921875,37.242427825927734,35.9218864440918,116.61444091796875,32.49932861328125,423.56787109375
2023-07-07,17.118560791015625,67.65245819091797,38.529258728027344,36.69401550292969,119.92179107666016,32.640323638916016,422.4984436035156
2023-07-10,17.34795379638672,68.96475219726562,40.033721923828125,36.98015213012695,120.93727111816406,32.92230987548828,423.56787109375
2023-07-11,17.414859771728516,68.95480346679688,40.15671920776367,37.79315948486328,123.93717956542969,33.116180419921875,426.26531982421875
2023-07-12,17.806743621826172,70.90335845947266,40.781219482421875,38.14289093017578,124.38439178466797,33.07211685180664,429.695068359375
2023-07-13,18.055253982543945,71.69867706298828,41.07453918457031,37.99754333496094,124.71049499511719,33.60966491699219,433.1054382324219
2023-07-14,17.79718589782715,70.3068618774414,39.57008361816406,36.99378204345703,120.24786376953125,33.75065612792969,432.835693359375
2023-07-17,18.198627471923828,73.12033081054688,41.09346008300781,36.921112060546875,120.76026916503906,33.9180908203125,434.3386535644531
2023-07-18,18.08392906188965,72.46417999267578,41.348934173583984,37.29355239868164,124.15143585205078,34.20888900756836,437.5660095214844
2023-07-19,18.14127540588379,72.58348083496094,40.961002349853516,37.51156234741211,124.78499603271484,34.43800735473633,438.53900146484375
2023-07-20,17.902324676513672,71.02265167236328,40.232421875,37.952125549316406,126.10791778564453,34.59662628173828,435.62957763671875
2023-07-21,17.911884307861328,70.73434448242188,39.674156188964844,38.288230895996094,126.77871704101562,34.85218048095703,435.62957763671875
2023-07-24,17.892765045166016,70.50568389892578,39.81609344482422,38.905921936035156,128.837646484375,34.46444320678711,437.5756530761719
2023-07-25,17.902324676513672,70.62499237060547,39.39976501464844,39.11030197143555,129.2662353515625,34.70237350463867,438.7702941894531
2023-07-26,17.816301345825195,69.61094665527344,39.7877082824707,39.123931884765625,129.6388702392578,34.76405715942383,438.8376770019531
2023-07-27,17.3957462310791,67.73198699951172,38.77527618408203,38.87413024902344,128.69793701171875,34.905052185058594,435.9281921386719
2023-07-28,17.37662696838379,67.8612289428711,39.98640823364258,38.99222183227539,131.28790283203125,34.561378479003906,440.19610595703125
2023-07-31,17.472209930419922,68.13959503173828,41.23539733886719,39.732547760009766,133.25367736816406,34.244136810302734,441.0342712402344
2023-08-01,17.22369956970215,66.6682357788086,40.76228713989258,39.546329498291016,132.8157958984375,33.38054656982422,439.7721862792969
2023-08-02,16.516399383544922,63.00973892211914,38.8509635925293,39.0285530090332,130.6543731689453,32.72844314575195,433.6546325683594
2023-08-03,16.46860694885254,63.258277893066406,38.80366516113281,39.42369842529297,133.3748321533203,32.91349411010742,432.411865234375
2023-08-04,16.3443546295166,62.35359573364258,38.10346984863281,39.47820281982422,134.3809814453125,33.036869049072266,430.4561462402344
2023-08-07,16.258331298828125,61.84657287597656,37.592525482177734,39.52362060546875,135.1262969970703,32.904685974121094,434.21337890625
2023-08-08,16.239215850830078,61.67756652832031,37.57360076904297,39.71892547607422,136.38401794433594,33.265987396240234,432.3251037597656
2023-08-09,16.401702880859375,63.029624938964844,37.19511795043945,40.21854019165039,138.20071411132812,33.25717544555664,429.4349060058594
2023-08-10,16.191425323486328,62.413238525390625,36.41923522949219,40.2139892578125,137.0175323486328,33.301239013671875,429.58905029296875
2023-08-11,16.114959716796875,61.4588508605957,36.0975341796875,40.83169174194336,138.6385955810547,33.66253662109375,429.3385925292969
2023-08-14,16.10540199279785,61.657684326171875,36.002906799316406,40.659095764160156,137.66970825195312,33.6360969543457,431.7085266113281
2023-08-15,15.627495765686035,59.231937408447266,34.93370056152344,39.81430435180664,135.08900451660156,33.39817428588867,426.67962646484375
2023-08-16,15.455450057983398,57.85005569458008,33.9969596862793,39.469120025634766,134.4834747314453,33.777095794677734,423.5485534667969
2023-08-17,15.264287948608398,56.93543243408203,33.27784729003906,39.94148254394531,136.35609436035156,33.89165115356445,420.3211669921875
2023-08-18,15.254731178283691,56.67695236206055,33.39139938354492,40.33661651611328,137.78146362304688,33.803531646728516,420.5234375
2023-08-21,15.226055145263672,56.05063247680664,33.6090202331543,40.082275390625,137.93055725097656,33.90927505493164,423.25958251953125
2023-08-22,15.178265571594238,55.464080810546875,33.315704345703125,39.77342224121094,136.52374267578125,34.28820037841797,422.1131286621094
2023-08-23,15.426775932312012,56.428409576416016,33.81718826293945,39.673500061035156,135.13560485839844,34.2970085144043,426.814453125
2023-08-24,15.159149169921875,55.17577362060547,32.77635955810547,39.40099334716797,134.25050354003906,33.32767105102539,420.8992614746094
2023-08-25,15.331195831298828,55.84185791015625,33.315704345703125,39.78251647949219,135.98342895507812,33.37173080444336,423.86651611328125
2023-08-28,15.378985404968262,56.150047302246094,33.75094985961914,40.05047607421875,136.7753143310547,33.28361129760742,426.55438232421875
2023-08-29,15.809103012084961,58.37696075439453,35.0283203125,40.159488677978516,137.46473693847656,33.45985794067383,432.7201232910156
2023-08-30,15.465010643005371,57.93952941894531,34.697147369384766,40.35932922363281,138.3964080810547,33.78590774536133,434.50238037109375
2023-08-31,15.369427680969238,57.88982391357422,34.36598587036133,40.38658142089844,138.51747131347656,33.6360969543457,433.8665466308594
2023-09-01,15.359869956970215,58.06877136230469,34.763389587402344,41.21320724487305,141.9366455078125,33.38054656982422,434.67578125
2023-09-05,15.120917320251465,57.68104934692383,34.46059799194336,41.43122100830078,141.1447296142578,32.887062072753906,432.7972106933594
2023-09-06,14.862847328186035,56.478118896484375,33.74148941040039,41.44938659667969,141.1074676513672,32.79894256591797,429.8876953125
2023-09-07,14.757708549499512,55.23542404174805,33.13591766357422,41.40850830078125,141.09815979003906,32.70200729370117,428.5678405761719
2023-09-08,14.767267227172852,55.245361328125,33.01291275024414,41.808204650878906,142.71920776367188,32.36714172363281,429.21331787109375
2023-09-11,14.843731880187988,55.4044303894043,33.1832275390625,41.25862503051758,139.91494750976562,32.48170471191406,432.0361328125
2023-09-12,14.939313888549805,56.45823669433594,33.34408950805664,42.230594635009766,143.29685974121094,32.22615051269531,429.6661071777344
2023-09-13,14.805499076843262,55.29507064819336,32.766902923583984,41.912654876708984,141.6385498046875,32.92230987548828,430.1670837402344
2023-09-14,15.168707847595215,56.76642608642578,33.580631256103516,42.40318298339844,142.33724975585938,32.59626388549805,433.87615966796875
2023-09-15,14.958430290222168,55.59331512451172,33.107540130615234,41.79003143310547,139.91494750976562,32.314266204833984,428.6487121582031
2023-09-18,14.748151779174805,53.92313766479492,32.196075439453125,42.1441650390625,139.95425415039062,31.979408264160156,428.90008544921875
2023-09-19,14.805499076843262,54.281028747558594,32.00579071044922,41.75067901611328,138.4091339111328,32.08515167236328,428.0105895996094
2023-09-20,14.834174156188965,54.22138214111328,31.492023468017578,41.36177062988281,136.28334045410156,32.40239334106445,424.0758056640625
2023-09-21,14.547430038452148,53.27693176269531,30.331289291381836,40.7944221496582,134.70074462890625,32.64913558959961,417.06646728515625
2023-09-22,14.423175811767578,52.51142883300781,29.912662506103516,40.8630485534668,134.30743408203125,32.98399353027344,416.12872314453125
2023-09-25,14.318035125732422,52.26288604736328,29.998292922973633,41.37549591064453,136.77967834472656,32.63151168823242,417.87860107421875
2023-09-26,14.031293869018555,51.437740325927734,29.63675308227539,41.1375846862793,136.18971252441406,32.07634353637695,411.73944091796875
2023-09-27,13.945272445678711,51.378089904785156,29.741409301757812,42.16246795654297,140.21646118164062,31.723857879638672,411.9037780761719
2023-09-28,13.973943710327148,51.54709243774414,29.912662506103516,42.208221435546875,140.97503662109375,32.06753158569336,414.2917785644531
2023-09-29,13.973943710327148,51.48744583129883,29.903148651123047,41.35719680786133,138.51214599609375,31.83841323852539,413.2862548828125
2023-10-02,13.438691139221191,49.1412353515625,28.656789779663086,40.53361892700195,133.89537048339844,31.609296798706055,413.1219482421875
2023-10-03,13.065925598144531,47.31198501586914,27.857593536376953,40.50616455078125,133.38966369628906,31.485923767089844,407.5919189453125
2023-10-04,13.142388343811035,47.62017059326172,28.057395935058594,39.23420333862305,128.08932495117188,32.00584030151367,410.5599670410156
2023-10-05,13.008576393127441,46.38741683959961,27.248682022094727,38.99169921875,128.2484893798828,31.794349670410156,410.4052734375
2023-10-06,13.209295272827148,47.45116424560547,27.952735900878906,39.225040435791016,130.58969116210938,32.00584030151367,415.2779235839844
2023-10-09,13.209295272827148,46.814903259277344,27.53411102294922,40.53361892700195,136.0117950439453,32.234962463378906,417.9366455078125
2023-10-10,13.715876579284668,49.469303131103516,29.294240951538086,40.58395004272461,136.423828125,33.06330490112305,420.1119079589844
2023-10-11,13.849690437316895,50.105567932128906,29.08492660522461,40.06235122680664,136.19908142089844,32.825374603271484,421.8327941894531
2023-10-12,13.505597114562988,48.7137451171875,28.14301872253418,40.10810089111328,136.24591064453125,32.9928092956543,419.2611083984375
2023-10-13,13.381342887878418,48.04766082763672,27.714879989624023,40.99115753173828,139.12083435058594,32.9928092956543,417.17279052734375
2023-10-16,13.582062721252441,48.683921813964844,28.06690788269043,41.26569366455078,140.52554321289062,32.6579475402832,421.56207275390625
2023-10-17,13.668087005615234,49.389774322509766,28.628246307373047,41.69577407836914,142.18307495117188,32.428829193115234,421.542724609375
2023-10-18,13.323992729187012,47.9482421875,27.153547286987305,42.07554244995117,143.25062561035156,31.997032165527344,415.9256286621094
2023-10-19,13.104157447814941,46.476890563964844,26.240182876586914,42.00232696533203,142.97906494140625,32.25258255004883,412.27117919921875
2023-10-20,12.712276458740234,43.66341781616211,25.212646484375,41.297706604003906,140.57235717773438,32.28783416748047,407.2051696777344
2023-10-23,12.654926300048828,43.42482376098633,24.78450584411621,40.62970733642578,138.52151489257812,32.01465606689453,406.4993896484375
2023-10-24,12.893879890441895,44.001434326171875,24.955764770507812,40.05778503417969,137.42584228515625,32.00584030151367,409.56414794921875
2023-10-25,12.626252174377441,42.39089584350586,24.632278442382812,39.98456954956055,137.21046447753906,31.891281127929688,403.68603515625
2023-10-26,12.721834182739258,42.79850387573242,24.384910583496094,39.673439025878906,136.57363891601562,31.84722328186035,398.85205078125
2023-10-27,12.320393562316895,40.71077346801758,23.595230102539062,38.72174835205078,134.7569122314453,31.723857879638672,397.04412841796875
2023-10-30,12.291719436645508,41.10843276977539,23.376407623291016,38.8498649597168,134.28868103027344,31.82959747314453,401.79107666015625
2023-10-31,12.435091018676758,41.73475646972656,23.766489028930664,38.97798156738281,135.9930877685547,31.891281127929688,404.3144836425781
2023-11-01,12.301277160644531,41.277442932128906,23.471548080444336,38.886470794677734,135.7401885986328,31.662172317504883,408.6263427734375
2023-11-02,12.731390953063965,42.7885627746582,24.908191680908203,40.06235122680664,139.26133728027344,32.0587158203125,416.4574279785156
2023-11-03,13.065925598144531,44.438865661621094,25.6883544921875,39.65971755981445,138.24057006835938,31.917722702026367,420.2569274902344
2023-11-06,12.884322166442871,43.6236572265625,24.98430633544922,39.21132278442383,134.5602569580078,31.61810874938965,421.2237548828125
2023-11-07,12.807855606079102,43.653480529785156,24.8986759185791,38.34199905395508,130.7488555908203,31.4506778717041,422.4225158691406
2023-11-08,12.616694450378418,42.29148483276367,24.45151138305664,37.861572265625,127.93950653076172,31.485923767089844,422.73187255859375
2023-11-09,12.492439270019531,41.31721115112305,23.718915939331055,37.7471923828125,127.04048919677734,31.873661041259766,419.43511962890625
2023-11-10,12.435091018676758,41.158145904541016,23.443002700805664,38.16354751586914,128.4545135498047,32.199710845947266,425.9803466796875
2023-11-13,12.435091018676758,41.466331481933594,23.661832809448242,38.43807601928711,129.4752655029297,31.811975479125977,425.5743103027344
2023-11-14,13.371784210205078,45.7610969543457,25.60272979736328,38.78123474121094,131.6197967529297,32.58745193481445,433.8307800292969
2023-11-15,13.438691139221191,46.37747573852539,26.173582077026367,38.70803451538086,131.76963806152344,32.860626220703125,434.74920654296875
2023-11-16,13.285761833190918,45.21430587768555,25.2221622467041,37.95308303833008,127.96758270263672,32.384769439697266,435.2809753417969
2023-11-17,13.371784210205078,45.363433837890625,25.498069763183594,38.74920654296875,130.78631591796875,32.32308578491211,435.8223571777344
2023-11-20,13.620295524597168,46.755252838134766,25.764469146728516,38.804115295410156,130.99232482910156,32.358333587646484,439.1771240234375
2023-11-21,13.352668762207031,45.77103805541992,24.93673324584961,38.71717834472656,129.82174682617188,32.10277557373047,438.22003173828125
2023-11-22,13.304879188537598,45.79092025756836,25.01285171508789,38.698875427246094,129.88729858398438,32.06753158569336,439.911865234375
2023-11-24,13.266645431518555,45.21430587768555,25.18410301208496,38.8590202331543,130.47727966308594,32.51695251464844,440.18255615234375
2023-11-27,13.161507606506348,44.3692741394043,24.34685516357422,38.72174835205078,129.35353088378906,31.68860626220703,439.3898010253906
2023-11-28,13.333552360534668,45.025421142578125,24.5656795501709,38.73090744018555,128.9976806640625,31.609296798706055,439.82489013671875
2023-11-29,13.476924896240234,45.57220458984375,25.36487579345703,38.442649841308594,128.5107421875,31.054128646850586,439.5155029296875
2023-11-30,13.582062721252441,45.57220458984375,25.2221622467041,38.698875427246094,129.2318115234375,30.851449966430664,441.2460632324219
2023-12-01,13.945272445678711,47.59034729003906,26.325803756713867,38.90019226074219,130.26190185546875,31.027690887451172,443.8564758300781
2023-12-04,13.897480964660645,47.46110534667969,26.61123275756836,38.72174835205078,128.69802856445312,30.50777244567871,441.52642822265625
2023-12-05,13.754109382629395,46.95408248901367,25.793012619018555,38.04458999633789,125.8698959350586,29.96141815185547,441.439453125
2023-12-06,13.582062721252441,46.307884216308594,25.57418441772461,37.47724151611328,122.47989654541016,29.89973258972168,439.6605224609375
2023-12-07,13.620295524597168,46.37747573852539,25.773983001708984,37.22101593017578,122.41436004638672,30.146472930908203,443.01531982421875
2023-12-08,13.467365264892578,45.55232238769531,25.954755783081055,37.623661041259766,123.93140411376953,29.82923698425293,444.919921875
2023-12-11,13.505597114562988,45.542381286621094,25.80253028869629,37.66941452026367,123.86588287353516,29.547245025634766,446.6504821777344
2023-12-12,13.276203155517578,44.20026397705078,25.10799217224121,37.15238571166992,121.2156753540039,29.84685707092285,448.6904296875
2023-12-13,13.849690437316895,46.66577911376953,26.849090576171875,37.66941452026367,124.23108673095703,30.305091857910156,454.8779602050781
2023-12-14,14.518756866455078,50.46345901489258,28.64727783203125,38.77665710449219,128.57627868652344,30.049537658691406,456.33782958984375
2023-12-15,14.623896598815918,51.477500915527344,28.25719451904297,38.57077407836914,128.00502014160156,29.811614990234375,455.5864562988281
2023-12-18,14.423175811767578,50.351070404052734,27.828184127807617,38.885799407958984,129.62428283691406,30.39508056640625,458.1491394042969
2023-12-19,14.815057754516602,52.689510345458984,28.690032958984375,39.35236358642578,131.21897888183594,30.59564781188965,460.9350891113281
2023-12-20,14.345854759216309,50.390872955322266,27.416406631469727,38.987430572509766,129.2657012939453,31.31586456298828,454.54779052734375
2023-12-21,14.808313369750977,52.79896926879883,28.211227416992188,39.139869689941406,130.75660705566406,32.32781982421875,458.85772705078125
2023-12-22,14.827582359313965,52.33128356933594,28.536813735961914,39.25536346435547,131.05857849121094,32.601322174072266,459.7799072265625
2023-12-26,15.029908180236816,53.396018981933594,29.379514694213867,39.59257125854492,133.11566162109375,32.67425537109375,461.7213439941406
2023-12-27,15.068446159362793,53.41592025756836,29.235872268676758,39.41703414916992,132.55889892578125,33.14832305908203,462.5561218261719
2023-12-28,15.155157089233398,53.95326614379883,29.24544906616211,38.8165168762207,130.3319854736328,33.130088806152344,462.7308654785156
2023-12-29,15.00100326538086,53.08754348754883,28.460205078125,38.72874450683594,129.1902313232422,33.266841888427734,461.3913269042969
2024-01-02,14.827582359313965,51.813838958740234,27.674964904785156,39.14448165893555,130.1715545654297,32.00873565673828,458.8092041015625
2024-01-03,14.490373611450195,49.83363342285156,26.83226776123047,39.78196334838867,131.36053466796875,32.48280715942383,455.06231689453125
2024-01-04,14.307316780090332,48.53007507324219,26.5545597076416,39.08443832397461,128.40699768066406,32.20930480957031,453.5964660644531
2024-01-05,14.259142875671387,48.05243682861328,26.13321304321289,39.11677169799805,128.89767456054688,32.428104400634766,454.21771240234375
2024-01-08,14.355487823486328,48.05243682861328,26.401344299316406,38.6640739440918,127.88801574707031,31.242935180664062,460.7021484375
2024-01-09,14.307316780090332,47.6743049621582,25.80762481689453,38.045082092285156,126.32161712646484,31.224700927734375,460.0031433105469
2024-01-10,14.307316780090332,48.0225830078125,25.223478317260742,37.67091751098633,124.66087341308594,30.8144474029541,462.604736328125
2024-01-11,14.1146240234375,46.77873229980469,24.639333724975586,37.767921447753906,124.56648254394531,30.103347778320312,462.40087890625
2024-01-12,14.008645057678223,46.22148895263672,24.208415985107422,38.192901611328125,126.2083740234375,29.483409881591797,462.7211608886719
2024-01-16,13.51728343963623,44.05221176147461,23.145463943481445,37.28288269042969,122.33013153076172,29.24637794494629,461.0224304199219
2024-01-17,13.208976745605469,42.67900085449219,22.762420654296875,36.973388671875,120.93359375,28.81789207458496,458.45977783203125
2024-01-18,13.266783714294434,43.057132720947266,22.503864288330078,36.91333770751953,120.94302368164062,28.735841751098633,462.5367126464844
2024-01-19,13.257149696350098,42.6889533996582,22.503864288330078,37.03343963623047,121.20723724365234,28.954641342163086,468.30279541015625
2024-01-22,13.392033576965332,43.345706939697266,23.25080108642578,37.17202377319336,121.76395416259766,28.517040252685547,469.29296875
2024-01-23,13.55582046508789,44.66916275024414,23.806215286254883,37.250553131103516,121.93383026123047,28.672025680541992,470.66162109375
2024-01-24,13.430571556091309,43.813392639160156,23.059280395507812,37.781776428222656,123.5096664428711,29.428709030151367,471.1761779785156
2024-01-25,13.488380432128906,43.66413116455078,23.1741943359375,38.63174057006836,125.67052459716797,28.808774948120117,473.73883056640625
2024-01-26,13.363128662109375,42.97752380371094,23.07843017578125,38.91814422607422,126.51036834716797,28.699373245239258,473.1369934082031
2024-01-29,13.55582046508789,43.83329391479492,23.94028091430664,38.862709045410156,126.61414337158203,28.26177406311035,476.88397216796875
2024-01-30,13.353494644165039,43.00737762451172,23.279529571533203,39.264591217041016,128.86940002441406,28.85435676574707,476.5151062011719
2024-01-31,13.305323600769043,42.16156005859375,22.657085418701172,38.530113220214844,125.51957702636719,28.89994239807129,468.7396545410156
2024-02-01,13.729243278503418,43.206390380859375,23.289106369018555,38.52549362182617,124.7363510131836,28.681140899658203,474.8746337890625
2024-02-02,13.469109535217285,42.07200241088867,22.771997451782227,38.58092498779297,123.36811828613281,28.91817283630371,479.873779296875
2024-02-05,13.170438766479492,40.897804260253906,21.814382553100586,38.48392105102539,122.63209533691406,28.58085823059082,478.12646484375
2024-02-06,13.401667594909668,42.07200241088867,22.743267059326172,38.608642578125,123.56625366210938,28.681140899658203,479.51458740234375
2024-02-07,13.73887825012207,43.942752838134766,22.867755889892578,38.687164306640625,124.7646713256836,28.389404296875,483.5138854980469
2024-02-08,13.661802291870117,43.88304901123047,23.26995277404785,39.08443832397461,126.29328918457031,27.997386932373047,483.7275085449219
2024-02-09,13.864127159118652,45.266212463378906,23.834943771362305,38.48392105102539,125.3591537475586,27.559785842895508,486.5231628417969
2024-02-12,14.10499095916748,47.06730651855469,24.830860137939453,38.90890884399414,127.40679168701172,27.04013442993164,486.3096618652344
2024-02-13,13.603992462158203,44.27113342285156,23.16461944580078,38.516258239746094,125.42518615722656,26.803098678588867,479.6116638183594
2024-02-14,13.979741096496582,46.400604248046875,24.31374740600586,38.47930145263672,125.70828247070312,26.7757511138916,483.97021484375
2024-02-15,14.191701889038086,47.16681671142578,24.553152084350586,39.550994873046875,130.1715545654297,27.27716827392578,487.3094787597656
2024-02-16,13.979741096496582,46.62947082519531,24.208415985107422,39.52790069580078,130.3131103515625,26.939849853515625,484.8826599121094
2024-02-20,13.787050247192383,45.58463668823242,23.298683166503906,39.16758346557617,128.33151245117188,26.21963119506836,482.2131652832031
2024-02-21,13.63289737701416,44.539798736572266,22.84860610961914,39.90206527709961,132.03048706054688,26.374614715576172,482.6499938964844
2024-02-22,13.324591636657715,42.440181732177734,21.948448181152344,39.97135925292969,131.57757568359375,26.028181076049805,492.6387023925781
2024-02-23,13.180073738098145,41.78343200683594,21.622861862182617,39.70804977416992,130.9641876220703,26.055530548095703,492.9784240722656
2024-02-26,13.189706802368164,41.77347946166992,22.02505874633789,39.84663772583008,131.568115234375,26.21963119506836,491.17291259765625
2024-02-27,13.324591636657715,42.35062789916992,22.570899963378906,39.67571258544922,132.0587921142578,26.69369888305664,492.0853271484375
2024-02-28,13.180073738098145,41.80332946777344,22.465557098388672,39.597190856933594,131.15293884277344,27.076602935791016,491.43499755859375
2024-02-29,13.401667594909668,42.93772506713867,22.752843856811523,39.79119873046875,132.47398376464844,26.885150909423828,493.20166015625
2024-03-01,13.613629341125488,43.96265411376953,22.94436264038086,40.25313186645508,134.25743103027344,26.903383255004883,497.83197021484375
2024-03-04,13.401667594909668,43.17654037475586,22.40810203552246,39.82353210449219,132.88917541503906,27.031017303466797,497.29815673828125
2024-03-05,13.363128662109375,42.78845977783203,21.756925582885742,40.119178771972656,133.44590759277344,27.82417106628418,492.32806396484375
2024-03-06,13.56545639038086,43.72383499145508,22.22615623474121,40.243900299072266,133.46478271484375,27.47773551940918,494.82281494140625
2024-03-07,13.748512268066406,44.74877166748047,22.417682647705078,40.58572769165039,134.32347106933594,27.751237869262695,499.7345886230469
2024-03-08,13.815954208374023,45.54483413696289,22.465557098388672,40.72892379760742,135.03118896484375,27.38656997680664,496.7351379394531
2024-03-11,13.796685218811035,46.151832580566406,22.274036407470703,41.149295806884766,135.78607177734375,26.711933135986328,496.3079833984375
2024-03-12,13.430571556091309,44.400489807128906,21.91014289855957,41.08462142944336,135.7483367919922,26.903383255004883,501.64697265625
2024-03-13,13.199342727661133,43.654178619384766,21.469646453857422,41.740577697753906,138.61692810058594,26.00994873046875,500.8606262207031
2024-03-14,13.01628589630127,42.479984283447266,20.866350173950195,42.170169830322266,139.22085571289062,26.912500381469727,499.87054443359375
2024-03-15,12.929574012756348,42.34067153930664,20.82804298400879,42.29489517211914,140.1077880859375,27.313634872436523,496.4381103515625
2024-03-18,12.997016906738281,42.58944320678711,20.576383590698242,42.44111633300781,140.145751953125,27.723888397216797,499.3885192871094
2024-03-19,12.929574012756348,42.83821487426758,20.537817001342773,42.925411224365234,141.9573516845703,27.778587341308594,502.1637268066406
2024-03-20,13.218611717224121,43.87309646606445,21.376686096191406,42.86487579345703,143.06704711914062,27.76947021484375,506.8083801269531
2024-03-21,13.23788070678711,44.17162322998047,21.637022018432617,43.12099838256836,143.78787231445312,27.56890296936035,508.4832763671875
2024-03-22,13.189706802368164,43.813392639160156,21.193483352661133,43.02785873413086,142.8678741455078,28.05208969116211,507.5191955566406
2024-03-25,13.074091911315918,43.23624801635742,21.077777862548828,43.42833709716797,144.4423065185547,28.72672462463379,506.1170654296875
2024-03-26,12.977746963500977,42.8083610534668,20.913862228393555,43.093048095703125,142.6307830810547,28.097671508789062,505.18218994140625
2024-03-27,13.478744506835938,45.16670227050781,22.022708892822266,43.4935302734375,144.8406982421875,28.125022888183594,509.4276428222656
2024-03-28,13.469109535217285,45.14680099487305,22.22519302368164,43.96385955810547,146.9462890625,28.042972564697266,509.330322265625
2024-04-01,13.459474563598633,44.8482780456543,22.196266174316406,44.28982162475586,147.96115112304688,28.079437255859375,508.44427490234375
2024-04-02,13.23788070678711,43.17654037475586,21.444181442260742,44.9091682434082,149.03292846679688,27.21335220336914,505.2115783691406
2024-04-03,13.324591636657715,43.66413116455078,21.733444213867188,45.21651077270508,150.90142822265625,26.885150909423828,505.7664489746094
2024-04-04,13.314955711364746,43.504920959472656,21.47311019897461,45.188560485839844,150.9393310546875,26.94896697998047,499.593017578125
2024-04-05,13.170438766479492,42.91781997680664,21.26097869873047,45.6728630065918,152.3146209716797,27.578020095825195,504.8121643066406
2024-04-08,13.266783714294434,43.52482223510742,21.511674880981445,45.38414001464844,151.47047424316406,28.207073211669922,505.0946044921875
2024-04-09,13.681070327758789,45.29606246948242,22.032352447509766,45.39811706542969,151.63172912597656,28.5352725982666,505.67889404296875
2024-04-10,13.305323600769043,43.75368881225586,21.222414016723633,45.53781509399414,152.14390563964844,28.05208969116211,500.615478515625
2024-04-11,13.37276554107666,43.46511459350586,21.154916763305664,45.505218505859375,151.63172912597656,29.6292781829834,504.3935852050781
2024-04-12,13.035554885864258,41.78343200683594,20.296762466430664,44.764801025390625,149.83909606933594,30.230979919433594,497.4313659667969
2024-04-15,12.7465181350708,40.400264739990234,19.756799697875977,44.345706939697266,147.43948364257812,29.711328506469727,491.199462890625
2024-04-16,12.582731246948242,39.544498443603516,19.400041580200195,43.959197998046875,146.19700622558594,30.6959285736084,490.3035583496094
2024-04-17,12.688711166381836,39.90272521972656,19.255407333374023,43.83346939086914,145.07781982421875,29.911895751953125,487.40185546875
2024-04-18,12.621270179748535,39.504695892333984,18.860078811645508,43.698421478271484,143.81634521484375,30.12158203125,486.39898681640625
2024-04-19,12.54419231414795,39.39523696899414,18.52260398864746,44.224632263183594,145.33387756347656,29.446941375732422,482.1534729003906
2024-04-22,12.650172233581543,39.75346374511719,18.6190242767334,44.51334762573242,146.443603515625,28.91817283630371,486.5937194824219
2024-04-23,12.775423049926758,40.300758361816406,19.04328155517578,44.76015090942383,147.4679412841797,28.991107940673828,492.367919921875
2024-04-24,12.659808158874512,40.1116943359375,18.966140747070312,44.79274368286133,148.1603546142578,29.100509643554688,492.1342468261719
2024-04-25,12.601999282836914,39.59425354003906,18.821514129638672,44.997642517089844,148.77684020996094,29.565460205078125,490.2646484375
2024-04-26,12.7465181350708,40.56943130493164,19.43860626220703,44.583194732666016,148.9285888671875,29.364892959594727,494.9093933105469
2024-04-29,12.939210891723633,41.41524887084961,19.959285736083984,44.88588333129883,149.8675537109375,28.8817081451416,496.6620788574219
2024-04-30,12.7465181350708,40.131595611572266,19.650733947753906,43.54941177368164,143.6266632080078,29.6292781829834,488.7943420410156
2024-05-01,12.765788078308105,40.101741790771484,19.698949813842773,42.85555648803711,140.43978881835938,29.474294662475586,487.2071838378906
2024-05-02,13.025920867919922,41.285888671875,20.431753158569336,43.10236358642578,141.37875366210938,30.86003303527832,491.76422119140625
2024-05-03,13.343862533569336,42.69890213012695,20.96207046508789,43.107025146484375,142.4884796142578,30.723283767700195,497.85980224609375
2024-05-06,13.401667594909668,43.0372314453125,21.415254592895508,43.44696044921875,144.2621307373047,31.224700927734375,503.00103759765625
2024-05-07,13.449840545654297,42.848167419433594,20.933143615722656,43.40505599975586,144.51820373535156,30.48624610900879,503.5561218261719
2024-05-08,13.343862533569336,42.271018981933594,20.75958824157715,43.35383224487305,143.77841186523438,30.759748458862305,503.6047668457031
2024-05-09,13.440206527709961,42.98747634887695,21.058494567871094,43.9359130859375,145.18212890625,31.29763412475586,506.5065002441406
2024-05-10,13.334226608276367,41.853084564208984,20.30640411376953,43.69376754760742,142.91529846191406,30.650346755981445,507.1590270996094
2024-05-13,13.37276554107666,42.559593200683594,20.82708168029785,43.57734680175781,142.2418670654297,30.167163848876953,507.2270202636719
2024-05-14,13.594358444213867,43.55467224121094,21.752729415893555,43.63322448730469,143.4559326171875,30.33126449584961,509.5543518066406
2024-05-15,13.767781257629395,43.514869689941406,21.39596939086914,43.73101806640625,143.5128173828125,30.285682678222656,515.8640747070312
2024-05-16,13.729243278503418,43.11684036254883,21.183839797973633,43.609947204589844,142.7066192626953,30.960317611694336,514.8026733398438
2024-05-17,13.642531394958496,42.4003791809082,21.10670280456543,44.219974517822266,144.58462524414062,30.83268165588379,515.5427856445312
2024-05-20,13.63289737701416,42.06205368041992,20.97171401977539,43.93125534057617,145.23904418945312,31.844636917114258,516.1368408203125
2024-05-21,13.748512268066406,42.69890213012695,21.12598991394043,43.71704864501953,144.1577911376953,32.227535247802734,517.4026489257812
2024-05-22,14.249507904052734,46.52996063232422,21.92629051208496,42.878849029541016,141.9952850341797,32.44633865356445,515.912841796875
2024-05-23,14.037548065185547,44.917930603027344,21.097061157226562,42.48768997192383,140.47772216796875,32.4007568359375,512.1444702148438
2024-05-24,14.374757766723633,47.26632308959961,21.91664695739746,42.548221588134766,140.7717742919922,32.537506103515625,515.5330200195312
2024-05-28,14.528911590576172,47.3857307434082,22.09984588623047,42.98594665527344,142.9437713623047,32.227535247802734,515.893310546875
2024-05-29,14.288046836853027,47.36582946777344,21.887718200683594,42.22690963745117,140.657958984375,31.96315574645996,512.2807006835938
2024-05-30,14.490373611450195,48.758941650390625,22.254121780395508,42.34798049926758,141.3029022216797,32.09990310668945,508.8824157714844
2024-05-31,14.422931671142578,48.042484283447266,22.167343139648438,43.400394439697266,144.16729736328125,31.76258659362793,513.5175170898438
2024-06-03,14.528911590576172,47.89322280883789,22.051639556884766,42.26416015625,140.0129852294922,31.817285537719727,513.9360961914062
2024-06-04,14.394026756286621,47.17676544189453,21.59845733642578,41.85902404785156,137.85997009277344,30.83268165588379,514.5106811523438
2024-06-05,14.509642601013184,48.291255950927734,22.15770149230957,41.8543701171875,138.32469177246094,30.440664291381836,520.6256713867188
2024-06-06,14.365123748779297,47.27627182006836,21.723804473876953,42.0732421875,139.01710510253906,30.8144474029541,520.6159057617188
2024-06-07,13.99901008605957,45.71399688720703,21.2127685546875,41.90559768676758,138.18243408203125,30.440664291381836,519.98291015625
2024-06-10,14.239875793457031,47.02750015258789,21.530960083007812,42.22225570678711,141.13217163085938,30.33126449584961,521.5896606445312
2024-06-11,14.284482955932617,47.59469985961914,21.56953239440918,42.138427734375,141.58743286132812,30.07599639892578,522.8457641601562
2024-06-12,14.420248985290527,48.05243682861328,21.791297912597656,41.68673324584961,139.87069702148438,30.303916931152344,527.139892578125
2024-06-13,14.226297378540039,46.88819122314453,21.38632583618164,41.30488204956055,137.7082061767578,30.340377807617188,528.2012939453125
2024-06-14,13.906278610229492,45.574684143066406,20.614952087402344,40.99754333496094,135.38446044921875,29.592809677124023,528.522705078125
2024-06-17,13.69293212890625,44.70896530151367,20.499244689941406,41.104637145996094,135.35601806640625,29.528993606567383,532.7291259765625
2024-06-18,13.71232795715332,44.88808059692383,20.344972610473633,41.27694320678711,135.5362091064453,29.6292781829834,534.0826416015625
2024-06-20,13.528075218200684,43.55467224121094,19.84358024597168,42.035980224609375,137.05374145507812,29.620162963867188,532.6317749023438
2024-06-21,13.489283561706543,43.017330169677734,19.882150650024414,41.79383087158203,135.99148559570312,29.219026565551758,531.9176635742188
2024-06-24,13.625049591064453,42.7486572265625,19.805450439453125,42.84765625,139.97482299804688,29.26460838317871,530.1885986328125
2024-06-25,13.372913360595703,41.44510269165039,19.73749351501465,42.946231842041016,139.77456665039062,29.519878387451172,532.2303466796875
2024-06-26,13.295332908630371,41.04706954956055,19.853994369506836,42.52376174926758,138.44900512695312,29.383127212524414,532.8945922851562
2024-06-27,13.35351848602295,41.853084564208984,20.281169891357422,42.62234878540039,138.47763061523438,29.392244338989258,533.734619140625
2024-06-28,12.917128562927246,40.012184143066406,19.5627384185791,42.7866325378418,138.72555541992188,29.66574478149414,531.6343383789062
2024-07-01,12.907432556152344,39.046958923339844,19.18410301208496,42.81010055541992,139.1070098876953,29.902780532836914,532.7285766601562
2024-07-02,12.8589448928833,38.78823471069336,19.18410301208496,42.77724075317383,139.6410369873047,30.559179306030273,536.3135986328125
2024-07-03,13.178962707519531,40.3405647277832,19.941370010375977,42.96501541137695,140.8235321044922,30.650346755981445,538.70703125
2024-07-05,13.198357582092285,39.813167572021484,19.883119583129883,42.29375076293945,137.2950897216797,30.495363235473633,541.8134765625
2024-07-08,13.285635948181152,40.251007080078125,20.135541915893555,42.035579681396484,137.27603149414062,30.139812469482422,542.438720703125
2024-07-09,13.285635948181152,40.52962875366211,20.086999893188477,41.66474914550781,136.02676391601562,29.875429153442383,542.9661865234375
2024-07-10,13.440796852111816,41.186378479003906,20.56272315979004,41.946388244628906,136.64663696289062,29.40135955810547,548.3389282226562
2024-07-11,13.80930233001709,43.057132720947266,21.747163772583008,42.382938385009766,138.9735107421875,29.46517562866211,543.6107788085938
2024-07-12,13.974161148071289,44.28108215332031,22.698598861694336,42.49090576171875,139.2310028076172,29.720443725585938,547.0396728515625
2024-07-15,13.431099891662598,41.683921813964844,22.31025505065918,43.13399887084961,141.3003692626953,29.118743896484375,548.5440673828125
2024-07-16,13.663840293884277,43.25614929199219,23.290821075439453,43.32645797729492,141.48158264160156,29.0549259185791,551.797119140625
2024-07-17,13.382611274719238,42.03219985961914,22.38792610168457,43.7583122253418,141.37667846679688,28.790542602539062,544.0601806640625
2024-07-18,13.334123611450195,41.52470779418945,21.640369415283203,43.83810806274414,140.69004821777344,28.681140899658203,539.879150390625
2024-07-19,13.256543159484863,41.19633483886719,21.048145294189453,43.35931396484375,139.688720703125,28.635557174682617,536.2940673828125
2024-07-22,13.411704063415527,41.41524887084961,21.349111557006836,43.08706283569336,139.0021209716797,28.31647300720215,541.8231811523438
2024-07-23,13.314727783203125,41.23613357543945,21.446197509765625,42.4017219543457,136.9136505126953,28.517040252685547,540.9734497070312
2024-07-24,13.498981475830078,41.594364166259766,20.844263076782227,42.40641403198242,135.9695281982422,29.301076889038086,528.7135620117188
2024-07-25,13.50868034362793,41.872989654541016,20.844263076782227,43.138694763183594,137.69564819335938,28.84524154663086,525.9586791992188
2024-07-26,13.683234214782715,42.479984283447266,21.29085922241211,43.274818420410156,138.42037963867188,28.972875595092773,531.8493041992188
2024-07-29,13.566864967346191,41.45505142211914,20.94135093688965,42.90399169921875,136.69432067871094,29.073158264160156,532.161865234375
2024-07-30,13.50868034362793,40.77839660644531,20.446218490600586,43.570556640625,138.4680633544922,28.799659729003906,529.4657592773438
2024-07-31,13.722023963928223,41.9227409362793,20.931642532348633,43.75362014770508,139.6029052734375,29.273727416992188,538.0719604492188
2024-08-01,13.557167053222656,41.20628356933594,19.89282989501953,42.59417724609375,135.41644287109375,30.057762145996094,530.452392578125
2024-08-02,13.518377304077148,39.99228286743164,18.902555465698242,41.49576187133789,128.50257873535156,29.82072639465332,520.576171875
2024-08-05,13.07228946685791,38.927547454833984,18.358877182006836,40.58041000366211,124.92642974853516,29.392244338989258,505.4151306152344
2024-08-06,13.140172004699707,38.98725128173828,18.057910919189453,40.829200744628906,125.37464904785156,29.76603126525879,510.07476806640625
2024-08-07,13.266241073608398,39.265872955322266,17.56277847290039,40.99348831176758,126.24246215820312,29.957477569580078,506.66552734375
2024-08-08,13.489283561706543,40.002235412597656,18.116159439086914,41.875980377197266,130.06654357910156,29.948360443115234,518.3782348632812
2024-08-09,13.431099891662598,39.19622039794922,17.591901779174805,41.96986389160156,130.1142120361328,29.66574478149414,520.6641235351562
2024-08-12,13.402005195617676,39.066856384277344,17.25210189819336,42.17640686035156,131.87843322753906,30.303916931152344,520.9376831054688
2024-08-13,13.731721878051758,40.4599723815918,18.164705276489258,41.76802062988281,130.52426147460938,30.11246109008789,529.5048217773438
2024-08-14,13.634746551513672,39.87287521362305,17.688987731933594,42.01211166381836,131.0392303466797,30.203632354736328,531.17529296875
2024-08-15,13.760814666748047,40.90776062011719,18.436548233032227,42.514381408691406,133.4042510986328,30.24921417236328,540.27978515625
2024-08-16,13.74142074584961,40.49977493286133,18.436548233032227,42.46744155883789,132.85116577148438,30.33126449584961,541.4910278320312
2024-08-19,13.935371398925781,41.395347595214844,18.84430503845215,42.75377655029297,133.8143310546875,30.650346755981445,546.6683959960938
2024-08-20,13.780210494995117,40.539581298828125,18.53363037109375,41.627193450927734,130.3812255859375,30.723283767700195,545.779541015625
2024-08-21,13.838397026062012,40.92766189575195,19.019058227539062,41.697608947753906,130.44798278808594,30.25832748413086,547.6550903320312
2024-08-22,13.625049591064453,39.88282775878906,18.455961227416992,41.805564880371094,130.0188446044922,30.167163848876953,543.35693359375
2024-08-23,14.012951850891113,41.96254348754883,19.417110443115234,42.42988204956055,132.68902587890625,30.33126449584961,549.1301879882812
2024-08-26,13.974161148071289,41.474952697753906,19.34914779663086,42.81010055541992,133.594970703125,30.057762145996094,547.8211669921875
2024-08-27,13.915976524353027,41.32569122314453,19.077308654785156,42.411109924316406,131.86891174316406,30.6959285736084,548.5733642578125
2024-08-28,13.838397026062012,40.718692779541016,18.446250915527344,42.138851165771484,131.29673767089844,30.276561737060547,545.3887939453125
2024-08-29,13.751118659973145,40.57938003540039,18.824886322021484,42.68806076049805,133.36610412597656,30.294795989990234,545.4375610351562
2024-08-30,13.85779094696045,41.07691955566406,18.786052703857422,42.84765625,133.07049560546875,30.203632354736328,550.6443481445312
2024-09-03,13.489283561706543,39.62410354614258,17.863737106323242,41.7821044921875,128.1592559814453,29.69309425354004,539.3126220703125
2024-09-04,13.663840293884277,40.08184051513672,18.038494110107422,41.20473098754883,126.08035278320312,29.291961669921875,538.2088012695312
2024-09-05,13.751118659973145,39.793270111083984,17.892866134643555,40.885528564453125,125.08854675292969,29.155208587646484,536.899658203125
2024-09-06,13.469889640808105,38.77828598022461,17.300643920898438,40.373878479003906,123.13359069824219,29.10962677001953,527.8637084960938
2024-09-09,13.450493812561035,37.98221969604492,17.290935516357422,40.6649055480957,122.37069702148438,29.155208587646484,533.7736206054688
2024-09-10,13.46019172668457,37.91256332397461,17.56277847290039,39.965484619140625,121.03559875488281,28.681140899658203,536.0986328125
2024-09-11,13.935371398925781,40.290809631347656,18.40741729736328,39.59465026855469,120.9879150390625,28.9090576171875,541.5985107421875
2024-09-12,13.838397026062012,39.843021392822266,18.358877182006836,39.9514045715332,121.35028839111328,28.717607498168945,546.1605224609375
2024-09-13,14.012951850891113,40.380367279052734,18.650131225585938,40.176719665527344,122.59003448486328,28.927289962768555,549.012939453125
2024-09-16,14.109928131103516,40.37041473388672,18.543338775634766,40.63674545288086,123.83928680419922,28.480573654174805,549.8238525390625
2024-09-17,14.216599464416504,41.25603485107422,18.970518112182617,41.185951232910156,126.0612564086914,28.699373245239258,550.0484008789062
2024-09-18,14.168110847473145,41.24608612060547,18.67926025390625,41.265750885009766,126.5190200805664,28.58085823059082,548.4171752929688
2024-09-19,14.090532302856445,40.9376106262207,18.824886322021484,41.75863265991211,128.5693359375,28.544389724731445,557.7755126953125
2024-09-20,13.935371398925781,40.4599723815918,18.572463989257812,41.66474914550781,128.5597686767578,28.7084903717041,556.8113403320312
2024-09-23,14.042044639587402,40.73859405517578,18.630931854248047,42.17921447753906,129.73675537109375,28.589975357055664,558.2026977539062
2024-09-24,14.168110847473145,41.305789947509766,18.96223258972168,42.07508850097656,128.9111785888672,28.544389724731445,559.7999267578125
2024-09-25,14.012951850891113,40.380367279052734,18.552978515625,41.25157165527344,125.85830688476562,28.772308349609375,558.5653076171875
2024-09-26,14.245691299438477,41.733673095703125,19.088909149169922,40.4422492980957,122.83423614501953,29.000225067138672,560.7798461914062
2024-09-27,14.323273658752441,42.78845977783203,19.595605850219727,41.265769958496094,125.89669036865234,29.082275390625,559.9664916992188
2024-09-30,14.245691299438477,42.897918701171875,19.517656326293945,41.55447769165039,126.26150512695312,28.863473892211914,562.21044921875
2024-10-01,14.061439514160156,42.4600830078125,18.991464614868164,42.50104522705078,128.38314819335938,28.270891189575195,557.1738891601562
2024-10-02,13.935371398925781,42.24116516113281,19.16686248779297,42.936466217041016,129.9479522705078,28.106788635253906,557.4090576171875
2024-10-03,13.780210494995117,41.435150146484375,19.059675216674805,43.69371795654297,134.22006225585938,28.024738311767578,556.3899536132812
2024-10-04,13.731721878051758,41.9227409362793,19.702791213989258,44.10074996948242,135.16087341308594,27.997386932373047,561.4461059570312
2024-10-07,13.722023963928223,42.67900085449219,20.09256362915039,44.25693893432617,135.99609375,28.14325714111328,556.370361328125
2024-10-08,13.537772178649902,40.3405647277832,19.478673934936523,43.10211944580078,132.26162719726562,27.70565414428711,561.6322631835938
2024-10-09,13.498981475830078,39.85297393798828,19.8879337310791,43.362422943115234,132.2808074951172,28.216190338134766,565.5224609375
2024-10-10,13.169265747070312,38.380252838134766,19.420209884643555,43.65586471557617,133.59603881835938,28.827009201049805,564.5327758789062
2024-10-11,13.295332908630371,39.126564025878906,20.238725662231445,43.92563247680664,135.08407592773438,28.890825271606445,567.9132080078125
2024-10-14,13.237147331237793,38.68872833251953,19.946399688720703,43.90670394897461,133.24081420898438,29.237258911132812,572.557861328125
2024-10-15,12.97531509399414,37.32546615600586,19.624839782714844,42.491580963134766,128.12396240234375,29.20079231262207,568.1092529296875
2024-10-16,13.140172004699707,37.56428909301758,20.228979110717773,42.69509506225586,129.0935821533203,28.672025680541992,570.57861328125
2024-10-17,13.004406929016113,36.8378791809082,19.8294677734375,42.89860916137695,130.2551727294922,28.5352725982666,570.62744140625
2024-10-18,13.033499717712402,37.15630340576172,19.848957061767578,42.756622314453125,129.47756958007812,28.7084903717041,572.8224487304688
2024-10-21,12.946223258972168,36.71847152709961,19.634586334228516,42.62882614135742,128.83436584472656,28.398521423339844,571.8816528320312
2024-10-22,12.917128562927246,37.09659957885742,19.89767837524414,42.72822189331055,129.16073608398438,28.23442268371582,571.5779418945312
2024-10-23,12.694085121154785,36.85778045654297,19.31302261352539,42.505775451660156,127.97992706298828,28.890825271606445,566.355224609375
2024-10-24,12.723177909851074,37.02694320678711,19.712535858154297,42.50104522705078,128.9783477783203,29.34665870666504,567.5802001953125
2024-10-25,12.761968612670898,38.758384704589844,19.77100372314453,42.486846923828125,128.98797607421875,29.337543487548828,567.3840942382812
2024-10-28,12.888036727905273,39.68381118774414,20.550539016723633,42.21706771850586,127.26952362060547,29.20079231262207,569.13818359375
2024-10-29,12.664993286132812,38.26084518432617,20.228979110717773,41.573402404785156,125.20547485351562,29.364892959594727,570.0592651367188
2024-10-30,12.713479995727539,38.68872833251953,19.985376358032227,41.66806411743164,126.43428802490234,29.19167709350586,568.334716796875
2024-10-31,12.70378303527832,39.634056091308594,19.537141799926758,41.928367614746094,125.50308990478516,28.836124420166016,557.1934814453125
2024-11-01,12.752270698547363,39.59425354003906,19.809980392456055,41.663330078125,124.16867065429688,28.772308349609375,559.5452270507812
2024-11-04,13.043196678161621,40.877906799316406,20.112049102783203,42.392189025878906,126.53031921386719,29.2554931640625,558.3399047851562
2024-11-05,13.091684341430664,41.584415435791016,20.560285568237305,42.6761589050293,127.64392852783203,28.981992721557617,565.09130859375
2024-11-06,12.131628036499023,37.06674575805664,19.64432716369629,44.28059387207031,134.3256378173828,28.945524215698242,579.1425170898438
2024-11-07,12.286787986755371,37.39512634277344,19.663818359375,44.07707977294922,133.48085021972656,29.683979034423828,583.6206665039062
2024-11-08,12.005559921264648,35.862701416015625,19.585865020751953,44.37052536010742,134.43125915527344,29.921010971069336,586.1487426757812
2024-11-11,11.957072257995605,35.96220779418945,20.09256362915039,44.62136459350586,136.44729614257812,29.8024959564209,586.707275390625
2024-11-12,11.646751403808594,34.5491943359375,19.244813919067383,44.38471984863281,135.12246704101562,29.219026565551758,584.8846435546875
2024-11-13,11.60796070098877,34.668601989746094,19.254558563232422,44.730220794677734,135.68887329101562,28.717607498168945,585.1688842773438
2024-11-14,11.840702056884766,35.39501190185547,18.903766632080078,44.90060806274414,136.5144805908203,28.75407600402832,581.4060668945312
2024-11-15,11.72433090209961,34.141212463378906,18.533485412597656,44.834346771240234,135.2184600830078,28.270891189575195,573.9590454101562
2024-11-18,11.772818565368652,34.35017776489258,18.7186279296875,45.43067932128906,137.89691162109375,28.981992721557617,576.310791015625
2024-11-19,11.695239067077637,33.84268569946289,19.04018783569336,45.1419792175293,137.01370239257812,28.635557174682617,578.41748046875
2024-11-20,11.714632987976074,34.47953796386719,19.108394622802734,45.5963249206543,139.26014709472656,28.49880599975586,578.613525390625
2024-11-21,11.656449317932129,34.16111373901367,19.64432716369629,45.96549606323242,141.03619384765625,28.945524215698242,581.7196044921875
2024-11-22,11.753423690795898,34.46958541870117,20.102304458618164,46.0364875793457,142.72579956054688,28.49880599975586,583.5226440429688
2024-11-25,11.966771125793457,35.872650146484375,20.950050354003906,45.12778091430664,140.20094299316406,28.890825271606445,585.501953125
2024-11-26,11.87949275970459,35.79304504394531,20.267955780029297,45.066253662109375,139.19296264648438,28.52615737915039,588.5592041015625
2024-11-27,11.976468086242676,36.3602409362793,20.628494262695312,45.0189208984375,139.20254516601562,28.462339401245117,586.7757568359375
2024-11-29,12.015257835388184,36.6488151550293,21.086471557617188,45.21296691894531,139.663330078125,28.562623977661133,590.4209594726562
2024-12-02,12.054047584533691,37.285667419433594,20.950050354003906,44.734954833984375,138.07933044433594,28.462339401245117,591.4791259765625
2024-12-03,11.966771125793457,36.68861770629883,20.61874771118164,44.730220794677734,138.18492126464844,28.270891189575195,591.7534790039062
2024-12-04,11.772818565368652,35.84280014038086,20.316679000854492,43.651126861572266,133.8360595703125,27.851520538330078,595.427978515625
2024-12-05,11.782516479492188,35.25570297241211,20.267955780029297,43.82150650024414,133.42324829101562,27.58713722229004,594.4481201171875
2024-12-06,11.734029769897461,35.146240234375,20.501819610595703,43.07845687866211,130.3896026611328,28.152372360229492,595.5750122070312
2024-12-09,11.966771125793457,36.609012603759766,21.037750244140625,43.0074577331543,131.6280059814453,27.641836166381836,592.5079956054688
2024-12-10,11.811609268188477,35.613929748535156,20.4433536529541,42.714027404785156,130.8311767578125,28.11590576171875,590.6658325195312
2024-12-11,11.811609268188477,35.3751106262207,20.365398406982422,42.78501892089844,132.72244262695312,28.125022888183594,595.2320556640625
2024-12-12,11.617656707763672,34.70840835571289,19.985376358032227,42.43952178955078,131.59921264648438,27.304519653320312,592.1651000976562
2024-12-13,11.617656707763672,34.8974723815918,20.053585052490234,42.22654342651367,130.52398681640625,27.076602935791016,592.0475463867188
2024-12-16,11.452800750732422,33.991947174072266,20.043840408325195,41.29890060424805,127.10631561279297,26.821332931518555,594.5755615234375
2024-12-17,11.515469551086426,34.45963668823242,19.89767837524414,40.99126434326172,126.27111053466797,26.76443099975586,592.1258544921875
2024-12-18,11.15316390991211,33.365047454833984,19.059675216674805,39.7796516418457,122.00861358642578,26.4700984954834,574.4784545898438
2024-12-19,11.113994598388672,32.39982223510742,18.699140548706055,39.434146881103516,120.48220825195312,27.26479148864746,574.302001953125
2024-12-20,11.280460357666016,33.375,19.537141799926758,39.82225036621094,121.2118148803711,27.20592498779297,581.199951171875
2024-12-23,11.358796119689941,34.060001373291016,19.909332275390625,40.05610275268555,122.52391815185547,27.64742088317871,584.680419921875
2024-12-24,11.397964477539062,34.43000030517578,20.441036224365234,40.39495849609375,123.99254608154297,27.696475982666016,591.1791381835938
2024-12-26,11.358796119689941,34.38999938964844,20.972740173339844,40.36154556274414,124.002197265625,27.568933486938477,591.2184448242188
2024-12-27,11.290251731872559,33.95000076293945,20.618270874023438,40.35677719116211,124.1954345703125,28.206647872924805,584.9949340820312
2024-12-30,11.192331314086914,33.619998931884766,20.185033798217773,40.35200500488281,126.21481323242188,28.373435974121094,578.3192749023438
2024-12-31,11.143370628356934,33.119998931884766,19.70256233215332,40.88175582885742,127.89599609375,28.75606346130371,576.2152099609375
2025-01-02,11.358796119689941,34.72999954223633,20.56903648376465,41.35901641845703,130.26319885253906,29.011150360107422,574.799560546875
2025-01-03,11.407756805419922,35.150001525878906,21.652137756347656,41.74559020996094,130.9878387451172,29.4232120513916,581.9864501953125
2025-01-06,11.476300239562988,35.54999923706055,22.13460922241211,41.5546875,130.65931701660156,29.040584564208984,585.3390502929688
2025-01-07,11.574222564697266,36.599998474121094,22.12476348876953,41.96990203857422,132.1376190185547,28.6579532623291,578.7223510742188
2025-01-08,11.290251731872559,35.29999923706055,20.88412094116211,42.012855529785156,133.01686096191406,28.00061798095703,579.5678100585938
2025-01-10,10.986698150634766,34.13999938964844,20.234264373779297,42.18466567993164,134.60142517089844,28.118349075317383,570.7193603515625
2025-01-13,10.937737464904785,33.720001220703125,19.801023483276367,43.072364807128906,137.11355590820312,28.883607864379883,571.604248046875
2025-01-14,11.006281852722168,33.939998626708984,19.712406158447266,43.535301208496094,138.0604248046875,28.628520965576172,572.3907470703125
2025-01-15,11.133578300476074,34.349998474121094,20.22441864013672,44.17959976196289,140.6884765625,28.775686264038086,582.8026123046875
2025-01-16,11.162955284118652,34.68000030517578,20.441036224365234,44.499359130859375,140.94937133789062,28.687387466430664,581.6817016601562
2025-01-17,11.202122688293457,34.38999938964844,20.214569091796875,44.842979431152344,140.5338897705078,29.050395965576172,587.521728515625
2025-01-21,11.094409942626953,33.66999816894531,20.057031631469727,44.61389923095703,138.91070556640625,29.11907196044922,592.899658203125
2025-01-22,10.810441017150879,32.56999969482422,19.604095458984375,43.80256652832031,137.6449737548828,29.001338958740234,596.2326049804688
2025-01-23,10.957321166992188,33.529998779296875,19.879796981811523,44.00300979614258,137.87686157226562,29.482078552246094,599.4868774414062
2025-01-24,10.937737464904785,33.650001525878906,20.066875457763672,43.57825469970703,135.98312377929688,29.894140243530273,597.7367553710938
2025-01-27,10.908361434936523,33.31999969482422,19.170856475830078,43.12486267089844,133.3647003173828,29.011150360107422,589.2815551757812
2025-01-28,10.83981704711914,32.650001525878906,18.924697875976562,42.714420318603516,132.67868041992188,29.482078552246094,594.344970703125
2025-01-29,10.976905822753906,33.61000061035156,18.97393035888672,42.80987548828125,133.46133422851562,30.25714874267578,591.6805419921875
2025-01-30,11.172747611999512,34.18000030517578,19.456401824951172,43.02941131591797,132.78497314453125,30.10017204284668,594.8560791015625
2025-01-31,11.133578300476074,33.79999923706055,19.24962615966797,41.82672119140625,129.62547302246094,30.404314041137695,591.6903686523438
2025-02-03,11.006281852722168,33.220001220703125,18.737619400024414,42.08921813964844,129.3839569091797,29.560565948486328,587.7085571289062
2025-02-04,11.133578300476074,33.959999084472656,19.092086791992188,42.97214126586914,132.5240936279297,29.639053344726562,591.6510620117188
2025-02-05,11.182538986206055,33.56999969482422,18.85577392578125,43.06281661987305,132.33087158203125,29.707733154296875,594.0498046875
2025-02-06,11.192331314086914,34.27000045776367,19.33824348449707,42.27057647705078,129.3936004638672,29.81565284729004,596.1146240234375
2025-02-07,11.016074180603027,34.36000061035156,19.101932525634766,42.26579666137695,128.74623107910156,29.78622055053711,590.6580200195312
2025-02-10,10.996489524841309,34.2599983215332,19.101932525634766,43.19645309448242,133.4226531982422,29.962820053100586,594.6693115234375
2025-02-11,10.888777732849121,33.290000915527344,18.373300552368164,43.54484939575195,134.57244873046875,29.962820053100586,595.12158203125
2025-02-12,10.869193077087402,33.189998626708984,18.43238067626953,42.494876861572266,130.2341766357422,29.6881103515625,593.2044067382812
2025-02-13,10.986698150634766,33.7599983215332,18.924697875976562,42.814640045166016,130.9974822998047,29.187747955322266,599.4672241210938
2025-02-14,11.094409942626953,34.310001373291016,19.052701950073242,42.986454010009766,132.05067443847656,29.894140243530273,599.4376831054688
2025-02-18,11.113994598388672,34.900001525878906,19.466251373291016,43.57347869873047,133.5675811767578,28.550033569335938,601.197509765625
2025-02-19,11.15316390991211,35.5,19.37763023376465,43.91710662841797,135.2101287841797,27.843639373779297,602.6133422851562
2025-02-20,11.280460357666016,35.380001068115234,19.29886245727539,44.31800079345703,134.9685821533203,27.725908279418945,600.1063232421875
2025-02-21,11.123785972595215,34.439998626708984,18.619461059570312,43.39689254760742,130.7366180419922,28.069293975830078,589.842041015625
2025-02-24,11.162955284118652,34.279998779296875,18.12714385986328,43.40644073486328,130.26319885253906,28.118349075317383,587.1580200195312
2025-02-25,11.270668029785156,34.2599983215332,17.78251838684082,42.7812385559082,127.19066619873047,27.67685317993164,584.2379760742188
2025-02-26,11.309836387634277,34.959999084472656,18.13698959350586,42.53783416748047,126.0988540649414,27.598363876342773,584.5328369140625
2025-02-27,10.967113494873047,33.68000030517578,17.575746536254883,42.76691818237305,125.20030212402344,27.922128677368164,575.20263671875
2025-02-28,10.878984451293945,32.349998474121094,17.29020118713379,43.43030548095703,126.48535919189453,27.362899780273438,584.178955078125
2025-03-03,10.712519645690918,31.309999465942383,16.207103729248047,41.912628173828125,120.35963439941406,27.67685317993164,573.9441528320312
2025-03-04,10.898569107055664,32.08000183105469,16.354799270629883,41.506961822509766,119.68328857421875,27.058759689331055,567.1505126953125
2025-03-05,11.055241584777832,32.38999938964844,16.876657485961914,40.900848388671875,117.7991943359375,27.372711181640625,573.24609375
2025-03-06,11.035658836364746,32.150001525878906,16.532033920288086,41.024932861328125,116.42718505859375,27.13724708557129,563.0702514648438
2025-03-07,11.280460357666016,32.83000183105469,16.916044235229492,41.72650146484375,118.41756439208984,27.500255584716797,566.2262573242188
2025-03-10,11.211915016174316,32.54999923706055,16.236642837524414,42.03671646118164,118.39823913574219,27.51987648010254,551.14453125
2025-03-11,11.339211463928223,32.630001068115234,16.47295570373535,41.70263671875,118.99728393554688,27.323657989501953,546.5629272460938
2025-03-12,11.251083374023438,32.279998779296875,16.482803344726562,41.89353942871094,120.23401641845703,27.55912208557129,549.4631958007812
2025-03-13,11.251083374023438,32.09000015258789,16.18741226196289,41.607181549072266,118.50452423095703,27.58855438232422,542.138671875
2025-03-14,11.339211463928223,32.38999938964844,16.660037994384766,42.83850860595703,122.63985443115234,27.755342483520508,553.3369140625
2025-03-17,11.613389015197754,33.540000915527344,17.2114315032959,43.5209846496582,125.1326675415039,27.765151977539062,557.6038818359375
2025-03-18,11.544845581054688,32.869998931884766,16.916044235229492,43.59257125854492,125.87662506103516,28.432300567626953,551.5771484375
2025-03-19,11.603598594665527,33.09000015258789,17.14250946044922,44.30367660522461,128.85255432128906,29.11907196044922,557.584228515625
2025-03-20,11.544845581054688,32.59000015258789,16.86680793762207,44.46595001220703,128.7269287109375,28.834552764892578,555.9718627929688
2025-03-21,11.476300239562988,32.15999984741211,16.89634895324707,44.15573501586914,126.92012786865234,28.363624572753906,556.1552734375
2025-03-24,11.339211463928223,31.829999923706055,17.122812271118164,44.658836364746094,128.76756286621094,28.491168975830078,566.1151733398438
2025-03-25,11.4371337890625,32.130001068115234,17.073583602905273,44.841617584228516,128.8064422607422,28.206647872924805,567.4760131835938
2025-03-26,11.290251731872559,31.360000610351562,16.6009578704834,45.10615158081055,129.39926147460938,28.118349075317383,560.7012939453125
2025-03-27,11.290251731872559,31.270000457763672,16.364646911621094,44.668460845947266,128.1067352294922,27.67685317993164,559.2122802734375
2025-03-28,11.290251731872559,31.010000228881836,15.77386474609375,44.45682907104492,126.99884796142578,27.882884979248047,547.95068359375
2025-03-31,11.182538986206055,30.459999084472656,15.49816608428955,44.94742202758789,127.99984741210938,27.686664581298828,551.6289672851562
2025-04-01,11.251083374023438,30.799999237060547,15.626168251037598,45.21196365356445,128.71897888183594,28.049671173095703,553.18701171875
2025-04-02,11.309836387634277,31.079999923706055,15.744325637817383,45.27448654174805,129.9823760986328,27.686664581298828,556.6878051757812
2025-04-03,11.446925163269043,30.350000381469727,14.769535064697266,41.720062255859375,116.09490966796875,27.23535919189453,529.2538452148438
2025-04-04,10.859400749206543,28.8799991607666,14.09013843536377,37.88185501098633,103.70405578613281,26.18558120727539,498.2696838378906
2025-04-07,10.526470184326172,27.670000076293945,13.981825828552246,37.63655471801758,103.25701904296875,25.655784606933594,497.38214111328125
2025-04-08,10.340421676635742,26.030000686645508,13.213811874389648,36.76598358154297,99.0392837524414,25.940305709838867,489.5918273925781
2025-04-09,10.859400749206543,27.969999313354492,14.789228439331055,39.61337661743164,110.5360336303711,25.381078720092773,541.0084228515625
2025-04-10,10.683143615722656,26.700000762939453,13.932596206665039,37.02571105957031,101.44941711425781,25.3614559173584,517.302001953125
2025-04-11,11.055241584777832,27.719999313354492,14.424914360046387,37.94437789916992,104.53983306884766,26.479909896850586,526.5320434570312
2025-04-14,11.15316390991211,28.649999618530273,14.661226272583008,38.07905197143555,104.46208953857422,26.931217193603516,531.6401977539062
2025-04-15,11.133578300476074,28.290000915527344,14.513530731201172,38.021339416503906,103.93729400634766,26.81348419189453,530.1510620117188
2025-04-16,11.08461856842041,27.829999923706055,14.316603660583496,38.3339729309082,105.8226547241211,27.225547790527344,518.366943359375
2025-04-17,11.280460357666016,28.15999984741211,14.415067672729492,39.19973373413086,108.77701568603516,27.16668128967285,519.1065063476562
2025-04-21,11.231499671936035,27.610000610351562,14.060598373413086,38.17525100708008,105.49223327636719,27.088193893432617,506.7503356933594
2025-04-22,11.466507911682129,28.850000381469727,14.552915573120117,39.146827697753906,108.08702087402344,26.744808197021484,519.9349365234375
2025-04-23,11.251083374023438,28.290000915527344,14.661226272583008,39.074676513671875,108.44659423828125,27.07838249206543,527.991455078125
2025-04-24,11.495884895324707,29.0,15.389856338500977,39.699951171875,109.59334564208984,27.16668128967285,539.105224609375
2025-04-25,11.603598594665527,29.8799991607666,15.724632263183594,39.6278076171875,110.18617248535156,27.26479148864746,543.0003051757812
2025-04-28,11.68193531036377,29.790000915527344,15.764019012451172,39.90677261352539,111.46897888183594,26.98027229309082,543.2073974609375
2025-04-29,11.67214298248291,29.610000610351562,15.685246467590332,39.79133987426758,110.70125579833984,26.705562591552734,546.6292114257812
2025-04-30,11.525261878967285,28.3799991607666,15.320932388305664,38.71875762939453,107.59139251708984,27.10781478881836,546.8462524414062
2025-05-01,11.495884895324707,28.799999237060547,15.626168251037598,38.8630485534668,109.52532958984375,27.304035186767578,550.7216796875
2025-05-02,11.593806266784668,29.350000381469727,16.00033187866211,39.430599212646484,111.71194458007812,28.010427474975586,558.8966674804688
2025-05-05,11.515469551086426,28.850000381469727,15.655707359313965,38.71875762939453,109.77799987792969,27.67685317993164,555.6918334960938
2025-05-06,11.623181343078613,29.299999237060547,15.832941055297852,38.72837448120117,109.95293426513672,28.27532386779785,551.0470581054688
2025-05-07,11.574222564697266,29.600000381469727,16.17756462097168,38.74280548095703,110.09871673583984,28.6579532623291,553.3645629882812
2025-05-08,11.711310386657715,30.729999542236328,16.709266662597656,39.25264358520508,113.7042007446289,28.648143768310547,557.2202758789062
2025-05-09,11.926736831665039,31.709999084472656,16.89634895324707,39.64704513549805,115.49236297607422,28.550033569335938,556.5103149414062
2025-05-12,12.093201637268066,33.029998779296875,17.762828826904297,40.681148529052734,119.79757690429688,29.089637756347656,574.9015502929688
2025-05-13,12.5436372756958,34.720001220703125,18.284685134887695,41.25351333618164,123.76264953613281,29.040584564208984,578.6981201171875
2025-05-14,12.661141395568848,35.2599983215332,18.27484130859375,41.0034065246582,123.16011047363281,28.775686264038086,579.437744140625
2025-05-15,12.72968578338623,35.65999984741211,18.13698959350586,41.17655563354492,122.03279113769531,29.030773162841797,582.2678833007812
2025-05-16,12.69051742553711,35.13999938964844,18.205913543701172,41.11402893066406,121.9161605834961,28.3145694732666,585.9559936523438
2025-05-19,12.563220024108887,34.27000045776367,17.743135452270508,40.58014678955078,120.66251373291016,28.402868270874023,586.5969848632812
2025-05-20,12.719893455505371,34.47999954223633,17.684057235717773,40.204978942871094,120.03082275390625,29.30548095703125,584.6246948242188
2025-05-21,12.514260292053223,33.970001220703125,17.073583602905273,39.464271545410156,117.39715576171875,29.10926055908203,574.7733764648438
2025-05-22,12.200913429260254,31.440000534057617,17.053890228271484,39.310359954833984,117.32913208007812,28.82474136352539,575.0001831054688
2025-05-23,12.289043426513672,31.729999542236328,17.2409725189209,39.4354133605957,117.43602752685547,28.79530906677246,571.0753784179688
2025-05-27,12.347794532775879,31.93000030517578,17.84160041809082,39.77690505981445,119.292236328125,28.579465866088867,582.9483642578125
2025-05-28,12.298835754394531,31.68000030517578,18.18621826171875,39.271881103515625,117.24166870117188,28.628520965576172,579.5757446289062
2025-05-29,12.347794532775879,31.93000030517578,17.821908950805664,39.56528091430664,117.76644134521484,28.38324546813965,581.8635864257812
2025-05-30,12.406547546386719,32.349998474121094,17.575746536254883,39.21416091918945,116.182373046875,28.206647872924805,581.2127685546875
2025-06-02,12.32820987701416,31.81999969482422,17.25082015991211,39.72880935668945,117.7081527709961,28.599088668823242,584.4866943359375
2025-06-03,12.533844947814941,33.09000015258789,17.949909210205078,40.200172424316406,120.15715789794922,28.942474365234375,587.81982421875
2025-06-04,12.5436372756958,33.119998931884766,18.107452392578125,39.416175842285156,117.21250915527344,28.79530906677246,587.6619873046875
2025-06-05,12.582804679870605,33.33000183105469,17.93021583557129,39.37770080566406,116.92095947265625,29.10926055908203,584.8218994140625
2025-06-06,12.680724143981934,33.59000015258789,18.412687301635742,40.118404388427734,119.75871276855469,29.06020736694336,590.8274536132812
2025-06-09,12.69051742553711,33.779998779296875,19.121625900268555,40.19536209106445,120.7694091796875,29.226993560791016,591.3599853515625
2025-06-10,12.856983184814453,34.31999969482422,19.47609519958496,40.91201400756836,122.54785919189453,29.14850425720215,594.7128295898438
2025-06-11,12.96469497680664,34.540000915527344,19.47609519958496,41.50361633300781,124.88025665283203,29.570377349853516,593.0167236328125
2025-06-12,12.9744873046875,34.22999954223633,19.318553924560547,41.64791488647461,125.68687438964844,30.031496047973633,595.3734741210938
2025-06-13,13.02344799041748,34.970001220703125,19.239784240722656,42.37418746948242,129.03968811035156,30.188472747802734,588.7171630859375
2025-06-16,13.171890258789062,35.380001068115234,19.909332275390625,42.2491340637207,129.35067749023438,29.933385848999023,594.3182983398438
2025-06-17,12.597908020019531,32.13999938964844,18.934545516967773,42.64353561401367,131.03195190429688,29.85489845275879,589.2398071289062
2025-06-18,12.568220138549805,32.4900016784668,19.220088958740234,42.36457061767578,130.0892791748047,30.051116943359375,589.1510620117188
2025-06-20,12.498946189880371,32.04999923706055,18.88531494140625,42.797454833984375,130.7598419189453,29.825464248657227,587.767333984375
2025-06-23,12.568220138549805,32.060001373291016,18.74619483947754,41.71517562866211,126.03168487548828,29.91376304626465,593.5730590820312
2025-06-24,12.825522422790527,33.40999984741211,19.25925064086914,41.17210006713867,125.13257598876953,30.12960433959961,600.13037109375
2025-06-25,12.766144752502441,33.470001220703125,19.130985260009766,40.99268341064453,123.27572631835938,29.658676147460938,600.4666748046875
2025-06-26,12.973965644836426,34.310001373291016,19.880836486816406,41.579402923583984,124.87847900390625,29.43302345275879,605.1646118164062
2025-06-27,12.884900093078613,34.13999938964844,19.486177444458008,41.3612060546875,124.31165313720703,29.599811553955078,608.1712646484375
2025-06-30,12.973965644836426,34.2599983215332,19.653907775878906,41.12360763549805,122.94344329833984,29.128883361816406,611.0790405273438
2025-07-01,13.08282470703125,35.2400016784668,19.821636199951172,41.43878936767578,123.99891662597656,29.5311336517334,610.8812866210938
2025-07-02,13.29064655303955,37.040000915527344,20.64055061340332,42.15157699584961,126.34442138671875,29.80584144592285,613.6505737304688
2025-07-03,13.686494827270508,38.72999954223633,21.33119773864746,42.20006561279297,126.23692321777344,29.90395164489746,618.4869995117188
2025-07-07,13.43908977508545,38.54999923706055,21.00560760498047,41.79275894165039,124.84915924072266,29.295669555664062,613.8780517578125
2025-07-08,13.330230712890625,38.08000183105469,21.410131454467773,42.91770553588867,128.8169708251953,29.197559356689453,613.5418090820312
2025-07-09,13.458881378173828,38.58000183105469,21.745588302612305,42.699501037597656,127.74195861816406,29.295669555664062,617.2210083007812
2025-07-10,13.409400939941406,38.91999816894531,22.199443817138672,43.02437973022461,129.28607177734375,29.325101852416992,618.9617919921875
2025-07-11,13.231267929077148,38.099998474121094,21.814655303955078,43.21833801269531,130.04835510253906,29.33491325378418,616.7858276367188
2025-07-14,13.25106143951416,38.29999923706055,22.14024543762207,42.74314880371094,128.68992614746094,29.364347457885742,617.9627075195312
2025-07-15,13.359919548034668,38.31999969482422,22.44610595703125,42.1273307800293,125.91441345214844,29.43302345275879,615.322021484375
2025-07-16,13.320333480834961,37.869998931884766,22.465835571289062,41.763668060302734,123.86209869384766,29.717544555664062,617.3792114257812
2025-07-17,13.300541877746582,37.970001220703125,23.314346313476562,42.02065658569336,126.28578186035156,29.52132225036621,621.1573486328125
2025-07-18,13.43908977508545,37.9900016784668,23.86686897277832,41.68123245239258,126.47147369384766,29.43302345275879,620.7024536132812
2025-07-21,13.597429275512695,38.36000061035156,23.6596736907959,41.24967575073242,123.30503845214844,29.325101852416992,621.87939453125
2025-07-22,13.834938049316406,40.119998931884766,24.47858428955078,41.44363784790039,124.67325592041016,29.33491325378418,621.9684448242188
2025-07-23,13.795352935791016,39.27000045776367,24.29112434387207,42.09339141845703,125.54304504394531,29.511512756347656,627.2598266601562
2025-07-24,13.775561332702637,39.130001068115234,24.320722579956055,42.39402389526367,125.86554718017578,29.825464248657227,627.4674682617188
2025-07-25,13.825042724609375,39.11000061035156,24.439119338989258,42.2340087890625,125.11304473876953,29.9530086517334,630.1181030273438
2025-07-28,13.656805992126465,38.68000030517578,23.97539710998535,42.71405029296875,127.95695495605469,29.580188751220703,629.9598999023438
2025-07-29,13.587532997131348,38.41999816894531,22.969024658203125,43.13105392456055,128.78765869140625,30.080551147460938,628.2982788085938
2025-07-30,13.409400939941406,37.560001373291016,22.584232330322266,42.51524353027344,126.75489044189453,29.81565284729004,627.5070190429688
2025-07-31,13.270853042602539,36.79999923706055,22.465835571289062,42.28734588623047,125.24007415771484,29.619434356689453,625.1531982421875
2025-08-01,13.389607429504395,36.459999084472656,21.933048248291016,41.50182342529297,120.89112091064453,29.52132225036621,614.9065551757812
2025-08-04,13.429192543029785,36.689998626708984,22.594099044799805,41.40969467163086,121.27227020263672,29.43302345275879,624.2530517578125
2025-08-05,13.448986053466797,36.459999084472656,22.9295597076416,41.46303176879883,122.20069885253906,29.639053344726562,621.0880737304688
2025-08-06,13.458881378173828,36.06999969482422,22.49543571472168,41.0799674987793,120.9009017944336,29.62924575805664,625.8455200195312
2025-08-07,13.567740440368652,36.47999954223633,23.028223037719727,40.91995620727539,119.75747680664062,29.94319725036621,625.3212280273438
2025-08-08,13.547947883605957,36.75,23.05782127380371,41.18179702758789,120.19725036621094,30.276771545410156,630.1972045898438
2025-08-11,13.389607429504395,36.599998474121094,23.41301155090332,40.85206985473633,119.0440444946289,29.992250442504883,628.9510498046875
2025-08-12,13.627118110656738,36.880001068115234,23.85700225830078,41.05087661743164,120.47089385986328,29.87451934814453,635.6469116210938
2025-08-13,13.656805992126465,37.25,24.300989151000977,41.52606964111328,122.09320068359375,29.992250442504883,637.8228149414062
2025-08-14,13.518259048461914,36.619998931884766,23.935932159423828,41.487274169921875,122.3082046508789,29.717544555664062,637.882080078125
2025-08-15,13.953693389892578,39.84000015258789,24.518051147460938,41.487274169921875,121.6925048828125,29.658676147460938,636.388671875
2025-08-18,14.339646339416504,41.689998626708984,24.774580001831055,41.239986419677734,120.6761245727539,29.933385848999023,636.2501220703125
2025-08-19,14.181305885314941,41.0,24.14312744140625,41.2545280456543,120.12882995605469,29.81565284729004,632.79833984375
2025-08-20,14.240684509277344,41.029998779296875,23.90633201599121,41.59880065917969,121.29181671142578,29.884328842163086,631.1170043945312
2025-08-21,14.032864570617676,39.619998931884766,23.817535400390625,41.8848876953125,121.53614807128906,30.208093643188477,628.5850830078125
2025-08-22,14.517778396606445,41.88999938964844,25.159366607666016,42.73829650878906,125.69939422607422,30.335636138916016,638.2381591796875
2025-08-25,14.240684509277344,41.66999816894531,25.119901657104492,42.849822998046875,127.00899505615234,30.139415740966797,635.42919921875
2025-08-26,14.240684509277344,41.810001373291016,25.484962463378906,42.78193664550781,126.5985107421875,30.31601333618164,638.0897827148438
2025-08-27,14.191203117370605,40.959999084472656,25.110036849975586,43.26197814941406,128.41627502441406,30.247337341308594,639.543701171875
2025-08-28,14.369336128234863,41.459999084472656,25.327096939086914,43.591705322265625,129.76495361328125,30.21790313720703,641.8085327148438
2025-08-29,14.240684509277344,41.54999923706055,24.94230842590332,43.82929611206055,129.98973083496094,30.590723037719727,637.9810180664062
2025-09-02,14.013071060180664,40.97999954223633,24.567380905151367,43.892333984375,131.51429748535156,30.83599853515625,633.2533569335938
2025-09-03,14.052655220031738,41.56999969482422,24.439119338989258,42.90800476074219,127.86898803710938,31.110706329345703,636.6853637695312
2025-09-04,14.181305885314941,42.02000045776367,24.53778648376465,43.194091796875,129.24697875976562,31.159761428833008,642.00634765625
2025-09-05,14.52767562866211,44.040000915527344,25.17910385131836,42.36008071899414,126.69625091552734,31.41484832763672,640.14697265625
2025-09-08,14.418816566467285,43.33000183105469,24.94230842590332,42.26310348510742,125.767822265625,31.640501022338867,641.7195434570312
2025-09-09,14.240684509277344,41.970001220703125,24.370054244995117,42.466758728027344,126.10009765625,31.581632614135742,643.203125
2025-09-10,14.408921241760254,41.90999984741211,24.419387817382812,43.208641052246094,128.7778778076172,32.12124252319336,645.0625610351562
2025-09-11,14.53757095336914,41.86000061035156,24.971904754638672,43.21833801269531,128.38697814941406,31.88577651977539,650.4231567382812
2025-09-12,14.478193283081055,41.779998779296875,25.07056999206543,42.961341857910156,127.17511749267578,32.062374114990234,650.2055053710938
2025-09-15,14.656326293945312,42.349998474121094,25.79081916809082,42.81587600708008,126.4030532836914,32.71971130371094,653.6671752929688
2025-09-16,14.735496520996094,42.66999816894531,26.116411209106445,43.53351593017578,130.3904266357422,32.70989990234375,652.7671508789062
2025-09-17,14.903732299804688,42.86000061035156,26.71826171875,43.63534164428711,130.30245971679688,32.307647705078125,651.9561157226562
2025-09-18,14.883939743041992,42.810001373291016,27.566776275634766,43.49957275390625,129.90176391601562,32.494056701660156,655.0023803710938
2025-09-19,15.012591361999512,43.16999816894531,28.010765075683594,42.92255401611328,127.14580535888672,32.4351921081543,658.2465209960938
2025-09-22,15.200618743896484,43.88999938964844,28.880441665649414,42.8731575012207,128.10121154785156,32.150672912597656,661.3606567382812
2025-09-23,15.03238296508789,42.369998931884766,28.158180236816406,43.61159133911133,131.10227966308594,32.31745910644531,657.7606201171875
2025-09-24,14.982902526855469,43.349998474121094,28.722139358520508,44.178871154785156,133.10955810546875,32.062374114990234,655.6677856445312
2025-09-25,15.002694129943848,43.709999084472656,29.108003616333008,44.57497787475586,133.9065704345703,31.718990325927734,652.6429443359375
2025-09-26,15.052175521850586,43.41999816894531,28.80129051208496,44.98576736450195,135.03811645507812,31.895586013793945,656.3819580078125
2025-09-29,15.250100135803223,43.81999969482422,28.633092880249023,44.159305572509766,131.3581085205078,32.18010711669922,658.2266845703125
2025-09-30,15.319374084472656,43.630001068115234,28.573726654052734,43.68983459472656,130.07896423339844,31.787668228149414,660.7061157226562
2025-10-01,15.715224266052246,45.08000183105469,30.216123580932617,43.68983459472656,132.3322296142578,32.05256271362305,662.95751953125
2025-10-02,15.725120544433594,46.18000030517578,30.33485221862793,43.249717712402344,129.75425720214844,32.445003509521484,663.7210693359375
2025-10-03,15.81418514251709,45.97999954223633,31.373716354370117,43.47956085205078,131.05308532714844,33.10234069824219,663.7112426757812
2025-10-06,15.913148880004883,46.2400016784668,32.373008728027344,43.69472885131836,131.9976806640625,33.16120529174805,666.0914916992188
2025-10-07,15.725120544433594,45.68000030517578,31.907991409301758,43.76319122314453,131.5844268798828,32.768768310546875,663.6219482421875
2025-10-08,15.84387493133545,46.13999938964844,32.185020446777344,43.5088996887207,131.77137756347656,32.9846076965332,667.5791625976562
2025-10-09,15.972525596618652,47.540000915527344,32.42247772216797,42.91717529296875,128.89822387695312,32.90612030029297,665.6452026367188
2025-10-10,15.61626148223877,44.95000076293945,30.958171844482422,41.675045013427734,121.97117614746094,32.94536590576172,647.6542358398438
2025-10-13,16.20013999938965,46.31999969482422,33.32282257080078,42.242313385009766,125.16902923583984,32.611793518066406,657.5919189453125
2025-10-14,16.24962043762207,46.88999938964844,34.411155700683594,42.237422943115234,124.11620330810547,32.36651611328125,656.78857421875
2025-10-15,16.6949520111084,48.93000030517578,35.53907012939453,42.21297073364258,123.9095687866211,32.79819869995117,659.7044067382812
2025-10-16,16.615781784057617,48.029998779296875,33.688899993896484,41.70438003540039,121.31192779541016,33.27893829345703,655.2117309570312
2025-10-17,16.358478546142578,46.560001373291016,32.501625061035156,42.04670333862305,121.58743286132812,33.23969650268555,658.9308471679688
2025-10-20,16.427753448486328,47.2400016784668,33.688899993896484,42.49171829223633,123.2601547241211,33.32799530029297,665.7840576171875
2025-10-21,16.17045021057129,46.810001373291016,32.590667724609375,42.39391326904297,122.34507751464844,33.0630989074707,665.7741088867188
2025-10-22,15.95273494720459,45.95000076293945,31.373716354370117,42.93673324584961,122.8960952758789,32.876686096191406,662.3128051757812
2025-10-23,16.17045021057129,46.529998779296875,31.96735382080078,43.5088996887207,127.57974243164062,32.788387298583984,666.2402954101562
2025-10-24,16.526716232299805,48.099998474121094,33.15462875366211,43.06877136230469,126.39897918701172,32.8570671081543,671.6851806640625
2025-10-27,16.576194763183594,48.90999984741211,32.768760681152344,43.171470642089844,126.2907485961914,32.788387298583984,679.6094970703125
2025-10-28,16.71474266052246,48.45000076293945,32.244384765625,42.721561431884766,123.8111801147461,32.97480010986328,681.41455078125
2025-10-29,17.14027976989746,48.599998474121094,32.7984504699707,43.039432525634766,124.3326644897461,33.02385330200195,681.7418823242188
2025-10-30,16.853290557861328,47.72999954223633,32.01682662963867,42.785133361816406,123.84069061279297,33.08272171020508,674.2439575195312
2025-10-31,17.1204891204834,49.119998931884766,33.15462875366211,43.098114013671875,124.78528594970703,32.915931701660156,676.4556274414062
2025-11-03,17.417375564575195,49.13999938964844,32.52141571044922,43.103004455566406,125.61180877685547,33.4064826965332,677.7251586914062
2025-11-04,16.991838455200195,47.93000030517578,30.839445114135742,42.638427734375,123.9095687866211,33.52421188354492,669.6917114257812
2025-11-05,17.912189483642578,51.279998779296875,32.60056686401367,42.75090408325195,122.73865509033203,33.33780288696289,672.0125122070312
2025-11-06,17.585613250732422,50.2400016784668,31.156049728393555,43.16657638549805,124.80496215820312,33.0630989074707,664.8021850585938
2025-11-07,17.47675323486328,50.38999938964844,31.561702728271484,43.78764343261719,127.40261840820312,33.00423049926758,665.4567260742188
2025-11-10,17.823122024536133,52.86000061035156,32.89738464355469,44.18375778198242,129.30165100097656,33.04347610473633,675.8407592773438
2025-11-11,17.575716018676758,51.849998474121094,32.34332275390625,44.76081085205078,131.97801208496094,33.1710205078125,677.3878784179688
2025-11-12,17.47675323486328,50.56999969482422,31.551807403564453,44.134857177734375,129.931396484375,33.48497009277344,677.7647705078125
2025-11-13,16.6949520111084,48.47999954223633,29.859941482543945,44.24733352661133,129.803466796875,33.0630989074707,666.5179443359375
2025-11-14,16.843393325805664,49.5099983215332,30.19633674621582,45.00043487548828,131.85992431640625,33.13177490234375,666.408935546875
2025-11-17,16.625675201416016,48.7599983215332,29.474079132080078,44.178871154785156,129.33116149902344,32.81782150268555,660.2002563476562
2025-11-18,16.427753448486328,48.220001220703125,29.58291244506836,44.530967712402344,131.34828186035156,33.23969650268555,654.65625
2025-11-19,16.388166427612305,47.619998931884766,29.523550033569336,43.95391082763672,129.76409912109375,33.014041900634766,657.185302734375
2025-11-20,15.913148880004883,45.65999984741211,27.989986419677734,43.455108642578125,126.49736785888672,33.190643310546875,647.1683349609375
2025-11-21,15.903252601623535,45.939998626708984,28.415424346923828,43.72896194458008,127.65845489501953,33.13177490234375,653.6148681640625
2025-11-24,16.120969772338867,46.459999084472656,29.16736602783203,43.60670471191406,128.73095703125,33.269126892089844,663.2351684570312
2025-11-25,16.259517669677734,47.08000183105469,29.761003494262695,43.332847595214844,128.13075256347656,33.700809478759766,669.4734497070312
2025-11-26,16.625675201416016,47.900001525878906,30.641563415527344,43.66049575805664,129.56732177734375,33.514404296875,674.09521484375
2025-11-28,16.813705444335938,48.90999984741211,31.314353942871094,44.23265838623047,131.86978149414062,33.57326889038086,677.7747192382812
2025-12-01,16.378271102905273,47.63999938964844,30.572307586669922,44.658119201660156,132.91278076171875,33.79892349243164,674.6803588867188
2025-12-02,16.546506881713867,47.630001068115234,30.730609893798828,44.081058502197266,130.91534423828125,33.56345748901367,675.9300537109375
2025-12-03,16.467336654663086,47.380001068115234,30.6910343170166,44.90752029418945,134.290283203125,33.5438346862793,678.2706298828125
2025-12-04,16.793912887573242,48.040000915527344,31.977245330810547,45.09823989868164,134.290283203125,33.90684509277344,678.7665405273438
2025-12-05,16.6949520111084,47.689998626708984,31.76947593688965,44.91240692138672,134.49693298339844,33.38685989379883,680.0557861328125
2025-12-08,16.526716232299805,47.59000015258789,31.799156188964844,44.423377990722656,131.97801208496094,33.72043228149414,678.0127563476562
2025-12-09,16.50692367553711,47.470001220703125,32.13554763793945,44.69723892211914,132.39126586914062,33.88722229003906,677.4275512695312
2025-12-10,16.566299438476562,48.779998779296875,32.10586929321289,45.16670608520508,133.05052185058594,34.04419708251953,681.92041015625
2025-12-11,16.863187789916992,49.2400016784668,32.8083381652832,44.951534271240234,130.8759765625,34.40916442871094,683.5072021484375
2025-12-12,16.427753448486328,47.84000015258789,31.34403419494629,44.51140594482422,129.6165008544922,34.46607208251953,676.1580810546875
2025-12-15,16.407960891723633,47.56999969482422,30.48326301574707,44.198429107666016,127.79619598388672,34.92718505859375,675.1365356445312
2025-12-16,16.246395111083984,47.790000915527344,30.394216537475586,42.84870910644531,122.95513153076172,34.829078674316406,673.2918701171875
2025-12-17,15.957170486450195,47.25,29.523550033569336,43.79742431640625,125.84795379638672,34.58380126953125,665.8832397460938
2025-12-18,16.136688232421875,48.33000183105469,30.60198974609375,43.16169357299805,123.08304595947266,34.68191146850586,670.9114990234375
2025-12-19,16.395992279052734,48.9900016784668,31.373716354370117,43.16169357299805,123.54550170898438,34.9370002746582,676.9923095703125
2025-12-22,16.605430603027344,51.400001525878906,32.29048156738281,43.608524322509766,124.14019012451172,35.279998779296875,681.2098388671875
2025-12-23,16.495725631713867,50.400001525878906,31.873321533203125,43.89457702636719,125.35928344726562,35.5,684.3233032226562
2025-12-24,16.53561782836914,50.86000061035156,32.00244140625,43.7663459777832,124.80424499511719,35.5,686.7305297851562
2025-12-26,16.575511932373047,50.83000183105469,31.843524932861328,43.59865951538086,123.85275268554688,35.150001525878906,686.660888671875
2025-12-29,16.475778579711914,50.130001068115234,31.138317108154297,44.01294708251953,125.33946228027344,34.970001220703125,684.2138671875
2025-12-30,16.40596580505371,49.529998779296875,30.860206604003906,44.34832000732422,126.30086517333984,35.34000015258789,683.3782958984375
2025-12-31,16.38602066040039,49.119998931884766,30.333786010742188,44.101722717285156,125.1412353515625,35.400001525878906,678.3152465820312
2026-01-02,17.05422592163086,51.599998474121094,32.14149856567383,45.02893829345703,127.81731414794922,35.75,679.55859375
2026-01-05,17.084144592285156,51.119998931884766,32.95595932006836,46.2520637512207,126.37024688720703,35.619998931884766,684.0845947265625
2026-01-06,17.153959274291992,51.5099983215332,33.39299011230469,45.019065856933594,124.42761993408203,35.84000015258789,688.1529541015625
2026-01-07,16.934547424316406,50.470001220703125,32.91623306274414,44.51601028442383,122.86161804199219,35.880001068115234,685.9347534179688
2026-01-08,17.074172973632812,50.400001525878906,33.00562286376953,45.91668701171875,127.3217544555664,35.560001373291016,685.8651123046875
2026-01-09,17.273635864257812,50.29999923706055,33.1943359375,46.03505325317383,126.28105163574219,35.54999923706055,690.4010009765625
2026-01-12,17.51299476623535,52.13999938964844,34.296844482421875,45.70954895019531,126.4098892211914,35.93000030517578,691.4852294921875
2026-01-13,17.503021240234375,52.189998626708984,34.5451545715332,46.36056900024414,128.60031127929688,35.81999969482422,690.1026000976562
2026-01-14,17.31352996826172,51.4900016784668,34.714012145996094,47.40614700317383,130.77090454101562,36.43000030517578,686.7105712890625
2026-01-15,17.4631290435791,51.970001220703125,34.63454818725586,46.9622688293457,129.1256103515625,36.189998626708984,688.5806884765625
2026-01-16,17.652620315551758,51.880001068115234,35.07157897949219,47.04117965698242,129.13551330566406,36.029998779296875,688.0037231445312
2026-01-20,17.483076095581055,51.4900016784668,34.376304626464844,46.9524040222168,128.61021423339844,34.029998779296875,673.9981689453125
2026-01-21,17.69251251220703,52.25,34.88285827636719,48.08675765991211,133.4370880126953,34.65999984741211,681.77685546875
2026-01-22,18.0615234375,54.02000045776367,35.975433349609375,48.24458312988281,133.33795166015625,34.970001220703125,685.3379516601562
2026-01-23,18.221094131469727,55.22999954223633,35.66752624511719,48.52077102661133,134.0218505859375,35.0,685.5865478515625
2026-01-26,18.151281356811523,55.11000061035156,34.73387145996094,48.55036544799805,133.5956573486328,34.900001525878906,689.068115234375
2026-01-27,18.530263900756836,56.060001373291016,35.55826950073242,48.994239807128906,134.2002410888672,35.279998779296875,691.8134765625
2026-01-28,18.979061126708984,57.36000061035156,35.886043548583984,49.36907196044922,135.88519287109375,34.58000183105469,691.7438354492188
2026-01-29,18.460451126098633,55.75,35.300025939941406,49.82281494140625,137.73861694335938,33.779998779296875,690.3711547851562
2026-01-30,18.101415634155273,53.849998474121094,33.51218032836914,50.355464935302734,138.9973602294922,32.81999969482422,688.3121337890625
2026-02-02,18.18120002746582,53.689998626708984,33.46251678466797,49.36907196044922,134.5570526123047,33.40999984741211,691.73388671875
2026-02-03,18.70978355407715,55.59000015258789,34.49549102783203,50.9670295715332,138.54144287109375,32.88999938964844,685.885009765625
2026-02-04,18.689836502075195,58.099998474121094,33.532039642333984,52.11125183105469,142.5357208251953,33.15999984741211,682.5626831054688
2026-02-05,18.0615234375,55.83000183105469,31.724332809448242,51.49968719482422,140.20655822753906,31.979999542236328,674.0379638671875
2026-02-06,18.560184478759766,57.7400016784668,34.00880813598633,52.52553939819336,145.11268615722656,32.060001373291016,686.96923828125
2026-02-09,18.98903465270996,58.720001220703125,34.58488845825195,52.91023254394531,145.19198608398438,32.83000183105469,690.2816162109375
2026-02-10,18.799541473388672,58.59000015258789,34.20745086669922,52.85104751586914,144.32969665527344,32.09000015258789,688.4613037109375
2026-02-11,18.98903465270996,58.380001068115234,34.2769775390625,54.231998443603516,147.7392120361328,31.899999618530273,688.3021850585938
2026-02-12,18.330799102783203,56.86000061035156,32.69771194458008,53.245601654052734,143.3484649658203,30.329999923706055,677.668701171875
2026-02-13,18.37069320678711,57.91999816894531,33.25393295288086,53.61056900024414,146.57957458496094,29.739999771118164,678.1461181640625
2026-02-17,18.67986297607422,59.869998931884766,33.20427322387695,53.018733978271484,144.11163330078125,29.579999923706055,679.2402954101562
2026-02-18,18.979061126708984,60.43000030517578,33.31352996826172,54.03472137451172,146.7381591796875,30.100000381469727,682.662109375
2026-02-19,18.759647369384766,58.52000045776367,33.333396911621094,54.42927932739258,150.01882934570312,29.850000381469727,680.8616943359375
2026-02-20,18.8593807220459,59.77000045776367,33.1943359375,54.13336181640625,150.514404296875,30.350000381469727,685.7855834960938
2026-02-23,18.9291934967041,60.09000015258789,33.104949951171875,54.399688720703125,148.1654052734375,30.350000381469727,678.7827758789062
2026-02-24,19.13863182067871,60.529998779296875,33.998870849609375,54.350364685058594,148.23477172851562,29.739999771118164,683.7164916992188
2026-02-25,19.038898468017578,59.310001373291016,34.028663635253906,54.123497009277344,147.0751495361328,30.100000381469727,689.4859008789062
2026-02-26,18.620023727416992,57.58000183105469,33.621437072753906,54.301048278808594,148.46273803710938,29.68000030517578,685.6561889648438
2026-02-27,18.171226501464844,55.0,32.191162109375,55.159210205078125,152.35792541503906,29.31999969482422,682.3637084960938
2026-03-02,18.280933380126953,56.36000061035156,32.94602584838867,56.26397705078125,158.14617919921875,29.3700008392334,682.7516479492188
2026-03-03,17.672565460205078,54.470001220703125,31.47602081298828,55.75104904174805,157.5812225341797,29.979999542236328,676.7337036132812
2026-03-04,18.041576385498047,54.869998931884766,32.23088836669922,55.425537109375,159.34544372558594,29.209999084472656,681.50830078125
2026-03-05,17.742380142211914,54.09000015258789,31.386629104614258,55.71159362792969,162.36842346191406,29.190000534057617,677.7084350585938
2026-03-06,17.383342742919922,53.279998779296875,30.651626586914062,55.80036926269531,162.67568969726562,29.049999237060547,668.8256225585938
2026-03-09,17.911922454833984,54.099998474121094,31.585277557373047,55.553768157958984,160.3861541748047,29.280000686645508,674.6845092773438
2026-03-10,18.201147079467773,54.900001525878906,32.3302116394043,54.843563079833984,157.5911407470703,29.6200008392334,673.6002807617188
2026-03-11,18.460451126098633,55.72999954223633,32.8169059753418,56.20478820800781,163.230712890625,29.3700008392334,672.7548217773438
2026-03-12,18.34077262878418,54.75,32.171295166015625,56.727577209472656,165.23281860351562,28.059999465942383,662.5390625
2026-03-13,18.330799102783203,55.380001068115234,31.992507934570312,56.91499328613281,166.40235900878906,28.34000015258789,658.7890014648438
2026-03-16,18.47042465209961,56.75,32.40967559814453,57.11227798461914,165.886962890625,28.34000015258789,665.493408203125
2026-03-17,18.70978355407715,57.7400016784668,32.528865814208984,57.71397399902344,168.5729522705078,27.969999313354492,667.2440185546875
2026-03-18,18.32082748413086,56.58000183105469,31.833589553833008,57.63506317138672,171.82388305664062,27.639999389648438,657.9335327148438
2026-03-19,18.699810028076172,56.95000076293945,32.00244140625,58.55241012573242,173.48899841308594,27.329999923706055,656.3121337890625
2026-03-20,18.011655807495117,55.150001525878906,30.651626586914062,58.503089904785156,175.55056762695312,27.959999084472656,646.9034423828125
2026-03-23,18.131336212158203,54.9900016784668,31.457958221435547,59.203041076660156,174.01708984375,28.68000030517578,653.6959228515625
2026-03-24,18.260986328125,55.43000030517578,32.04456329345703,60.40437698364258,179.36090087890625,29.3799991607666,651.5015869140625
2026-03-25,18.759647369384766,56.9900016784668,32.581459045410156,60.13631057739258,180.73416137695312,29.224000930786133,655.1322021484375
2026-03-26,17.98173713684082,55.22999954223633,31.209396362304688,61.07950973510742,184.41612243652344,29.270000457763672,643.432373046875
2026-03-27,17.80221939086914,54.52000045776367,30.911123275756836,62.112064361572266,187.2621612548828,29.219999313354492,632.4606323242188
2026-03-30,17.4631290435791,52.88999938964844,29.90693473815918,61.516357421875,184.57533264160156,29.299999237060547,630.3460693359375
2026-03-31,18.24104118347168,55.709999084472656,31.398303985595703,60.82136917114258,180.94314575195312,29.690000534057617,648.6688842773438
2026-04-01,18.201147079467773,56.27000045776367,31.398303985595703,58.547767639160156,173.9971923828125,30.170000076293945,653.5562744140625
2026-04-02,18.00168228149414,54.849998474121094,31.577268600463867,58.82576370239258,176.8531951904297,29.420000076293945,654.144775390625
2026-04-06,17.842111587524414,54.15999984741211,31.63692283630371,59.252685546875,178.1866455078125,29.3700008392334,657.23681640625
2026-04-07,17.80221939086914,53.470001220703125,31.000606536865234,59.729248046875,179.4604034423828,29.5,657.5260009765625
2026-04-08,18.47042465209961,55.47999954223633,32.3328971862793,57.63435363769531,170.85260009765625,29.700000762939453,674.27294921875
2026-04-09,18.590103149414062,54.720001220703125,32.39255142211914,56.91950988769531,166.94175720214844,30.309999465942383,678.162841796875
2026-04-10,18.869354248046875,55.22999954223633,32.72064971923828,56.53230285644531,167.63836669921875,30.059999465942383,677.7140502929688
2026-04-13,18.919219970703125,54.900001525878906,33.2376594543457,56.70108413696289,167.8672332763672,30.190000534057617,684.3369750976562
2026-04-14,19.67718505859375,55.22999954223633,34.182193756103516,55.54939270019531,162.62294006347656,30.8439998626709,692.675537109375
2026-04-15,19.47772216796875,55.31999969482422,34.73897171020508,55.360748291015625,163.45883178710938,30.83099937438965,698.1414184570312
2026-04-16,19.298202514648438,54.4900016784668,35.18638229370117,56.17488098144531,167.00148010253906,30.996000289916992,699.8569946289062
2026-04-17,19.348068237304688,55.130001068115234,35.594024658203125,54.62604904174805,158.9111328125,31.440000534057617,708.3152465820312
2026-04-20,19.59739875793457,55.54999923706055,36.22039794921875,54.675689697265625,160.32420349121094,31.31999969482422,706.8988037109375
2026-04-21,19.348068237304688,54.68000030517578,35.96189498901367,55.46996307373047,164.1952362060547,31.040000915527344,702.2708129882812
2026-04-22,19.796865463256836,57.029998779296875,37.3836669921875,56.13516616821289,167.4393310546875,30.75,709.3825073242188
2026-04-23,20.086088180541992,58.599998474121094,37.02574157714844,56.57201385498047,168.7329864501953,30.860000610351562,706.6295776367188
2026-04-24,19.93648910522461,58.31999969482422,36.91637420654297,56.46280288696289,167.23036193847656,31.200000762939453,712.10546875
2026-04-27,20.1259822845459,58.689998626708984,37.145050048828125,56.363521575927734,168.65338134765625,31.530000686645508,713.332275390625
2026-04-28,19.78689193725586,57.619998931884766,36.05137634277344,57.29678726196289,170.8127899169922,31.459999084472656,709.8612060546875
2026-04-29,20.27557945251465,56.119998931884766,36.31982421875,58.607337951660156,176.8531951904297,30.809999465942383,709.7515258789062
2026-04-30,20.71440315246582,58.40999984741211,38.01004409790039,59.222900390625,177.34080505371094,31.520000457763672,716.8132934570312
2026-05-01,20.8939208984375,59.27000045776367,38.47734069824219,58.42862319946289,175.8083038330078,31.610000610351562,718.7982177734375
2026-05-04,20.704429626464844,58.380001068115234,38.1591796875,58.964759826660156,180.12713623046875,31.8700008392334,716.1649780273438
2026-05-05,21.23301124572754,60.709999084472656,39.382102966308594,59.024330139160156,179.7091827392578,32.22999954223633,721.9102172851562
2026-05-06,21.262929916381836,60.470001220703125,39.84939956665039,56.59187316894531,168.50411987304688,32.0099983215332,731.9443359375
2026-05-07,20.65456199645996,59.7599983215332,39.14348220825195,55.54939270019531,165.25006103515625,31.540000915527344,729.7001342773438
2026-05-08,21.103357315063477,61.939998626708984,40.21726989746094,55.30118179321289,164.35446166992188,31.260000228881836,735.724609375
2026-05-11,21.671831130981445,63.04999923706055,41.708641052246094,56.76065444946289,167.83738708496094,32.13999938964844,737.4002685546875
2026-05-12,21.322769165039062,61.650001525878906,40.84364700317383,57.15779113769531,168.91212463378906,31.760000228881836,736.2831420898438
2026-05-13,21.821430206298828,63.810001373291016,41.778236389160156,57.21736145019531,167.51893615722656,31.68000030517578,740.4025268554688
2026-05-14,22.07076072692871,64.94999694824219,41.639041900634766,57.654212951660156,168.3946533203125,31.979999542236328,746.2474975585938
2026-05-15,21.731672286987305,64.95999908447266,41.102149963378906,59.014400482177734,173.28070068359375,32.042999267578125,737.2706298828125
2026-05-18,21.272903442382812,62.61000061035156,38.9545783996582,60.146240234375,175.35055541992188,31.950000762939453,736.751953125
2026-05-19,20.933813095092773,60.970001220703125,37.76148223876953,60.851158142089844,177.6890869140625,31.753000259399414,731.8446044921875
2026-05-20,21.46239471435547,62.91999816894531,39.32244873046875,59.371822357177734,173.87777709960938,32.0,739.3452758789062
2026-05-21,22.120628356933594,64.86000061035156,41.320884704589844,58.70662307739258,169.8176727294922,31.8700008392334,740.8114624023438
2026-05-22,22.350011825561523,65.94999694824219,42.76253890991211,59.06404495239258,171.111328125,32.28300094604492,743.7239990234375
2026-05-26,22.868619918823242,68.95999908447266,44.40304946899414,57.43578338623047,165.2898712158203,32.9900016784668,748.6613159179688
2026-05-27,23.088029861450195,70.51000213623047,44.76097869873047,56.581947326660156,162.563232421875,33.21900177001953,748.5316162109375
2026-05-28,23.33736228942871,71.93000030517578,45.61602783203125,56.542232513427734,164.15542602539062,33.75,752.6609497070312
2026-05-29,23.506906509399414,73.93000030517578,45.06919479370117,55.886959075927734,163.19015502929688,33.599998474121094,754.5361328125
2026-06-01,22.97832679748535,71.12999725341797,45.07913589477539,56.88972473144531,167.0512237548828,33.439998626708984,756.5908203125
2026-06-02,23.686424255371094,72.2699966430664,46.719642639160156,57.54499816894531,168.02645874023438,33.34000015258789,757.6182250976562
2026-06-03,23.0281925201416,70.29000091552734,45.08907699584961,58.28962707519531,170.2953338623047,33.29600143432617,752.3018798828125
2026-06-04,23.038166046142578,70.44000244140625,45.45695114135742,58.329341888427734,170.1858673095703,33.08000183105469,755.1445922851562
2026-06-05,21.262929916381836,64.05000305175781,40.545372009277344,57.25707244873047,165.18040466308594,32.5099983215332,735.65478515625
2026-06-08,20.94378662109375,63.58000183105469,40.69450759887695,57.912349700927734,167.56869506835938,32.52000045776367,737.3204345703125
2026-06-09,20.57477569580078,61.83000183105469,39.024173736572266,56.97908020019531,163.24986267089844,32.39500045776367,735.1560668945312
2026-06-10,19.806838989257812,59.15999984741211,37.433380126953125,57.832923889160156,167.170654296875,32.72999954223633,723.56591796875
2026-06-11,20.68448257446289,62.29999923706055,39.48152542114258,56.71101379394531,162.6129913330078,32.56999969482422,735.8642578125
2026-06-12,20.86400032043457,63.029998779296875,39.91899871826172,57.137935638427734,164.5335693359375,32.5,739.843994140625
2026-06-15,21.030000686645508,62.70000076293945,40.60502624511719,55.15225601196289,157.58761596679688,33.400001525878906,752.890380859375
2026-06-16,20.81999969482422,60.58000183105469,39.78974533081055,54.96361541748047,156.40341186523438,33.58000183105469,748.4019775390625
2026-06-17,20.479999542236328,58.45000076293945,39.74997329711914,54.2785530090332,154.99034118652344,33.290000915527344,739.0560302734375
2026-06-18,21.100000381469727,60.58000183105469,41.30099868774414,53.38500213623047,152.61199951171875,33.380001068115234,746.739990234375
2026-06-22,21.6299991607666,61.11000061035156,41.220001220703125,54.060001373291016,154.89999389648438,33.869998931884766,744.3900146484375
2026-06-23,20.670000076293945,58.560001373291016,38.91999816894531,54.459999084472656,155.0399932861328,33.290000915527344,733.5800170898438
2026-06-24,20.479999542236328,58.15999984741211,37.779998779296875,53.56999969482422,153.02999877929688,33.4900016784668,733.239990234375
2026-06-25,20.290000915527344,57.869998931884766,37.470001220703125,54.09000015258789,154.74000549316406,33.459999084472656,734.2999877929688
2026-06-26,19.5,56.849998474121094,36.849998474121094,53.84000015258789,154.67999267578125,33.08000183105469,728.989990234375
2026-06-29,19.8799991607666,57.599998474121094,38.099998474121094,53.58000183105469,155.3699951171875,33.11000061035156,741.0
2026-06-30,20.489999771118164,59.150001525878906,39.0099983215332,53.11000061035156,154.25999450683594,33.15999984741211,746.77001953125
2026-07-01,20.18000030517578,57.79999923706055,38.119998931884766,52.810001373291016,153.75,33.04999923706055,745.760009765625
2026-07-02,19.670000076293945,56.31999969482422,36.58000183105469,53.220001220703125,154.63999938964844,33.15999984741211,744.780029296875
2026-07-06,20.1200008392334,57.540000915527344,37.52000045776367,53.130001068115234,153.9600067138672,33.84000015258789,751.280029296875
2026-07-07,19.329999923706055,54.810001373291016,35.29999923706055,54.63999938964844,157.36000061035156,33.630001068115234,747.7100219726562
2026-07-08,19.049999237060547,54.13999938964844,35.130001068115234,55.599998474121094,161.99000549316406,33.439998626708984,745.4000244140625
2026-07-09,19.329999923706055,54.95000076293945,35.68000030517578,54.81999969482422,159.4600067138672,33.22999954223633,751.7100219726562
2026-07-10,19.25,54.959999084472656,35.220001220703125,55.08000183105469,158.57000732421875,33.36899948120117,754.9500122070312
2026-07-13,18.6299991607666,53.119998931884766,34.0,56.7400016784668,165.19000244140625,33.619998931884766,749.1699829101562
2026-07-14,19.06999969482422,55.130001068115234,34.97999954223633,56.95000076293945,165.85000610351562,33.84000015258789,751.8300170898438
2026-07-15,19.079999923706055,55.79999923706055,34.91999816894531,56.5,164.86000061035156,33.72999954223633,754.8099975585938
2026-07-16,18.350000381469727,54.18000030517578,33.43000030517578,57.02000045776367,166.44000244140625,33.040000915527344,750.719970703125
2026-07-17,18.3700008392334,53.900001525878906,33.38999938964844,57.68000030517578,170.17999267578125,33.150001525878906,743.2899780273438
2026-07-20,18.139999389648438,52.689998626708984,33.209999084472656,57.939998626708984,170.0399932861328,34.25,742.0900268554688
2026-07-21,18.520000457763672,53.7400016784668,34.2400016784668,58.5,173.8300018310547,34.08000183105469,748.280029296875
2026-07-22,18.540000915527344,53.720001220703125,33.83000183105469,59.20000076293945,176.58999633789062,35.18000030517578,747.4099731445312
2026-07-23,18.3700008392334,52.849998474121094,33.220001220703125,59.380001068115234,175.66000366210938,34.16999816894531,738.1799926757812
2026-07-24,17.780000686645508,51.279998779296875,31.65999984741211,59.619998931884766,174.0500030517578,33.900001525878906,738.9299926757812
2026-07-27,17.809999465942383,51.560001373291016,32.2400016784668,58.36000061035156,169.0800018310547,33.7400016784668,739.0900268554688
2026-07-28,17.200000762939453,49.099998474121094,31.100000381469727,57.56999969482422,166.3699951171875,33.47999954223633,740.8599853515625
2026-07-29,16.8700008392334,47.68000030517578,29.860000610351562,58.650001525878906,172.0399932861328,33.439998626708984,729.4600219726562
2026-07-30,17.670000076293945,49.84000015258789,32.060001373291016,58.959999084472656,174.8699951171875,33.66999816894531,741.6900024414062
2026-07-31,17.549999237060547,49.33000183105469,32.11000061035156,59.54999923706055,177.39999389648438,33.75,747.030029296875
2026-08-03,17.989999771118164,51.2400016784668,32.97999954223633,58.790000915527344,174.27999877929688,33.65999984741211,757.6699829101562
2026-08-04,18.440000534057617,53.369998931884766,34.63999938964844,58.52000045776367,171.9499969482422,33.88999938964844,771.3300170898438
2026-08-05,18.100000381469727,51.27000045776367,33.58000183105469,57.310001373291016,165.19000244140625,33.9900016784668,769.7899780273438
2026-08-06,18.1200008392334,51.25,33.63999938964844,58.15999984741211,167.0500030517578,34.099998474121094,768.5599975585938
2026-08-07,18.299999237060547,52.75,34.810001373291016,57.5,166.39999389648438,34.52000045776367,773.260009765625
2026-08-10,18.094999313354492,51.9900016784668,34.70000076293945,60.01499938964844,175.7899932861328,34.29999923706055,772.760009765625
